CNPJ_CIA,NOME_CIA,ANO,SETOR,ORIGEM,DT_REFER,altman_z_pp,zona_altman,X1,X2,X3,X4,comp_ok
02.429.144/0001-93,CPFL Energia,2015,Energia,ITR,2015-03-31 03:00:00,2.157997047572793,Cinza,0.08256572647125339,0.2601354552478259,0.07368780800643471,0.2601354552478259,4
02.429.144/0001-93,CPFL Energia,2015,Energia,ITR,2015-06-30 03:00:00,2.4650398069246666,Cinza,0.07683931633445355,0.25721897976033353,0.12683929895887114,0.25721897976033353,4
02.429.144/0001-93,CPFL Energia,2015,Energia,ITR,2015-09-30 03:00:00,2.6853772319872817,Segura,0.05769410735637477,0.2517971233081069,0.18179438783802424,0.2517971233081069,4
02.429.144/0001-93,CPFL Energia,2015,Energia,DFP,2015-12-31 02:00:00,3.253625884984905,Segura,0.07361453487501415,0.24992648486691077,0.25201359917089683,0.24992648486691077,4
02.429.144/0001-93,CPFL Energia,2016,Energia,ITR,2016-03-31 03:00:00,2.327878365267557,Cinza,0.10389651219505923,0.2718210545591906,0.07065007442230015,0.2718210545591906,4
02.429.144/0001-93,CPFL Energia,2016,Energia,ITR,2016-06-30 03:00:00,2.7932862901451414,Segura,0.10434560166348382,0.268350545611919,0.1416946862567435,0.268350545611919,4
02.429.144/0001-93,CPFL Energia,2016,Energia,ITR,2016-09-30 03:00:00,3.267776049770694,Segura,0.08540184632791127,0.27837331860629677,0.2243676986110799,0.27837331860629677,4
02.429.144/0001-93,CPFL Energia,2016,Energia,DFP,2016-12-31 02:00:00,3.257203460615771,Segura,0.055979095772752986,0.2459668959174591,0.2723010819854558,0.2459668959174591,4
02.429.144/0001-93,CPFL Energia,2017,Energia,ITR,2017-03-31 03:00:00,1.679771105007236,Cinza,0.009636127621361321,0.2538373851405927,0.07775580027606419,0.2538373851405927,4
02.429.144/0001-93,CPFL Energia,2017,Energia,ITR,2017-06-30 03:00:00,1.9034464612317308,Cinza,-0.026036333977360947,0.25729649127346066,0.1436453771926493,0.25729649127346066,4
02.429.144/0001-93,CPFL Energia,2017,Energia,ITR,2017-09-30 03:00:00,2.3238630357555556,Cinza,-0.048085613934442446,0.26547109253436846,0.22248872832475744,0.26547109253436846,4
02.429.144/0001-93,CPFL Energia,2017,Energia,DFP,2017-12-31 02:00:00,2.9591601952885496,Segura,-0.04354043629480401,0.27096790071398064,0.3090645543608939,0.27096790071398064,4
02.429.144/0001-93,CPFL Energia,2018,Energia,ITR,2018-03-31 03:00:00,1.628936956265673,Cinza,-0.020933573454965982,0.2803071070725492,0.08305618551303019,0.2803071070725492,4
02.429.144/0001-93,CPFL Energia,2018,Energia,ITR,2018-06-30 03:00:00,2.3064090383557208,Cinza,-0.0010028471585357814,0.28629216042389694,0.1605756702810595,0.28629216042389694,4
02.429.144/0001-93,CPFL Energia,2018,Energia,ITR,2018-09-30 03:00:00,2.9710968587922593,Segura,0.02559842065784124,0.28149627317709625,0.23659557766124042,0.28149627317709625,4
02.429.144/0001-93,CPFL Energia,2018,Energia,DFP,2018-12-31 02:00:00,3.680005382652559,Segura,0.023386596031937247,0.2968947820654688,0.33437095267572625,0.2968947820654688,4
02.429.144/0001-93,CPFL Energia,2019,Energia,ITR,2019-03-31 03:00:00,2.072074307117271,Cinza,0.029783047964262926,0.2981095261913391,0.08807224026592775,0.2981095261913391,4
02.429.144/0001-93,CPFL Energia,2019,Energia,ITR,2019-06-30 03:00:00,3.376991606122316,Segura,0.10956204978340818,0.36475213551168256,0.16163435349520935,0.36475213551168256,4
02.429.144/0001-93,CPFL Energia,2019,Energia,ITR,2019-09-30 03:00:00,3.2820624613537603,Segura,0.021467213546224974,0.3123100629703586,0.26714005492385107,0.3123100629703586,4
02.429.144/0001-93,CPFL Energia,2019,Energia,DFP,2019-12-31 03:00:00,3.849539279118635,Segura,0.006232591629625948,0.3013555447802845,0.37348379167042606,0.3013555447802845,4
02.429.144/0001-93,CPFL Energia,2020,Energia,ITR,2020-03-31 03:00:00,2.4046856213028716,Cinza,0.07362085731273033,0.3017918602696131,0.09241218445972152,0.3017918602696131,4
02.429.144/0001-93,CPFL Energia,2020,Energia,ITR,2020-06-30 03:00:00,2.680002372832828,Segura,0.06463344347816609,0.29315056450844196,0.1476976265751003,0.29315056450844196,4
02.429.144/0001-93,CPFL Energia,2020,Energia,ITR,2020-09-30 03:00:00,3.2946986738144663,Segura,0.0580731094428281,0.29247127958338287,0.24601009834302587,0.29247127958338287,4
02.429.144/0001-93,CPFL Energia,2020,Energia,DFP,2020-12-31 03:00:00,3.5461400824373217,Segura,-0.012099077595719574,0.28989373465439183,0.3535815528429782,0.28989373465439183,4
02.429.144/0001-93,CPFL Energia,2021,Energia,ITR,2021-03-31 03:00:00,1.8500964991084714,Cinza,-0.003177813269908435,0.29151307869650156,0.09144666443112337,0.29151307869650156,4
02.429.144/0001-93,CPFL Energia,2021,Energia,ITR,2021-06-30 03:00:00,2.25843070898149,Cinza,-0.01828666014779711,0.27401756474703853,0.17818087730525345,0.27401756474703853,4
02.429.144/0001-93,CPFL Energia,2021,Energia,ITR,2021-09-30 03:00:00,3.0509450257327178,Segura,0.03117614886048699,0.24433247245306716,0.2668685316867863,0.24433247245306716,4
02.429.144/0001-93,CPFL Energia,2021,Energia,DFP,2021-12-31 03:00:00,3.674084873356844,Segura,0.03990913292368749,0.25417285252704186,0.3447613046109976,0.25417285252704186,4
02.429.144/0001-93,CPFL Energia,2022,Energia,ITR,2022-03-31 03:00:00,2.1477319168392928,Cinza,0.0519471435666016,0.2687870140685972,0.09650098577481139,0.2687870140685972,4
02.429.144/0001-93,CPFL Energia,2022,Energia,ITR,2022-06-30 03:00:00,2.1999055921200372,Cinza,-0.013664807345451101,0.21696413364051167,0.2015522786183915,0.21696413364051167,4
02.429.144/0001-93,CPFL Energia,2022,Energia,ITR,2022-09-30 03:00:00,3.077446194828578,Segura,-0.01589995588674373,0.23844798496730782,0.32054153128519647,0.23844798496730782,4
02.429.144/0001-93,CPFL Energia,2022,Energia,DFP,2022-12-31 03:00:00,4.001389769536287,Segura,0.004228834473679583,0.24653422582756174,0.4331973366178806,0.24653422582756174,4
02.429.144/0001-93,CPFL Energia,2023,Energia,ITR,2023-03-31 03:00:00,2.087567684262668,Cinza,0.026238752379011878,0.26474196695486507,0.11523862962513122,0.26474196695486507,4
02.429.144/0001-93,CPFL Energia,2023,Energia,ITR,2023-06-30 03:00:00,2.461995966896466,Cinza,-0.021957719788185663,0.26305897026313246,0.2190854831656046,0.26305897026313246,4
02.429.144/0001-93,CPFL Energia,2023,Energia,ITR,2023-09-30 03:00:00,3.069691166818211,Segura,-0.04155395609809014,0.2637820189113972,0.3281822347192798,0.2637820189113972,4
02.429.144/0001-93,CPFL Energia,2023,Energia,DFP,2023-12-31 03:00:00,3.926343956862277,Segura,-0.022818820879108727,0.266752376881867,0.43546617224231904,0.266752376881867,4
02.429.144/0001-93,CPFL Energia,2024,Energia,ITR,2024-03-31 03:00:00,1.9432794143492007,Cinza,-0.02056936295299712,0.2867152862761075,0.12536779039744622,0.2867152862761075,4
02.429.144/0001-93,CPFL Energia,2024,Energia,ITR,2024-06-30 03:00:00,2.679812773892126,Segura,-0.0017154242577937483,0.2721999161489827,0.22587564262219315,0.2721999161489827,4
02.429.144/0001-93,CPFL Energia,2024,Energia,ITR,2024-09-30 03:00:00,3.544096987513464,Segura,0.02133429645363411,0.2841400381542114,0.3243304223709782,0.2841400381542114,4
02.429.144/0001-93,CPFL Energia,2024,Energia,DFP,2024-12-31 03:00:00,4.0268868118341805,Segura,-0.010618378820346547,0.2825782024897084,0.42836775657217424,0.2825782024897084,4
02.429.144/0001-93,CPFL Energia,2025,Energia,ITR,2025-03-31 03:00:00,2.0266071608173473,Cinza,-0.0031640560830281084,0.2969121352595162,0.11423691454665134,0.2969121352595162,4
02.429.144/0001-93,CPFL Energia,2025,Energia,ITR,2025-06-30 03:00:00,2.410592186626053,Cinza,-0.028608182110051915,0.28316705418999716,0.20503152644480743,0.28316705418999716,4
02.429.144/0001-93,CPFL Energia,2025,Energia,ITR,2025-09-30 03:00:00,3.2423164764394277,Segura,0.0012333691380595855,0.2873120847700798,0.29701048951409426,0.2873120847700798,4
02.429.144/0001-93,CPFL Energia,2025,Energia,DFP,2025-12-31 03:00:00,3.920474250840907,Segura,-0.015532072592417774,0.28982156951306864,0.4126835836972979,0.28982156951306864,4
02.429.144/0001-93,CPFL Energia,2026,Energia,ITR,2026-03-31 03:00:00,2.2408702897202053,Cinza,0.02982015167610757,0.30223660156442356,0.11050749136640987,0.30223660156442356,4
02.474.103/0001-19,Engie Brasil,2015,Energia,ITR,2015-03-31 03:00:00,3.6088008739146953,Segura,0.11374551275144187,0.4334551672120363,0.1479819255329405,0.4334551672120363,4
02.474.103/0001-19,Engie Brasil,2015,Energia,ITR,2015-06-30 03:00:00,4.247537220978437,Segura,0.11130569878784399,0.4306624873229576,0.24720483877503469,0.4306624873229576,4
02.474.103/0001-19,Engie Brasil,2015,Energia,ITR,2015-09-30 03:00:00,5.19741201634385,Segura,0.1260061931318435,0.43256267609146387,0.3729860499173731,0.43256267609146387,4
02.474.103/0001-19,Engie Brasil,2015,Energia,DFP,2015-12-31 02:00:00,5.966578699904245,Segura,0.09505732198838573,0.4341074408949201,0.5166666067564479,0.4341074408949201,4
02.474.103/0001-19,Engie Brasil,2016,Energia,ITR,2016-03-31 03:00:00,3.6182791972314843,Segura,0.11012009192038705,0.4610359588224812,0.13524202555191242,0.4610359588224812,4
02.474.103/0001-19,Engie Brasil,2016,Energia,ITR,2016-06-30 03:00:00,4.540404320442944,Segura,0.10569440769085356,0.47238659899362173,0.26950338754887426,0.47238659899362173,4
02.474.103/0001-19,Engie Brasil,2016,Energia,ITR,2016-09-30 03:00:00,5.0909395442412535,Segura,0.10715855686959548,0.42168025677263166,0.3825204619771823,0.42168025677263166,4
02.474.103/0001-19,Engie Brasil,2016,Energia,DFP,2016-12-31 02:00:00,6.4129788309610785,Segura,0.10778989646865526,0.45870566851952654,0.5548892379177889,0.45870566851952654,4
02.474.103/0001-19,Engie Brasil,2017,Energia,ITR,2017-03-31 03:00:00,3.9251483713771895,Segura,0.13141047438554915,0.4772024850202612,0.1497549031206341,0.4772024850202612,4
02.474.103/0001-19,Engie Brasil,2017,Energia,ITR,2017-06-30 03:00:00,4.680401104150596,Segura,0.09593217943101992,0.48276541781755483,0.29320938337640534,0.48276541781755483,4
02.474.103/0001-19,Engie Brasil,2017,Energia,ITR,2017-09-30 03:00:00,4.780931380423314,Segura,0.03820737116218624,0.4303649481727978,0.39812769329979375,0.4303649481727978,4
02.474.103/0001-19,Engie Brasil,2017,Energia,DFP,2017-12-31 02:00:00,3.8397196025063325,Segura,-0.09917421931855527,0.3492715568117005,0.44418780824071813,0.3492715568117005,4
02.474.103/0001-19,Engie Brasil,2018,Energia,ITR,2018-03-31 03:00:00,2.0145651411023224,Cinza,-0.08529519352943249,0.3867217396259102,0.13501948108150696,0.3867217396259102,4
02.474.103/0001-19,Engie Brasil,2018,Energia,ITR,2018-06-30 03:00:00,3.7399229610004805,Segura,0.05111029311730387,0.36024892190920943,0.27559026558367183,0.36024892190920943,4
02.474.103/0001-19,Engie Brasil,2018,Energia,ITR,2018-09-30 03:00:00,3.9676724473995586,Segura,0.0511519304039189,0.2911017198121615,0.3537897874344397,0.2911017198121615,4
02.474.103/0001-19,Engie Brasil,2018,Energia,DFP,2018-12-31 02:00:00,4.277044254008071,Segura,0.01628005592456377,0.2662916313908107,0.4497812731917468,0.2662916313908107,4
02.474.103/0001-19,Engie Brasil,2019,Energia,ITR,2019-03-31 03:00:00,2.2712169340172323,Cinza,0.02193974223935166,0.29405495716639335,0.12796359516963243,0.29405495716639335,4
02.474.103/0001-19,Engie Brasil,2019,Energia,ITR,2019-06-30 03:00:00,2.5528300092775225,Cinza,0.009063506881811395,0.26089013814026374,0.20371084951611654,0.26089013814026374,4
02.474.103/0001-19,Engie Brasil,2019,Energia,ITR,2019-09-30 03:00:00,3.7062609698194073,Segura,0.042005078638843944,0.2713250564304155,0.33650247927581856,0.2713250564304155,4
02.474.103/0001-19,Engie Brasil,2019,Energia,DFP,2019-12-31 03:00:00,3.9743322848494893,Segura,0.02541935648289208,0.23224442550927676,0.41764997505606166,0.23224442550927676,4
02.474.103/0001-19,Engie Brasil,2020,Energia,ITR,2020-03-31 03:00:00,1.921194799561441,Cinza,0.04585922863380141,0.21489536134012086,0.10329750778984864,0.21489536134012086,4
02.474.103/0001-19,Engie Brasil,2020,Energia,ITR,2020-06-30 03:00:00,2.9355767536933364,Segura,0.08039736151743686,0.23093813886810494,0.21024206601449677,0.23093813886810494,4
02.474.103/0001-19,Engie Brasil,2020,Energia,ITR,2020-09-30 03:00:00,3.5185046859925375,Segura,0.09462061069221588,0.20782654684675586,0.2979257534140005,0.20782654684675586,4
02.474.103/0001-19,Engie Brasil,2020,Energia,DFP,2020-12-31 03:00:00,4.474795012983481,Segura,0.06685484056157394,0.22002908636351337,0.45950921081440677,0.22002908636351337,4
02.474.103/0001-19,Engie Brasil,2021,Energia,ITR,2021-03-31 03:00:00,2.354333296306328,Cinza,0.08969455336276906,0.2251599113065949,0.11837765007665758,0.2251599113065949,4
02.474.103/0001-19,Engie Brasil,2021,Energia,ITR,2021-06-30 03:00:00,2.8567035204075952,Segura,0.07956265448508927,0.21596683388543486,0.2089219424016645,0.21596683388543486,4
02.474.103/0001-19,Engie Brasil,2021,Energia,ITR,2021-09-30 03:00:00,3.4355159856956092,Segura,0.06951925793643784,0.2030414929591056,0.3131489313956595,0.2030414929591056,4
02.474.103/0001-19,Engie Brasil,2021,Energia,DFP,2021-12-31 03:00:00,4.324431985328889,Segura,0.07195914547079978,0.208118748889074,0.43978990823341285,0.208118748889074,4
02.474.103/0001-19,Engie Brasil,2022,Energia,ITR,2022-03-31 03:00:00,2.1288933901616414,Cinza,0.056974720253510504,0.21116501937223103,0.1257467249708775,0.21116501937223103,4
02.474.103/0001-19,Engie Brasil,2022,Energia,ITR,2022-06-30 03:00:00,2.831309776655543,Segura,0.05614025179670196,0.19984754033676264,0.23834625387168626,0.19984754033676264,4
02.474.103/0001-19,Engie Brasil,2022,Energia,ITR,2022-09-30 03:00:00,3.4035561662342753,Segura,0.04868081150174267,0.20280654406716564,0.3288859877757976,0.20280654406716564,4
02.474.103/0001-19,Engie Brasil,2022,Energia,DFP,2022-12-31 03:00:00,4.351765965536948,Segura,0.03897448518271467,0.22102356335516568,0.4677800274817821,0.22102356335516568,4
02.474.103/0001-19,Engie Brasil,2023,Energia,ITR,2023-03-31 03:00:00,2.1051379942116806,Cinza,0.0329723113825372,0.23350738689264466,0.13131291577900867,0.23350738689264466,4
02.474.103/0001-19,Engie Brasil,2023,Energia,ITR,2023-06-30 03:00:00,3.244918814418075,Segura,0.04222056489534973,0.2309278934818556,0.29354950711276534,0.2309278934818556,4
02.474.103/0001-19,Engie Brasil,2023,Energia,ITR,2023-09-30 03:00:00,3.8687345989650432,Segura,0.013121804659144901,0.23839828926786313,0.4099938889369885,0.23839828926786313,4
02.474.103/0001-19,Engie Brasil,2023,Energia,DFP,2023-12-31 03:00:00,4.743259038330685,Segura,0.06630718635612101,0.23247679136220362,0.4920102567058682,0.23247679136220362,4
02.474.103/0001-19,Engie Brasil,2024,Energia,ITR,2024-03-31 03:00:00,2.743682467166195,Segura,0.06394025546817982,0.25923068991824993,0.17960567228382116,0.25923068991824993,4
02.474.103/0001-19,Engie Brasil,2024,Energia,ITR,2024-06-30 03:00:00,3.201672732619592,Segura,0.026493404670833068,0.25981585653097383,0.283938936953933,0.25981585653097383,4
02.474.103/0001-19,Engie Brasil,2024,Energia,ITR,2024-09-30 03:00:00,3.4874013520991998,Segura,0.003182551957735773,0.24458073312928158,0.35898524575435264,0.24458073312928158,4
02.474.103/0001-19,Engie Brasil,2024,Energia,DFP,2024-12-31 03:00:00,4.054055709874508,Segura,-0.0014893748343345879,0.24505755582845817,0.4475636820189119,0.24505755582845817,4
02.474.103/0001-19,Engie Brasil,2025,Energia,ITR,2025-03-31 03:00:00,1.9886474577227846,Cinza,0.03595667355764947,0.24928634612151981,0.10094457252988893,0.24928634612151981,4
02.474.103/0001-19,Engie Brasil,2025,Energia,ITR,2025-06-30 03:00:00,2.6679812707693777,Segura,0.04885372261349706,0.25161573215603844,0.18795194119528444,0.25161573215603844,4
02.474.103/0001-19,Engie Brasil,2025,Energia,ITR,2025-09-30 03:00:00,2.86145188581262,Segura,0.010905750894098398,0.23809501155487242,0.2624584315693206,0.23809501155487242,4
02.474.103/0001-19,Engie Brasil,2025,Energia,DFP,2025-12-31 03:00:00,3.5494010640807194,Segura,0.013612807816706946,0.25155959524746746,0.35355345078668704,0.25155959524746746,4
02.474.103/0001-19,Engie Brasil,2026,Energia,ITR,2026-03-31 03:00:00,2.1263343408078352,Cinza,0.05938925380748661,0.25212316042710214,0.09673958547468943,0.25212316042710214,4
02.998.611/0001-04,ISA CTEEP,2015,Energia,ITR,2015-03-31 03:00:00,4.390651982504677,Segura,0.13603908357252648,0.7406042225365556,0.04557014808576623,0.7406042225365556,4
02.998.611/0001-04,ISA CTEEP,2015,Energia,ITR,2015-06-30 03:00:00,4.656719971643801,Segura,0.12018060952532363,0.7519692551363433,0.09335531004762478,0.7519692551363433,4
02.998.611/0001-04,ISA CTEEP,2015,Energia,ITR,2015-09-30 03:00:00,5.342402612818756,Segura,0.10470274743493675,0.7540128310808979,0.20919007257245548,0.7540128310808979,4
02.998.611/0001-04,ISA CTEEP,2015,Energia,DFP,2015-12-31 02:00:00,5.370984056174503,Segura,0.0649317733664927,0.7514953255364061,0.2538819597958931,0.7514953255364061,4
02.998.611/0001-04,ISA CTEEP,2016,Energia,ITR,2016-03-31 03:00:00,3.926504398775257,Segura,0.05350585996856738,0.7498666338881798,0.0511280900778869,0.7498666338881798,4
02.998.611/0001-04,ISA CTEEP,2016,Energia,ITR,2016-06-30 03:00:00,4.338455116243232,Segura,0.055773489081022934,0.753858237980739,0.10765655091885955,0.753858237980739,4
02.998.611/0001-04,ISA CTEEP,2016,Energia,ITR,2016-09-30 03:00:00,12.051814931446199,Segura,0.06399818417463156,0.6803036777392308,1.294624701220912,0.6803036777392308,4
02.998.611/0001-04,ISA CTEEP,2016,Energia,DFP,2016-12-31 02:00:00,12.466558288482,Segura,0.0718373313756774,0.683422292654297,1.3466897787674905,0.683422292654297,4
02.998.611/0001-04,ISA CTEEP,2017,Energia,ITR,2017-03-31 03:00:00,4.116201518826546,Segura,0.11554780579233197,0.6770244822898747,0.06551077294040013,0.6770244822898747,4
02.998.611/0001-04,ISA CTEEP,2017,Energia,ITR,2017-06-30 03:00:00,4.9271565891098525,Segura,0.11499615156051511,0.6731829797466633,0.18919095121499324,0.6731829797466633,4
02.998.611/0001-04,ISA CTEEP,2017,Energia,ITR,2017-09-30 03:00:00,5.225020023878948,Segura,0.10592959701136816,0.6494773201295895,0.25757062763777433,0.6494773201295895,4
02.998.611/0001-04,ISA CTEEP,2017,Energia,DFP,2017-12-31 02:00:00,5.420897302618053,Segura,0.1074997914755434,0.6491736432274358,0.28538099229586905,0.6491736432274358,4
02.998.611/0001-04,ISA CTEEP,2018,Energia,ITR,2018-03-31 03:00:00,3.91738310778124,Segura,0.11867605091368147,0.6558379768277505,0.04645930560414956,0.6558379768277505,4
02.998.611/0001-04,ISA CTEEP,2018,Energia,ITR,2018-06-30 03:00:00,4.0609699375039385,Segura,0.11956414436399129,0.6178915470776383,0.09129711050171645,0.6178915470776383,4
02.998.611/0001-04,ISA CTEEP,2018,Energia,ITR,2018-09-30 03:00:00,5.019042226719996,Segura,0.1612144372217716,0.6103479597747474,0.1980469958208354,0.6103479597747474,4
02.998.611/0001-04,ISA CTEEP,2018,Energia,DFP,2018-12-31 02:00:00,5.502080936893007,Segura,0.12258216705827736,0.6093942668365996,0.30825187960192907,0.6093942668365996,4
02.998.611/0001-04,ISA CTEEP,2019,Energia,ITR,2019-03-31 03:00:00,3.944201645841724,Segura,0.13209865034384746,0.6106121417148089,0.06635359654691349,0.6106121417148089,4
02.998.611/0001-04,ISA CTEEP,2019,Energia,ITR,2019-06-30 03:00:00,4.511396316163262,Segura,0.1365812565734991,0.6110357079478015,0.1461100255634053,0.6110357079478015,4
02.998.611/0001-04,ISA CTEEP,2019,Energia,ITR,2019-09-30 03:00:00,4.693264179404113,Segura,0.10321426440814004,0.610717032672464,0.20595062411732062,0.610717032672464,4
02.998.611/0001-04,ISA CTEEP,2019,Energia,DFP,2019-12-31 03:00:00,5.502810086108241,Segura,0.1536001000782718,0.6371381595913236,0.26028689907085917,0.6371381595913236,4
02.998.611/0001-04,ISA CTEEP,2020,Energia,ITR,2020-03-31 03:00:00,3.7677210548582973,Segura,0.09946276353718721,0.6136580204382063,0.06999691338775013,0.6136580204382063,4
02.998.611/0001-04,ISA CTEEP,2020,Energia,ITR,2020-06-30 03:00:00,4.888013050179414,Segura,0.13957703984059253,0.5936506715156662,0.2103799515762807,0.5936506715156662,4
02.998.611/0001-04,ISA CTEEP,2020,Energia,ITR,2020-09-30 03:00:00,5.426972276098344,Segura,0.13693888328143813,0.6166652212250305,0.2783967408172959,0.6166652212250305,4
02.998.611/0001-04,ISA CTEEP,2020,Energia,DFP,2020-12-31 03:00:00,6.5626519840025095,Segura,0.16815634352752998,0.5743833917837403,0.4440407666479156,0.5743833917837403,4
02.998.611/0001-04,ISA CTEEP,2021,Energia,ITR,2021-03-31 03:00:00,3.3035154252912773,Segura,0.0882055765317851,0.5155065577394251,0.0748591635990841,0.5155065577394251,4
02.998.611/0001-04,ISA CTEEP,2021,Energia,ITR,2021-06-30 03:00:00,3.985931961036588,Segura,0.07536032809450578,0.5195908033041532,0.1863291438237694,0.5195908033041532,4
02.998.611/0001-04,ISA CTEEP,2021,Energia,ITR,2021-09-30 03:00:00,4.724588537462152,Segura,0.07692196920922174,0.5296576961197559,0.2882672245793912,0.5296576961197559,4
02.998.611/0001-04,ISA CTEEP,2021,Energia,DFP,2021-12-31 03:00:00,5.39944276138181,Segura,0.08691989115821487,0.5105037871928929,0.39121680842002265,0.5105037871928929,4
02.998.611/0001-04,ISA CTEEP,2022,Energia,ITR,2022-03-31 03:00:00,3.5221471355598992,Segura,0.09405604664961255,0.5100682658969266,0.10517042314325709,0.5100682658969266,4
02.998.611/0001-04,ISA CTEEP,2022,Energia,ITR,2022-06-30 03:00:00,4.759041011472376,Segura,0.11722887057622132,0.5140731920176836,0.26404228614526015,0.5140731920176836,4
02.998.611/0001-04,ISA CTEEP,2022,Energia,ITR,2022-09-30 03:00:00,5.432869658675665,Segura,0.11967623752379884,0.5162741808097906,0.3605136638734148,0.5162741808097906,4
02.998.611/0001-04,ISA CTEEP,2022,Energia,DFP,2022-12-31 03:00:00,5.951866081929564,Segura,0.10472866666356527,0.5128616731098158,0.45452562760614135,0.5128616731098158,4
02.998.611/0001-04,ISA CTEEP,2023,Energia,ITR,2023-03-31 03:00:00,3.7875854033788325,Segura,0.11045733412571566,0.5095815811820081,0.12897152925888142,0.5095815811820081,4
02.998.611/0001-04,ISA CTEEP,2023,Energia,ITR,2023-06-30 03:00:00,4.390120576383446,Segura,0.07440103787871492,0.5246507172153733,0.24416743700905036,0.5246507172153733,4
02.998.611/0001-04,ISA CTEEP,2023,Energia,ITR,2023-09-30 03:00:00,5.074323071586569,Segura,0.07888361445914022,0.5255818184977519,0.3410102564001933,0.5255818184977519,4
02.998.611/0001-04,ISA CTEEP,2023,Energia,DFP,2023-12-31 03:00:00,5.818779534693898,Segura,0.0984009537314811,0.49543690545634345,0.45207384162180686,0.49543690545634345,4
02.998.611/0001-04,ISA CTEEP,2024,Energia,ITR,2024-03-31 03:00:00,3.784450807546811,Segura,0.12059463367606292,0.48804124336577104,0.13242444222103647,0.48804124336577104,4
02.998.611/0001-04,ISA CTEEP,2024,Energia,ITR,2024-06-30 03:00:00,4.524428453330062,Segura,0.11738916630507319,0.4951978917003988,0.24107925731250937,0.4951978917003988,4
02.998.611/0001-04,ISA CTEEP,2024,Energia,ITR,2024-09-30 03:00:00,5.653787912455174,Segura,0.10816123368793283,0.4976413103604452,0.41657978747155006,0.4976413103604452,4
02.998.611/0001-04,ISA CTEEP,2024,Energia,DFP,2024-12-31 03:00:00,6.301849072126972,Segura,0.10794759784588402,0.4634904182998253,0.5351293344323997,0.4634904182998253,4
02.998.611/0001-04,ISA CTEEP,2025,Energia,ITR,2025-03-31 03:00:00,3.7749685410456837,Segura,0.13231247390186218,0.4667336482510494,0.13324057861420305,0.4667336482510494,4
02.998.611/0001-04,ISA CTEEP,2025,Energia,ITR,2025-06-30 03:00:00,4.398384967713817,Segura,0.12505131789076496,0.48128130869188657,0.22376873242386416,0.48128130869188657,4
02.998.611/0001-04,ISA CTEEP,2025,Energia,ITR,2025-09-30 03:00:00,5.161896249697741,Segura,0.12010809100503353,0.4687577783084089,0.35024421848147,0.4687577783084089,4
02.998.611/0001-04,ISA CTEEP,2025,Energia,DFP,2025-12-31 03:00:00,5.9540055220852475,Segura,0.11018044136513659,0.4541607604117948,0.48717097460641606,0.4541607604117948,4
02.998.611/0001-04,ISA CTEEP,2026,Energia,ITR,2026-03-31 03:00:00,3.4841179999734244,Segura,0.1009934449326511,0.45507296646069145,0.128011386275246,0.45507296646069145,4
03.220.438/0001-73,Equatorial Energia,2015,Energia,ITR,2015-03-31 03:00:00,2.9463792164781495,Segura,0.14607568871078522,0.31527168560740954,0.0936460913046821,0.31527168560740954,4
03.220.438/0001-73,Equatorial Energia,2015,Energia,ITR,2015-06-30 03:00:00,4.547319624862324,Segura,0.1550235127703917,0.35609683882526644,0.2969625008559013,0.35609683882526644,4
03.220.438/0001-73,Equatorial Energia,2015,Energia,ITR,2015-09-30 03:00:00,5.322669278258591,Segura,0.16606340539621955,0.34604652565439564,0.40801083531085497,0.34604652565439564,4
03.220.438/0001-73,Equatorial Energia,2015,Energia,DFP,2015-12-31 02:00:00,5.9058522049339865,Segura,0.16104379452953932,0.33603026945975284,0.506118221941767,0.33603026945975284,4
03.220.438/0001-73,Equatorial Energia,2016,Energia,ITR,2016-03-31 03:00:00,3.09302695575923,Segura,0.15953224136098212,0.352754732397722,0.07829204699360205,0.352754732397722,4
03.220.438/0001-73,Equatorial Energia,2016,Energia,ITR,2016-06-30 03:00:00,3.6374299190030364,Segura,0.15795804635071747,0.36246930259278665,0.15461048225705645,0.36246930259278665,4
03.220.438/0001-73,Equatorial Energia,2016,Energia,ITR,2016-09-30 03:00:00,4.343611623983429,Segura,0.15601808489114427,0.37589786795521607,0.2529781512218067,0.37589786795521607,4
03.220.438/0001-73,Equatorial Energia,2016,Energia,DFP,2016-12-31 02:00:00,4.98313444349739,Segura,0.17660420323611487,0.3426055872490773,0.3494019031584751,0.3426055872490773,4
03.220.438/0001-73,Equatorial Energia,2017,Energia,ITR,2017-03-31 03:00:00,3.1686224537189056,Segura,0.17924286793134672,0.35486412653140115,0.06894715100281729,0.35486412653140115,4
03.220.438/0001-73,Equatorial Energia,2017,Energia,ITR,2017-06-30 03:00:00,3.477222848183552,Segura,0.1510394811651694,0.3527802263529348,0.1437382553807875,0.3527802263529348,4
03.220.438/0001-73,Equatorial Energia,2017,Energia,ITR,2017-09-30 03:00:00,4.132773044707238,Segura,0.1298911634751817,0.36125912253674175,0.2564970527048645,0.36125912253674175,4
03.220.438/0001-73,Equatorial Energia,2017,Energia,DFP,2017-12-31 02:00:00,4.922051799667575,Segura,0.19554921155971952,0.3286799769356373,0.3307497427445265,0.3286799769356373,4
03.220.438/0001-73,Equatorial Energia,2018,Energia,ITR,2018-03-31 03:00:00,3.1160114548269866,Segura,0.18859322307739781,0.33569135638935,0.06428722699422,0.33569135638935,4
03.220.438/0001-73,Equatorial Energia,2018,Energia,ITR,2018-06-30 03:00:00,3.6687793158098474,Segura,0.2039323922084382,0.3237575514226789,0.13922437147183722,0.3237575514226789,4
03.220.438/0001-73,Equatorial Energia,2018,Energia,ITR,2018-09-30 03:00:00,4.101514598314196,Segura,0.18206825023177675,0.3223254947212635,0.22588154680730582,0.3223254947212635,4
03.220.438/0001-73,Equatorial Energia,2018,Energia,DFP,2018-12-31 02:00:00,4.206278100020089,Segura,0.11711677520846471,0.2569149230635808,0.3468286809893642,0.2569149230635808,4
03.220.438/0001-73,Equatorial Energia,2019,Energia,ITR,2019-03-31 03:00:00,1.9419195520495958,Cinza,0.08042088863120934,0.2190770211558337,0.06996079783440765,0.2190770211558337,4
03.220.438/0001-73,Equatorial Energia,2019,Energia,ITR,2019-06-30 03:00:00,2.354880415772511,Cinza,0.12447388189014398,0.21671989325751015,0.0899209837251931,0.21671989325751015,4
03.220.438/0001-73,Equatorial Energia,2019,Energia,ITR,2019-09-30 03:00:00,3.5925665008286787,Segura,0.11706496106195516,0.22759868958485904,0.274355655379689,0.22759868958485904,4
03.220.438/0001-73,Equatorial Energia,2019,Energia,DFP,2019-12-31 03:00:00,4.885121018105603,Segura,0.1402768897867165,0.26041426220743646,0.4229939212783767,0.26041426220743646,4
03.220.438/0001-73,Equatorial Energia,2020,Energia,ITR,2020-03-31 03:00:00,2.619841960140687,Segura,0.11706563319071676,0.2612985069104243,0.10799030381334174,0.2612985069104243,4
03.220.438/0001-73,Equatorial Energia,2020,Energia,ITR,2020-06-30 03:00:00,3.191137716886211,Segura,0.12194601905891697,0.2656205327422863,0.18546835353280677,0.2656205327422863,4
03.220.438/0001-73,Equatorial Energia,2020,Energia,ITR,2020-09-30 03:00:00,4.1036922914153475,Segura,0.13928229084813679,0.27556548424969524,0.29796327772847975,0.27556548424969524,4
03.220.438/0001-73,Equatorial Energia,2020,Energia,DFP,2020-12-31 03:00:00,4.664421682203933,Segura,0.13451544079619218,0.27827217465679693,0.38432251753126756,0.27827217465679693,4
03.220.438/0001-73,Equatorial Energia,2021,Energia,ITR,2021-03-31 03:00:00,2.9488290835894784,Segura,0.16709271201684303,0.28583883981758706,0.09237135314660533,0.28583883981758706,4
03.220.438/0001-73,Equatorial Energia,2021,Energia,ITR,2021-06-30 03:00:00,3.606316930335561,Segura,0.1785638195992228,0.28783217761244523,0.17773535539509233,0.28783217761244523,4
03.220.438/0001-73,Equatorial Energia,2021,Energia,ITR,2021-09-30 03:00:00,3.432870754566058,Segura,0.1350196925723802,0.24992722335638304,0.21874333908113588,0.24992722335638304,4
03.220.438/0001-73,Equatorial Energia,2021,Energia,DFP,2021-12-31 03:00:00,3.9845687392387172,Segura,0.1409816849579433,0.23664648225775875,0.3035390695511413,0.23664648225775875,4
03.220.438/0001-73,Equatorial Energia,2022,Energia,ITR,2022-03-31 03:00:00,2.363204802959933,Cinza,0.1118494638150767,0.2558668425275539,0.07837592694036799,0.2558668425275539,4
03.220.438/0001-73,Equatorial Energia,2022,Energia,ITR,2022-06-30 03:00:00,2.7424612174949368,Segura,0.11556878607644643,0.24825290610960907,0.13606546956860616,0.24825290610960907,4
03.220.438/0001-73,Equatorial Energia,2022,Energia,ITR,2022-09-30 03:00:00,3.0584994314967147,Segura,0.09054488397673117,0.25785522725591276,0.201364429038151,0.25785522725591276,4
03.220.438/0001-73,Equatorial Energia,2022,Energia,DFP,2022-12-31 03:00:00,2.3559737890948242,Cinza,-0.004530586990928464,0.20489421032475696,0.22360124899637096,0.20489421032475696,4
03.220.438/0001-73,Equatorial Energia,2023,Energia,ITR,2023-03-31 03:00:00,2.1135005390713544,Cinza,0.08883855423420624,0.22477946784718278,0.08361906501095297,0.22477946784718278,4
03.220.438/0001-73,Equatorial Energia,2023,Energia,ITR,2023-06-30 03:00:00,2.394834597532285,Cinza,0.0676565235701393,0.2281344329362514,0.14401017811859046,0.2281344329362514,4
03.220.438/0001-73,Equatorial Energia,2023,Energia,ITR,2023-09-30 03:00:00,2.741431895934423,Segura,0.03841439888733441,0.23209005156242835,0.22159602931539335,0.23209005156242835,4
03.220.438/0001-73,Equatorial Energia,2023,Energia,DFP,2023-12-31 03:00:00,3.562837085298934,Segura,0.09458902430227815,0.24394844548404274,0.28138620324996505,0.24394844548404274,4
03.220.438/0001-73,Equatorial Energia,2024,Energia,ITR,2024-03-31 03:00:00,2.022857046019211,Cinza,0.06178191371045436,0.25582407542098096,0.07663183437711345,0.25582407542098096,4
03.220.438/0001-73,Equatorial Energia,2024,Energia,ITR,2024-06-30 03:00:00,2.6739957472238776,Segura,0.09192931828234734,0.25481573422120724,0.14474458404736254,0.25481573422120724,4
03.220.438/0001-73,Equatorial Energia,2024,Energia,ITR,2024-09-30 03:00:00,3.034548448531972,Segura,0.07687519770974174,0.2650143731956984,0.20655285760157832,0.2650143731956984,4
03.220.438/0001-73,Equatorial Energia,2024,Energia,DFP,2024-12-31 03:00:00,3.491673970223591,Segura,0.07664270028445756,0.25673953404032573,0.28011167628627165,0.25673953404032573,4
03.220.438/0001-73,Equatorial Energia,2025,Energia,ITR,2025-03-31 03:00:00,1.9258171078281356,Cinza,0.04454964553394198,0.26557277063280565,0.07276083209792913,0.26557277063280565,4
03.220.438/0001-73,Equatorial Energia,2025,Energia,ITR,2025-06-30 03:00:00,2.5073219324518385,Cinza,0.042070070701096036,0.2751662867170692,0.15556184120566666,0.2751662867170692,4
03.220.438/0001-73,Equatorial Energia,2025,Energia,ITR,2025-09-30 03:00:00,3.183232246011018,Segura,0.09358984458523287,0.25994496806088835,0.21561310315319374,0.25994496806088835,4
03.220.438/0001-73,Equatorial Energia,2025,Energia,DFP,2025-12-31 03:00:00,3.74700399834152,Segura,0.08029909033200484,0.25845736901584493,0.3134361168609042,0.25845736901584493,4
03.220.438/0001-73,Equatorial Energia,2026,Energia,ITR,2026-03-31 03:00:00,2.1811235803195057,Cinza,0.08739845323591094,0.2522482049179795,0.07747023272253542,0.2522482049179795,4
07.859.971/0001-30,Taesa,2015,Energia,ITR,2015-03-31 03:00:00,3.94889920898994,Segura,0.1617250042846469,0.4819890212864742,0.1206265623717192,0.4819890212864742,4
07.859.971/0001-30,Taesa,2015,Energia,ITR,2015-06-30 03:00:00,4.419255983892563,Segura,0.11981690086298284,0.4827164934727637,0.23106384335770586,0.4827164934727637,4
07.859.971/0001-30,Taesa,2015,Energia,ITR,2015-09-30 03:00:00,5.22248232740938,Segura,0.1299482551386774,0.4713236488826404,0.348008459377303,0.4713236488826404,4
07.859.971/0001-30,Taesa,2015,Energia,DFP,2015-12-31 02:00:00,6.257710321673739,Segura,0.1211614204546865,0.4938883772425212,0.49616555023448344,0.4938883772425212,4
07.859.971/0001-30,Taesa,2016,Energia,ITR,2016-03-31 03:00:00,4.388640591501426,Segura,0.18809516834502193,0.517779548403876,0.13736702880020502,0.517779548403876,4
07.859.971/0001-30,Taesa,2016,Energia,ITR,2016-06-30 03:00:00,4.924726048144985,Segura,0.1697974899758262,0.49722739313579317,0.24818518593575842,0.49722739313579317,4
07.859.971/0001-30,Taesa,2016,Energia,ITR,2016-09-30 03:00:00,5.659140103875146,Segura,0.18509460684380433,0.4912375421242442,0.3463817970869489,0.4912375421242442,4
07.859.971/0001-30,Taesa,2016,Energia,DFP,2016-12-31 02:00:00,5.858337012849354,Segura,0.10469041688618089,0.5121607606195836,0.4410944940186909,0.5121607606195836,4
07.859.971/0001-30,Taesa,2017,Energia,ITR,2017-03-31 03:00:00,3.8247092287231226,Segura,0.14086493742820397,0.5198316185290175,0.09823823859137483,0.5198316185290175,4
07.859.971/0001-30,Taesa,2017,Energia,ITR,2017-06-30 03:00:00,3.9826623761992206,Segura,0.1279360187244626,0.5030572882224682,0.14512279481070062,0.5030572882224682,4
07.859.971/0001-30,Taesa,2017,Energia,ITR,2017-09-30 03:00:00,4.561548823025645,Segura,0.14303470633989215,0.5036577029175936,0.2161423288483816,0.5036577029175936,4
07.859.971/0001-30,Taesa,2017,Energia,DFP,2017-12-31 02:00:00,5.606626821704271,Segura,0.1616447046613084,0.5397453946829351,0.3303474565539639,0.5397453946829351,4
07.859.971/0001-30,Taesa,2018,Energia,ITR,2018-03-31 03:00:00,4.252907167585867,Segura,0.18096849880239058,0.5528804880742906,0.1016129333098204,0.5528804880742906,4
07.859.971/0001-30,Taesa,2018,Energia,ITR,2018-06-30 03:00:00,4.887448070241726,Segura,0.1684459222961148,0.5383178852108574,0.21760308552387173,0.5383178852108574,4
07.859.971/0001-30,Taesa,2018,Energia,ITR,2018-09-30 03:00:00,5.8333891498212065,Segura,0.2204267454066768,0.5068266915161755,0.3278224195712337,0.5068266915161755,4
07.859.971/0001-30,Taesa,2018,Energia,DFP,2018-12-31 02:00:00,6.605972898324963,Segura,0.1486562552299167,0.5306285973992995,0.49758610256335256,0.5306285973992995,4
07.859.971/0001-30,Taesa,2019,Energia,ITR,2019-03-31 03:00:00,3.9594126466698323,Segura,0.17267309701751754,0.5209288796707633,0.08652881828183442,0.5209288796707633,4
07.859.971/0001-30,Taesa,2019,Energia,ITR,2019-06-30 03:00:00,4.92040556357732,Segura,0.2451706213435893,0.46913410839518593,0.19198188696132787,0.46913410839518593,4
07.859.971/0001-30,Taesa,2019,Energia,ITR,2019-09-30 03:00:00,5.528756859355479,Segura,0.194101889570396,0.4676067029307426,0.3333427937711579,0.4676067029307426,4
07.859.971/0001-30,Taesa,2019,Energia,DFP,2019-12-31 03:00:00,6.049507253265723,Segura,0.22902355267722746,0.4387182127548625,0.3952734004061985,0.4387182127548625,4
07.859.971/0001-30,Taesa,2020,Energia,ITR,2020-03-31 03:00:00,4.113346486185935,Segura,0.17715693786164044,0.4294258733450518,0.16374575293101193,0.4294258733450518,4
07.859.971/0001-30,Taesa,2020,Energia,ITR,2020-06-30 03:00:00,5.001034535437623,Segura,0.19604218815187574,0.39986911415416354,0.29636337785072525,0.39986911415416354,4
07.859.971/0001-30,Taesa,2020,Energia,ITR,2020-09-30 03:00:00,6.179098794357756,Segura,0.1753914302522989,0.4159792416019481,0.48149709532712487,0.4159792416019481,4
07.859.971/0001-30,Taesa,2020,Energia,DFP,2020-12-31 03:00:00,7.3792029222244295,Segura,0.10765493743929194,0.4272048919638615,0.7190079536098857,0.4272048919638615,4
07.859.971/0001-30,Taesa,2021,Energia,ITR,2021-03-31 03:00:00,3.8168871407899867,Segura,0.11473003637995331,0.4392764353837238,0.17425248000500643,0.4392764353837238,4
07.859.971/0001-30,Taesa,2021,Energia,ITR,2021-06-30 03:00:00,4.685352327299052,Segura,0.07455566404738688,0.42007122440798833,0.3550238383853816,0.42007122440798833,4
07.859.971/0001-30,Taesa,2021,Energia,ITR,2021-09-30 03:00:00,5.67832255683767,Segura,0.07963638346082592,0.43004248124866656,0.49143225999299095,0.43004248124866656,4
07.859.971/0001-30,Taesa,2021,Energia,DFP,2021-12-31 03:00:00,6.261768733869393,Segura,0.045172967295738733,0.42054035589015476,0.6179918354944612,0.42054035589015476,4
07.859.971/0001-30,Taesa,2022,Energia,ITR,2022-03-31 03:00:00,3.504124837697793,Segura,0.10888673607006545,0.41650565080446994,0.1480191211474551,0.41650565080446994,4
07.859.971/0001-30,Taesa,2022,Energia,ITR,2022-06-30 03:00:00,4.505166062858079,Segura,0.146670660058919,0.39243647119066444,0.275536509232114,0.39243647119066444,4
07.859.971/0001-30,Taesa,2022,Energia,ITR,2022-09-30 03:00:00,4.994608427438555,Segura,0.14817239056197953,0.3893622321329193,0.348875941199269,0.3893622321329193,4
07.859.971/0001-30,Taesa,2022,Energia,DFP,2022-12-31 03:00:00,5.190639648632992,Segura,0.11948358205730275,0.379597045042426,0.41231608425658184,0.379597045042426,4
07.859.971/0001-30,Taesa,2023,Energia,ITR,2023-03-31 03:00:00,2.99166241757722,Segura,0.11194788121106941,0.3520817591235733,0.11009106175744104,0.3520817591235733,4
07.859.971/0001-30,Taesa,2023,Energia,ITR,2023-06-30 03:00:00,3.644386811529028,Segura,0.12806492972166142,0.3555804860001467,0.18924538361522278,0.3555804860001467,4
07.859.971/0001-30,Taesa,2023,Energia,ITR,2023-09-30 03:00:00,4.098636142613174,Segura,0.13713211576650025,0.3424992882109717,0.25638058496959,0.3424992882109717,4
07.859.971/0001-30,Taesa,2023,Energia,DFP,2023-12-31 03:00:00,4.829331729863493,Segura,0.09013286059458299,0.34343298580632,0.41039642790740916,0.34343298580632,4
07.859.971/0001-30,Taesa,2024,Energia,ITR,2024-03-31 03:00:00,2.472177134634005,Cinza,0.03508808666595848,0.3595396673399551,0.10303323212352844,0.3595396673399551,4
07.859.971/0001-30,Taesa,2024,Energia,ITR,2024-06-30 03:00:00,3.452551143068672,Segura,0.07942981130528866,0.3416209421026778,0.21712876792313063,0.3416209421026778,4
07.859.971/0001-30,Taesa,2024,Energia,ITR,2024-09-30 03:00:00,3.9922533135997234,Segura,0.04625337185733385,0.3448137153473729,0.3277803692066126,0.3448137153473729,4
07.859.971/0001-30,Taesa,2024,Energia,DFP,2024-12-31 03:00:00,4.793717820578664,Segura,0.027405092816130787,0.3396540752861337,0.4687546647651205,0.3396540752861337,4
07.859.971/0001-30,Taesa,2025,Energia,ITR,2025-03-31 03:00:00,2.755674424828247,Segura,0.0682767766796765,0.3470213368939204,0.1208507154459483,0.3470213368939204,4
07.859.971/0001-30,Taesa,2025,Energia,ITR,2025-06-30 03:00:00,3.4294935354630898,Segura,0.028476578277679108,0.35398351238273235,0.2555086672011813,0.35398351238273235,4
07.859.971/0001-30,Taesa,2025,Energia,ITR,2025-09-30 03:00:00,4.378846473930371,Segura,0.062235650682595234,0.3505099108529378,0.36605400143993816,0.3505099108529378,4
07.859.971/0001-30,Taesa,2025,Energia,DFP,2025-12-31 03:00:00,5.042757138580284,Segura,0.05750550529700168,0.3380792202930122,0.4774404143406355,0.3380792202930122,4
07.859.971/0001-30,Taesa,2026,Energia,ITR,2026-03-31 03:00:00,2.817133943732029,Segura,0.093593736073045,0.3420561572644759,0.10846681507186944,0.3420561572644759,4
10.629.105/0001-68,Prio,2015,Petróleo,ITR,2015-03-31 03:00:00,6.887587541279742,Segura,0.5405547009511982,0.5535437071325751,0.14222847102656017,0.5535437071325751,4
10.629.105/0001-68,Prio,2015,Petróleo,ITR,2015-06-30 03:00:00,8.174652116234753,Segura,0.5986036186291538,0.5809954872573491,0.2594824148732636,0.5809954872573491,4
10.629.105/0001-68,Prio,2015,Petróleo,ITR,2015-09-30 03:00:00,8.879368704130716,Segura,0.5717629609217015,0.5502198483552911,0.4102910913799182,0.5502198483552911,4
10.629.105/0001-68,Prio,2015,Petróleo,DFP,2015-12-31 02:00:00,13.543040572216507,Segura,0.6919060318409702,0.7766153485404452,0.8418042933229796,0.7766153485404452,4
10.629.105/0001-68,Prio,2016,Petróleo,ITR,2016-03-31 03:00:00,8.910477622696414,Segura,0.6518367268945298,0.7597800895911075,0.20234769466229538,0.7597800895911075,4
10.629.105/0001-68,Prio,2016,Petróleo,ITR,2016-06-30 03:00:00,10.70754317065549,Segura,0.6423628081758235,0.775723717419696,0.4687907629379762,0.775723717419696,4
10.629.105/0001-68,Prio,2016,Petróleo,ITR,2016-09-30 03:00:00,10.58677621454557,Segura,0.6677680324890652,0.7796198264245011,0.42352030796543205,0.7796198264245011,4
10.629.105/0001-68,Prio,2016,Petróleo,DFP,2016-12-31 02:00:00,15.552407446998206,Segura,0.6485403776346145,0.7706724786094207,1.1869619325756744,0.7706724786094207,4
10.629.105/0001-68,Prio,2017,Petróleo,ITR,2017-03-31 03:00:00,6.4254930744005625,Segura,0.4820140083067202,0.6460410251429681,0.07128636332474476,0.6460410251429681,4
10.629.105/0001-68,Prio,2017,Petróleo,ITR,2017-06-30 03:00:00,7.456145958563496,Segura,0.47128369071955695,0.6747741870007105,0.2167036014092471,0.6747741870007105,4
10.629.105/0001-68,Prio,2017,Petróleo,ITR,2017-09-30 03:00:00,8.652610864356326,Segura,0.5254805064526034,0.7041703292754894,0.32298878316218577,0.7041703292754894,4
10.629.105/0001-68,Prio,2017,Petróleo,DFP,2017-12-31 02:00:00,8.894514929331727,Segura,0.505528997478758,0.6874163180919087,0.38920838912127204,0.6874163180919087,4
10.629.105/0001-68,Prio,2018,Petróleo,ITR,2018-03-31 03:00:00,7.0944238497068595,Segura,0.5044113361325794,0.7172723468894341,0.10328001035471407,0.7172723468894341,4
10.629.105/0001-68,Prio,2018,Petróleo,ITR,2018-06-30 03:00:00,7.918342372314683,Segura,0.4358483533890014,0.6446981510053412,0.33936430703122217,0.6446981510053412,4
10.629.105/0001-68,Prio,2018,Petróleo,ITR,2018-09-30 03:00:00,10.956800545937925,Segura,0.4898894452261291,0.7497232419712828,0.6714015792199838,0.7497232419712828,4
10.629.105/0001-68,Prio,2018,Petróleo,DFP,2018-12-31 02:00:00,10.529037360212298,Segura,0.43496980930514884,0.6548827211376502,0.7221861433135791,0.6548827211376502,4
10.629.105/0001-68,Prio,2019,Petróleo,ITR,2019-03-31 03:00:00,1.0883165436574733,Insolvencia,-0.05698652749859611,0.23833132184047326,0.06472323912437858,0.23833132184047326,4
10.629.105/0001-68,Prio,2019,Petróleo,ITR,2019-06-30 03:00:00,2.8952889073164685,Segura,0.027567820887575152,0.27347290173288136,0.22853806485494893,0.27347290173288136,4
10.629.105/0001-68,Prio,2019,Petróleo,ITR,2019-09-30 03:00:00,3.830837819156215,Segura,0.00035659730026036605,0.2861550826211359,0.38618603195973383,0.2861550826211359,4
10.629.105/0001-68,Prio,2019,Petróleo,DFP,2019-12-31 03:00:00,6.124329750839336,Segura,-0.028542824619914454,0.3943896544670241,0.6862725103561162,0.3943896544670241,4
10.629.105/0001-68,Prio,2020,Petróleo,ITR,2020-03-31 03:00:00,2.5373025287254944,Cinza,-0.08448957875765206,0.3669121761276722,0.2247265902180692,0.3669121761276722,4
10.629.105/0001-68,Prio,2020,Petróleo,ITR,2020-06-30 03:00:00,3.5397421073761373,Segura,-0.07620350521710853,0.38752836462137114,0.3525877753098601,0.38752836462137114,4
10.629.105/0001-68,Prio,2020,Petróleo,ITR,2020-09-30 03:00:00,4.548462996803455,Segura,-0.05666344125539602,0.36040959085277713,0.5010133682832416,0.36040959085277713,4
10.629.105/0001-68,Prio,2020,Petróleo,DFP,2020-12-31 03:00:00,7.8372548611161195,Segura,-0.04534691195853041,0.4639099768829883,0.9129878873807143,0.4639099768829883,4
10.629.105/0001-68,Prio,2021,Petróleo,ITR,2021-03-31 03:00:00,4.5469781653283725,Segura,0.18660618976234428,0.5711163478184168,0.12817412223065747,0.5711163478184168,4
10.629.105/0001-68,Prio,2021,Petróleo,ITR,2021-06-30 03:00:00,6.767221790089961,Segura,0.43906144985482415,0.5161366081203294,0.24738540149459753,0.5161366081203294,4
10.629.105/0001-68,Prio,2021,Petróleo,ITR,2021-09-30 03:00:00,7.149952373604716,Segura,0.37033171908559476,0.4968840119924866,0.3837806852255353,0.4968840119924866,4
10.629.105/0001-68,Prio,2021,Petróleo,DFP,2021-12-31 03:00:00,9.155332279500183,Segura,0.4107787510056118,0.5416924683686407,0.6139775497372808,0.5416924683686407,4
10.629.105/0001-68,Prio,2022,Petróleo,ITR,2022-03-31 03:00:00,6.773698242568698,Segura,0.4587185912126802,0.522660910379532,0.22497555959490073,0.522660910379532,4
10.629.105/0001-68,Prio,2022,Petróleo,ITR,2022-06-30 03:00:00,7.333065696366086,Segura,0.42979631261964646,0.5015646376125219,0.3499789133141721,0.5015646376125219,4
10.629.105/0001-68,Prio,2022,Petróleo,ITR,2022-09-30 03:00:00,8.440944355344277,Segura,0.4869401096939421,0.4637475155812064,0.48331331005907985,0.4637475155812064,4
10.629.105/0001-68,Prio,2022,Petróleo,DFP,2022-12-31 03:00:00,8.969994150381332,Segura,0.4538790258549185,0.48723099398498315,0.5792532971276473,0.48723099398498315,4
10.629.105/0001-68,Prio,2023,Petróleo,ITR,2023-03-31 03:00:00,3.292244273578759,Segura,0.027574555240453786,0.41481939256799966,0.1969469656597178,0.41481939256799966,4
10.629.105/0001-68,Prio,2023,Petróleo,ITR,2023-06-30 03:00:00,4.0560992811928855,Segura,-0.015519765502798712,0.41373914510152987,0.3533769683785196,0.41373914510152987,4
10.629.105/0001-68,Prio,2023,Petróleo,ITR,2023-09-30 03:00:00,6.1064233282446905,Segura,0.043084519241027956,0.45232618285533854,0.5765272371900354,0.45232618285533854,4
10.629.105/0001-68,Prio,2023,Petróleo,DFP,2023-12-31 03:00:00,8.319614851252513,Segura,0.06467688877215345,0.4902092237726402,0.8604959384593909,0.4902092237726402,4
10.629.105/0001-68,Prio,2024,Petróleo,ITR,2024-03-31 03:00:00,4.091892324010064,Segura,0.10253016346992139,0.5002264847225317,0.18799379501387922,0.5002264847225317,4
10.629.105/0001-68,Prio,2024,Petróleo,ITR,2024-06-30 03:00:00,5.620884965354952,Segura,0.14388521134672586,0.47639875979817625,0.39043442324260275,0.47639875979817625,4
10.629.105/0001-68,Prio,2024,Petróleo,ITR,2024-09-30 03:00:00,7.220736411287404,Segura,0.31862947493462934,0.42012474452089144,0.49401628077845133,0.42012474452089144,4
10.629.105/0001-68,Prio,2024,Petróleo,DFP,2024-12-31 03:00:00,6.42693749483933,Segura,0.07649186271378489,0.46503991799256506,0.583456670965617,0.46503991799256506,4
10.629.105/0001-68,Prio,2025,Petróleo,ITR,2025-03-31 03:00:00,3.335352011946005,Segura,0.10398149365763175,0.48554901531515,0.08341029130113753,0.48554901531515,4
10.629.105/0001-68,Prio,2025,Petróleo,ITR,2025-06-30 03:00:00,4.6724057235116145,Segura,0.057058250994981505,0.47225771250235893,0.33670727025288233,0.47225771250235893,4
10.629.105/0001-68,Prio,2025,Petróleo,ITR,2025-09-30 03:00:00,5.172445062841341,Segura,0.12481860576283739,0.4344068209004668,0.3692472635351362,0.4344068209004668,4
10.629.105/0001-68,Prio,2025,Petróleo,DFP,2025-12-31 03:00:00,5.156100912088816,Segura,0.06716728780116363,0.40168338524364555,0.4440815645406356,0.40168338524364555,4
10.629.105/0001-68,Prio,2026,Petróleo,ITR,2026-03-31 03:00:00,3.458630716258925,Segura,0.08030065567500357,0.4190576554434804,0.16751784524843769,0.4190576554434804,4
16.404.287/0001-55,Suzano,2015,Commodities,ITR,2015-03-31 03:00:00,3.247192503196958,Segura,0.13119628985153928,0.33393324634775184,0.14096615327560263,0.33393324634775184,4
16.404.287/0001-55,Suzano,2015,Commodities,ITR,2015-06-30 03:00:00,3.6879832540589303,Segura,0.11802521583340266,0.3526440660289951,0.20741695142958938,0.3526440660289951,4
16.404.287/0001-55,Suzano,2015,Commodities,ITR,2015-09-30 03:00:00,4.819909115070852,Segura,0.10717366636792021,0.31514169179432466,0.4105043410809162,0.31514169179432466,4
16.404.287/0001-55,Suzano,2015,Commodities,DFP,2015-12-31 02:00:00,5.301205415572584,Segura,0.10893300191065211,0.32526843167114206,0.47391339025834583,0.32526843167114206,4
16.404.287/0001-55,Suzano,2016,Commodities,ITR,2016-03-31 03:00:00,3.369066176352998,Segura,0.12001981650610662,0.35859994646066773,0.1541920254207531,0.35859994646066773,4
16.404.287/0001-55,Suzano,2016,Commodities,ITR,2016-06-30 03:00:00,4.464429023708598,Segura,0.1260464881403091,0.3863801373026129,0.29349191513897455,0.3863801373026129,4
16.404.287/0001-55,Suzano,2016,Commodities,ITR,2016-09-30 03:00:00,4.963585424597125,Segura,0.16985408011889844,0.36924843052480394,0.33599433384750693,0.36924843052480394,4
16.404.287/0001-55,Suzano,2016,Commodities,DFP,2016-12-31 02:00:00,5.023799952468278,Segura,0.14284796382827042,0.34502486503681223,0.38685418771520275,0.34502486503681223,4
16.404.287/0001-55,Suzano,2017,Commodities,ITR,2017-03-31 03:00:00,3.19065333453975,Segura,0.1669598841214857,0.36020468944291106,0.08079081595295491,0.36020468944291106,4
16.404.287/0001-55,Suzano,2017,Commodities,ITR,2017-06-30 03:00:00,3.48680490172709,Segura,0.1395614382531903,0.3725349197340193,0.14369886350186592,0.3725349197340193,4
16.404.287/0001-55,Suzano,2017,Commodities,ITR,2017-09-30 03:00:00,4.485148763570584,Segura,0.155591694986284,0.39418292151398016,0.26272899594275395,0.39418292151398016,4
16.404.287/0001-55,Suzano,2017,Commodities,DFP,2017-12-31 02:00:00,5.068453531962401,Segura,0.10828152540291895,0.40744526641709483,0.3872079802174962,0.40744526641709483,4
16.404.287/0001-55,Suzano,2018,Commodities,ITR,2018-03-31 03:00:00,3.6154724120161306,Segura,0.16002094935962446,0.4144890715913976,0.11596534012768908,0.4144890715913976,4
16.404.287/0001-55,Suzano,2018,Commodities,ITR,2018-06-30 03:00:00,4.897438840443102,Segura,0.2440495858956465,0.30135295311013,0.29726820372961327,0.30135295311013,4
16.404.287/0001-55,Suzano,2018,Commodities,ITR,2018-09-30 03:00:00,5.722527970401945,Segura,0.30343446300572674,0.25615278496782007,0.39106836158825486,0.25615278496782007,4
16.404.287/0001-55,Suzano,2018,Commodities,DFP,2018-12-31 02:00:00,6.044768965267121,Segura,0.45872429321284525,0.22298063117395098,0.3087040299748701,0.22298063117395098,4
16.404.287/0001-55,Suzano,2019,Commodities,ITR,2019-03-31 03:00:00,1.8241277161460276,Cinza,0.061478815003256894,0.20495209386818772,0.07998261386201984,0.20495209386818772,4
16.404.287/0001-55,Suzano,2019,Commodities,ITR,2019-06-30 03:00:00,2.3726320697972345,Cinza,0.09073868814515258,0.2063334883482998,0.1321560923785509,0.2063334883482998,4
16.404.287/0001-55,Suzano,2019,Commodities,ITR,2019-09-30 03:00:00,3.0838118191822774,Segura,0.07690710494589695,0.1714822386921584,0.2738411848175582,0.1714822386921584,4
16.404.287/0001-55,Suzano,2019,Commodities,DFP,2019-12-31 03:00:00,3.2250907661128574,Segura,0.07563248133647607,0.18474412134424867,0.2876033520166462,0.18474412134424867,4
16.404.287/0001-55,Suzano,2020,Commodities,ITR,2020-03-31 03:00:00,3.1565209433291783,Segura,0.0416338758660425,0.0442409857610545,0.4007029864609814,0.0442409857610545,4
16.404.287/0001-55,Suzano,2020,Commodities,ITR,2020-06-30 03:00:00,4.1185739193301965,Segura,0.07345367195959301,0.02406991585467813,0.525740549693691,0.02406991585467813,4
16.404.287/0001-55,Suzano,2020,Commodities,ITR,2020-09-30 03:00:00,4.819699119027218,Segura,0.057885309483113406,0.013806805107820811,0.6518547855362035,0.013806805107820811,4
16.404.287/0001-55,Suzano,2020,Commodities,DFP,2020-12-31 03:00:00,5.124253062777103,Segura,0.0961208163224891,0.0720758751202889,0.6224781973114776,0.0720758751202889,4
16.404.287/0001-55,Suzano,2021,Commodities,ITR,2021-03-31 03:00:00,2.1343434218976958,Cinza,0.09260829515448661,0.0436668442676165,0.19920073019208875,0.0436668442676165,4
16.404.287/0001-55,Suzano,2021,Commodities,ITR,2021-06-30 03:00:00,3.6824864985522647,Segura,0.13959440230082615,0.14120445828238676,0.32115416730085694,0.14120445828238676,4
16.404.287/0001-55,Suzano,2021,Commodities,ITR,2021-09-30 03:00:00,4.260180419986393,Segura,0.18291599788794277,0.12011334086154422,0.37835758552503485,0.12011334086154422,4
16.404.287/0001-55,Suzano,2021,Commodities,DFP,2021-12-31 03:00:00,5.094879716161237,Segura,0.18954980616456787,0.1275487338734394,0.4913240989177303,0.1275487338734394,4
16.404.287/0001-55,Suzano,2022,Commodities,ITR,2022-03-31 03:00:00,4.467044573975492,Segura,0.21286881880581793,0.22474780925371288,0.31279197391753333,0.22474780925371288,4
16.404.287/0001-55,Suzano,2022,Commodities,ITR,2022-06-30 03:00:00,4.255767416331545,Segura,0.18358522550859188,0.1970498821171185,0.3277028787307146,0.1970498821171185,4
16.404.287/0001-55,Suzano,2022,Commodities,ITR,2022-09-30 03:00:00,5.284046492023239,Segura,0.18127929318998925,0.21815760018842065,0.4694337904590501,0.21815760018842065,4
16.404.287/0001-55,Suzano,2022,Commodities,DFP,2022-12-31 03:00:00,6.601460086282998,Segura,0.1698982900399802,0.2490005328009208,0.656805804650113,0.2490005328009208,4
16.404.287/0001-55,Suzano,2023,Commodities,ITR,2023-03-31 03:00:00,3.329281091288968,Segura,0.1667673884687795,0.2829389712012718,0.15116369896671022,0.2829389712012718,4
16.404.287/0001-55,Suzano,2023,Commodities,ITR,2023-06-30 03:00:00,4.452990845663566,Segura,0.16786907598491418,0.30879692976974266,0.3007224612938895,0.30879692976974266,4
16.404.287/0001-55,Suzano,2023,Commodities,ITR,2023-09-30 03:00:00,4.590323574277106,Segura,0.17409954441138953,0.2957094723092728,0.3234706454293788,0.2957094723092728,4
16.404.287/0001-55,Suzano,2023,Commodities,DFP,2023-12-31 03:00:00,5.404923421649484,Segura,0.16556536781643816,0.3120646006308454,0.442532169650998,0.3120646006308454,4
16.404.287/0001-55,Suzano,2024,Commodities,ITR,2024-03-31 03:00:00,2.9987832705626545,Segura,0.16358223335674182,0.31188812936581484,0.0865246997285367,0.31188812936581484,4
16.404.287/0001-55,Suzano,2024,Commodities,ITR,2024-06-30 03:00:00,3.8965253248763756,Segura,0.15264497973409344,0.2652887278090954,0.26068152395290506,0.2652887278090954,4
16.404.287/0001-55,Suzano,2024,Commodities,ITR,2024-09-30 03:00:00,4.0442102181703286,Segura,0.12588297512409424,0.2715306959431223,0.30477985146449604,0.2715306959431223,4
16.404.287/0001-55,Suzano,2024,Commodities,DFP,2024-12-31 03:00:00,4.893542778878652,Segura,0.10669782805857712,0.19534974019065954,0.49875709026676257,0.19534974019065954,4
16.404.287/0001-55,Suzano,2025,Commodities,ITR,2025-03-31 03:00:00,3.092533652880093,Segura,0.13713317511233944,0.2482248996480625,0.16712659325297577,0.2482248996480625,4
16.404.287/0001-55,Suzano,2025,Commodities,ITR,2025-06-30 03:00:00,4.341561389316903,Segura,0.1711934684311619,0.2714246629560285,0.3048648718851188,0.2714246629560285,4
16.404.287/0001-55,Suzano,2025,Commodities,ITR,2025-09-30 03:00:00,4.960056515875088,Segura,0.1779296702301645,0.2752662289898902,0.3878631595563663,0.2752662289898902,4
16.404.287/0001-55,Suzano,2025,Commodities,DFP,2025-12-31 03:00:00,5.341537367267731,Segura,0.17920091103538377,0.26172052977071514,0.4520779624350939,0.26172052977071514,4
16.404.287/0001-55,Suzano,2026,Commodities,ITR,2026-03-31 03:00:00,3.2737925633895637,Segura,0.182219196006682,0.29056371532858644,0.12293229531540506,0.29056371532858644,4
16.590.234/0001-76,Arezzo,2015,Varejo,ITR,2015-03-31 03:00:00,7.182848449967421,Segura,0.522733148272276,0.6944246554670803,0.11320665658306166,0.6944246554670803,4
16.590.234/0001-76,Arezzo,2015,Varejo,ITR,2015-06-30 03:00:00,8.192924628843429,Segura,0.5288598006137424,0.7094682007353584,0.24788636780474474,0.7094682007353584,4
16.590.234/0001-76,Arezzo,2015,Varejo,ITR,2015-09-30 03:00:00,8.84741928039632,Segura,0.49472384996461427,0.6803295116772824,0.3972932484076433,0.6803295116772824,4
16.590.234/0001-76,Arezzo,2015,Varejo,DFP,2015-12-31 02:00:00,10.36991036222346,Segura,0.5473764210467148,0.7235862136804583,0.5447119730943805,0.7235862136804583,4
16.590.234/0001-76,Arezzo,2016,Varejo,ITR,2016-03-31 03:00:00,7.003523294698903,Segura,0.5268393407869612,0.7006281629896195,0.07853420188261583,0.7006281629896195,4
16.590.234/0001-76,Arezzo,2016,Varejo,ITR,2016-06-30 03:00:00,7.878682602340341,Segura,0.5295139577949213,0.7135933284722686,0.197839850221753,0.7135933284722686,4
16.590.234/0001-76,Arezzo,2016,Varejo,ITR,2016-09-30 03:00:00,8.847607950876856,Segura,0.5295958694267378,0.7095468589529699,0.3445404888913926,0.7095468589529699,4
16.590.234/0001-76,Arezzo,2016,Varejo,DFP,2016-12-31 02:00:00,10.215950828310264,Segura,0.5560272414203636,0.738246680806219,0.5039537098687314,0.738246680806219,4
16.590.234/0001-76,Arezzo,2017,Varejo,ITR,2017-03-31 03:00:00,7.3805262440045025,Segura,0.5448910467579176,0.7156506604461713,0.10737896290916144,0.7156506604461713,4
16.590.234/0001-76,Arezzo,2017,Varejo,ITR,2017-06-30 03:00:00,8.210773290458974,Segura,0.5275860750638828,0.701239629712675,0.2570633681515289,0.701239629712675,4
16.590.234/0001-76,Arezzo,2017,Varejo,ITR,2017-09-30 03:00:00,9.352710675216073,Segura,0.5036969022282218,0.6905548202170368,0.4571678156939745,0.6905548202170368,4
16.590.234/0001-76,Arezzo,2017,Varejo,DFP,2017-12-31 02:00:00,9.409318267757184,Segura,0.4747237591425461,0.6333561609259557,0.5305603205641686,0.6333561609259557,4
16.590.234/0001-76,Arezzo,2018,Varejo,ITR,2018-03-31 03:00:00,6.616441553042202,Segura,0.48429703223184334,0.6437867219011912,0.09891848961416311,0.6437867219011912,4
16.590.234/0001-76,Arezzo,2018,Varejo,ITR,2018-06-30 03:00:00,7.348836993895696,Segura,0.45608745209712354,0.6357601599539526,0.24059181826443904,0.6357601599539526,4
16.590.234/0001-76,Arezzo,2018,Varejo,ITR,2018-09-30 03:00:00,8.364756865452522,Segura,0.46492631154468966,0.6418029075728131,0.3792663288810318,0.6418029075728131,4
16.590.234/0001-76,Arezzo,2018,Varejo,DFP,2018-12-31 02:00:00,10.245577938283228,Segura,0.560855552748624,0.6806892037755782,0.5405647386874277,0.6806892037755782,4
16.590.234/0001-76,Arezzo,2019,Varejo,ITR,2019-03-31 03:00:00,5.2096504298768345,Segura,0.37491773544921136,0.4833546076778246,0.09924579259502728,0.4833546076778246,4
16.590.234/0001-76,Arezzo,2019,Varejo,ITR,2019-06-30 03:00:00,6.043808835877203,Segura,0.35054193840267156,0.5205430502678061,0.22332041269366582,0.5205430502678061,4
16.590.234/0001-76,Arezzo,2019,Varejo,ITR,2019-09-30 03:00:00,6.866672167606445,Segura,0.33500665760781695,0.5106597175564676,0.3672745700938676,0.5106597175564676,4
16.590.234/0001-76,Arezzo,2019,Varejo,DFP,2019-12-31 03:00:00,8.130939899479852,Segura,0.3651203715693413,0.5279119249332567,0.5149478966551542,0.5279119249332567,4
16.590.234/0001-76,Arezzo,2020,Varejo,ITR,2020-03-31 03:00:00,5.27731686979708,Segura,0.4139829307467011,0.3965478327507112,0.12685531025939806,0.3965478327507112,4
16.590.234/0001-76,Arezzo,2020,Varejo,ITR,2020-06-30 03:00:00,5.092754067159263,Segura,0.40444746956708644,0.38682041634213365,0.11493789767330062,0.38682041634213365,4
16.590.234/0001-76,Arezzo,2020,Varejo,ITR,2020-09-30 03:00:00,4.603996815913498,Segura,0.29399396511037496,0.3899074411665366,0.14804990079786698,0.3899074411665366,4
16.590.234/0001-76,Arezzo,2020,Varejo,DFP,2020-12-31 03:00:00,4.598412838630983,Segura,0.23069359886603744,0.476107881781225,0.15372587196319917,0.476107881781225,4
16.590.234/0001-76,Arezzo,2021,Varejo,ITR,2021-03-31 03:00:00,3.7686567476515807,Segura,0.1903318873294868,0.4836359173672456,0.06482273257698198,0.4836359173672456,4
16.590.234/0001-76,Arezzo,2021,Varejo,ITR,2021-06-30 03:00:00,4.937093821053529,Segura,0.1727524628865811,0.5194343481266819,0.23289815834695807,0.5194343481266819,4
16.590.234/0001-76,Arezzo,2021,Varejo,ITR,2021-09-30 03:00:00,5.071180744287485,Segura,0.13584251341655243,0.4953773209387811,0.3043121433078505,0.4953773209387811,4
16.590.234/0001-76,Arezzo,2021,Varejo,DFP,2021-12-31 03:00:00,4.992800660423263,Segura,0.03796007873271929,0.4729209232855047,0.40260317925239564,0.4729209232855047,4
16.590.234/0001-76,Arezzo,2021,Varejo,ITR,2021-12-31 03:00:00,4.992800660423263,Segura,0.03796007873271929,0.4729209232855047,0.40260317925239564,0.4729209232855047,4
16.590.234/0001-76,Arezzo,2022,Varejo,ITR,2022-03-31 03:00:00,4.800084352393871,Segura,0.20875162423062596,0.6208046144674748,0.11235205492353412,0.6208046144674748,4
16.590.234/0001-76,Arezzo,2022,Varejo,ITR,2022-06-30 03:00:00,5.149665515530563,Segura,0.1811683987748447,0.5942344174039381,0.20834084532092378,0.5942344174039381,4
16.590.234/0001-76,Arezzo,2022,Varejo,ITR,2022-09-30 03:00:00,5.736588336859825,Segura,0.17824796158885733,0.5894122762470018,0.30162422592445576,0.5894122762470018,4
16.590.234/0001-76,Arezzo,2022,Varejo,DFP,2022-12-31 03:00:00,6.08407203326534,Segura,0.16055862041730196,0.5697451357124216,0.38321517089394375,0.5697451357124216,4
16.590.234/0001-76,Arezzo,2023,Varejo,ITR,2023-03-31 03:00:00,4.1818545562461775,Segura,0.21462602120609003,0.5342951432231433,0.07010354015513096,0.5342951432231433,4
16.590.234/0001-76,Arezzo,2023,Varejo,ITR,2023-06-30 03:00:00,4.550595321526172,Segura,0.19649818226578056,0.5162195911988509,0.15426500116006014,0.5162195911988509,4
16.590.234/0001-76,Arezzo,2023,Varejo,ITR,2023-09-30 03:00:00,4.35910737258045,Segura,0.09062302441884858,0.5163475624279207,0.22904201463221222,0.5163475624279207,4
16.590.234/0001-76,Arezzo,2023,Varejo,DFP,2023-12-31 03:00:00,4.737486350851687,Segura,0.10421368884105234,0.49015161555473447,0.28888260253176756,0.49015161555473447,4
16.590.234/0001-76,Arezzo,2024,Varejo,ITR,2024-03-31 03:00:00,3.6626191356513713,Segura,0.14056685478427974,0.5167182168679667,0.07640551392344642,0.5167182168679667,4
16.590.234/0001-76,Arezzo,2024,Varejo,ITR,2024-06-30 03:00:00,4.402864104977502,Segura,0.1428894134580305,0.5143232919249485,0.1858297863833771,0.5143232919249485,4
16.590.234/0001-76,Arezzo,2024,Varejo,ITR,2024-09-30 03:00:00,4.499404417509919,Segura,0.1946640444145957,0.5288884792179077,0.14031234236919482,0.5288884792179077,4
16.590.234/0001-76,Arezzo,2024,Varejo,DFP,2024-12-31 03:00:00,4.492200734321104,Segura,0.15173856306845393,0.506211179106234,0.19568833015538356,0.506211179106234,4
16.590.234/0001-76,Arezzo,2025,Varejo,ITR,2025-03-31 03:00:00,3.662451333601119,Segura,0.1622537872282627,0.5086564426010656,0.06038053895433388,0.5086564426010656,4
16.590.234/0001-76,Arezzo,2025,Varejo,ITR,2025-06-30 03:00:00,4.54490826529539,Segura,0.16712986259050816,0.537451716948408,0.16847015872827648,0.537451716948408,4
16.590.234/0001-76,Arezzo,2025,Varejo,ITR,2025-09-30 03:00:00,5.2205399545960605,Segura,0.2093887224865504,0.5379971674902643,0.22740805702399575,0.5379971674902643,4
16.590.234/0001-76,Arezzo,2025,Varejo,DFP,2025-12-31 03:00:00,5.643698955523544,Segura,0.20448951979535235,0.5163771140182856,0.30902713456059866,0.5163771140182856,4
16.590.234/0001-76,Arezzo,2026,Varejo,ITR,2026-03-31 03:00:00,4.145806743084287,Segura,0.24008498686115554,0.5268926734833596,0.044634197405033785,0.5268926734833596,4
19.796.586/0001-70,Brisanet,2020,Tecnologia,DFP,2020-12-31 03:00:00,2.2877689192241584,Cinza,-0.15201865946476797,0.12491726000491038,0.4087229069481954,0.12491726000491038,4
19.796.586/0001-70,Brisanet,2021,Tecnologia,ITR,2021-03-31 03:00:00,-0.5259889548298983,Insolvencia,-0.2879683458678361,0.10855087441694829,0.13321861984018737,0.10855087441694829,4
19.796.586/0001-70,Brisanet,2021,Tecnologia,ITR,2021-06-30 03:00:00,1.3923534490378653,Cinza,-0.0224968424278178,0.09032784405751136,0.17122317373161847,0.09032784405751136,4
19.796.586/0001-70,Brisanet,2021,Tecnologia,ITR,2021-09-30 03:00:00,5.422344073423447,Segura,0.3379703510487831,0.4925495651969514,0.16106695603341795,0.4925495651969514,4
19.796.586/0001-70,Brisanet,2021,Tecnologia,DFP,2021-12-31 03:00:00,5.031952120084595,Segura,0.24303743550684026,0.46401503823347084,0.21394668576986065,0.46401503823347084,4
19.796.586/0001-70,Brisanet,2022,Tecnologia,ITR,2022-03-31 03:00:00,3.149078377344345,Segura,0.06713004032151818,0.474307460271342,0.09887502367049131,0.474307460271342,4
19.796.586/0001-70,Brisanet,2022,Tecnologia,ITR,2022-06-30 03:00:00,3.6006542090352873,Segura,0.043436023470817604,0.4766952227808826,0.1876722447739762,0.4766952227808826,4
19.796.586/0001-70,Brisanet,2022,Tecnologia,ITR,2022-09-30 03:00:00,4.2856132981372745,Segura,0.12023880821795861,0.4348786224144186,0.24144640678888715,0.4348786224144186,4
19.796.586/0001-70,Brisanet,2022,Tecnologia,DFP,2022-12-31 03:00:00,5.041432892481654,Segura,0.10859654274914206,0.44785568842900786,0.3569615409104553,0.44785568842900786,4
19.796.586/0001-70,Brisanet,2023,Tecnologia,ITR,2023-03-31 03:00:00,3.5663822852474074,Segura,0.11094115463895504,0.4687082803772255,0.12179696761756255,0.4687082803772255,4
19.796.586/0001-70,Brisanet,2023,Tecnologia,ITR,2023-06-30 03:00:00,4.367811186634374,Segura,0.10775362507810997,0.47807028691981174,0.23816435557999763,0.47807028691981174,4
19.796.586/0001-70,Brisanet,2023,Tecnologia,ITR,2023-09-30 03:00:00,5.0981651564775365,Segura,0.12942451328556331,0.47435831475355983,0.32807381141910696,0.47435831475355983,4
19.796.586/0001-70,Brisanet,2023,Tecnologia,DFP,2023-12-31 03:00:00,5.699697148996426,Segura,0.10917354497950428,0.4718169070400009,0.4389862834209039,0.4718169070400009,4
19.796.586/0001-70,Brisanet,2024,Tecnologia,ITR,2024-03-31 03:00:00,3.0750763798550453,Segura,0.05479676382431033,0.4686364380723521,0.10353966682674585,0.4686364380723521,4
19.796.586/0001-70,Brisanet,2024,Tecnologia,ITR,2024-06-30 03:00:00,3.593524969640117,Segura,0.03396973949887408,0.46826362074022365,0.2012600108835029,0.46826362074022365,4
19.796.586/0001-70,Brisanet,2024,Tecnologia,ITR,2024-09-30 03:00:00,4.010787156134231,Segura,0.09983000171526249,0.38479720471362017,0.2525932131795249,0.38479720471362017,4
24.990.777/0001-09,Grupo Mateus,2019,Varejo,DFP,2019-12-31 03:00:00,6.312097291266714,Segura,0.4294993176969798,0.47297454029470054,0.21667581822981674,0.47297454029470054,4
24.990.777/0001-09,Grupo Mateus,2020,Varejo,ITR,2020-03-31 03:00:00,5.162810515496553,Segura,0.41327277423302905,0.474300053246112,0.06064105461862213,0.474300053246112,4
24.990.777/0001-09,Grupo Mateus,2020,Varejo,ITR,2020-06-30 03:00:00,5.6733718678513565,Segura,0.4257459148938161,0.45146270893335805,0.13908845098886155,0.45146270893335805,4
24.990.777/0001-09,Grupo Mateus,2020,Varejo,ITR,2020-09-30 03:00:00,6.868593137772284,Segura,0.41743245401456813,0.4429817099845153,0.33050373056599053,0.4429817099845153,4
24.990.777/0001-09,Grupo Mateus,2020,Varejo,DFP,2020-12-31 03:00:00,8.080245294168803,Segura,0.5738323987758563,0.6961508949394606,0.19575809538840924,0.6961508949394606,4
24.990.777/0001-09,Grupo Mateus,2021,Varejo,ITR,2021-03-31 03:00:00,7.051616205086962,Segura,0.5680189647259276,0.7167703252641171,0.035138645029245845,0.7167703252641171,4
24.990.777/0001-09,Grupo Mateus,2021,Varejo,ITR,2021-06-30 03:00:00,6.892906356288368,Segura,0.5226042923288443,0.6913003924598926,0.07219010522455524,0.6913003924598926,4
24.990.777/0001-09,Grupo Mateus,2021,Varejo,ITR,2021-09-30 03:00:00,7.71947119296482,Segura,0.503901438665352,0.6808900926497314,0.22012521666663226,0.6808900926497314,4
24.990.777/0001-09,Grupo Mateus,2021,Varejo,DFP,2021-12-31 03:00:00,7.763138614389506,Segura,0.4642716402254909,0.6505863239856269,0.28474547591253474,0.6505863239856269,4
24.990.777/0001-09,Grupo Mateus,2022,Varejo,ITR,2022-03-31 03:00:00,6.0742538604426155,Segura,0.43616275990504844,0.6382170482606713,0.06879623176517939,0.6382170482606713,4
24.990.777/0001-09,Grupo Mateus,2022,Varejo,ITR,2022-06-30 03:00:00,6.380655521035727,Segura,0.4119133983164282,0.6069403393483885,0.15812362581672681,0.6069403393483885,4
24.990.777/0001-09,Grupo Mateus,2022,Varejo,ITR,2022-09-30 03:00:00,7.042621317994128,Segura,0.45836174507149346,0.583742251133153,0.2261665428483992,0.583742251133153,4
24.990.777/0001-09,Grupo Mateus,2022,Varejo,DFP,2022-12-31 03:00:00,7.513148642733402,Segura,0.4558918324256341,0.5686082820954078,0.30830305449256473,0.5686082820954078,4
24.990.777/0001-09,Grupo Mateus,2023,Varejo,ITR,2023-03-31 03:00:00,5.834762647847141,Segura,0.4437706949571512,0.5669168457042277,0.07146060772961431,0.5669168457042277,4
24.990.777/0001-09,Grupo Mateus,2023,Varejo,ITR,2023-06-30 03:00:00,6.228836945866221,Segura,0.41966947182803005,0.5616863211574182,0.15698469739373083,0.5616863211574182,4
24.990.777/0001-09,Grupo Mateus,2023,Varejo,ITR,2023-09-30 03:00:00,6.613748938021981,Segura,0.40492794463036097,0.5569356240541359,0.23170075618653088,0.5569356240541359,4
24.990.777/0001-09,Grupo Mateus,2023,Varejo,DFP,2023-12-31 03:00:00,6.806282894067576,Segura,0.3750500694002236,0.5363669520928154,0.30271024929792795,0.5363669520928154,4
24.990.777/0001-09,Grupo Mateus,2024,Varejo,ITR,2024-03-31 03:00:00,5.139063387906558,Segura,0.35422408675797706,0.5398283005840309,0.07272223262753813,0.5398283005840309,4
24.990.777/0001-09,Grupo Mateus,2024,Varejo,ITR,2024-06-30 03:00:00,5.46885666295877,Segura,0.3317682765660958,0.5312491827684629,0.14922214151087898,0.5312491827684629,4
24.990.777/0001-09,Grupo Mateus,2024,Varejo,ITR,2024-09-30 03:00:00,5.904871539505119,Segura,0.31923362580866455,0.5249369925290444,0.23038995779763366,0.5249369925290444,4
24.990.777/0001-09,Grupo Mateus,2024,Varejo,DFP,2024-12-31 03:00:00,7.002962544757667,Segura,0.38482568100272785,0.5255171044618578,0.32939395195672083,0.5255171044618578,4
24.990.777/0001-09,Grupo Mateus,2025,Varejo,ITR,2025-03-31 03:00:00,5.144083094400328,Segura,0.3654238305970127,0.5035708213734265,0.08579055439947264,0.5035708213734265,4
24.990.777/0001-09,Grupo Mateus,2025,Varejo,ITR,2025-06-30 03:00:00,5.514497383265146,Segura,0.33185549643281737,0.5069862547193241,0.1714902632180918,0.5069862547193241,4
24.990.777/0001-09,Grupo Mateus,2025,Varejo,ITR,2025-09-30 03:00:00,5.183302739569768,Segura,0.25204399729525034,0.4748208069575014,0.22074649394733556,0.4748208069575014,4
24.990.777/0001-09,Grupo Mateus,2025,Varejo,DFP,2025-12-31 03:00:00,5.332179489055812,Segura,0.22406389056773704,0.47091858603563547,0.27271744957111144,0.47091858603563547,4
24.990.777/0001-09,Grupo Mateus,2026,Varejo,ITR,2026-03-31 03:00:00,3.877379791130072,Segura,0.2177274455424892,0.4849971935213091,0.053385393496205434,0.4849971935213091,4
33.000.167/0001-01,Petrobras,2015,Petróleo,ITR,2015-03-31 03:00:00,2.3861017852077295,Cinza,0.056741527114675436,0.3674652742719497,0.06400327905109454,0.3674652742719497,4
33.000.167/0001-01,Petrobras,2015,Petróleo,ITR,2015-06-30 03:00:00,2.7643712025732605,Segura,0.06957298914580373,0.36006442460656884,0.11251409579203514,0.36006442460656884,4
33.000.167/0001-01,Petrobras,2015,Petróleo,ITR,2015-09-30 03:00:00,2.815429710529197,Segura,0.0715583074449151,0.3123592417895964,0.14877066690139787,0.3123592417895964,4
33.000.167/0001-01,Petrobras,2015,Petróleo,DFP,2015-12-31 02:00:00,3.3156139779033142,Segura,0.06444477772778527,0.28654590700283844,0.24670288345637043,0.28654590700283844,4
33.000.167/0001-01,Petrobras,2016,Petróleo,ITR,2016-03-31 03:00:00,2.0357046161366914,Cinza,0.04514293030401788,0.31005051445598025,0.06000733274361004,0.31005051445598025,4
33.000.167/0001-01,Petrobras,2016,Petróleo,ITR,2016-06-30 03:00:00,2.6492109021766224,Segura,0.05980946608466979,0.3364062507637487,0.12008182498057024,0.3364062507637487,4
33.000.167/0001-01,Petrobras,2016,Petróleo,ITR,2016-09-30 03:00:00,3.277226275700132,Segura,0.07709479261858104,0.32621270259435314,0.20320054880068128,0.32621270259435314,4
33.000.167/0001-01,Petrobras,2016,Petróleo,DFP,2016-12-31 02:00:00,3.6802620924410983,Segura,0.08042785531930753,0.3139879122176049,0.2677630148643696,0.3139879122176049,4
33.000.167/0001-01,Petrobras,2017,Petróleo,ITR,2017-03-31 03:00:00,2.402780294551333,Cinza,0.0705301467173236,0.33058476281841415,0.07667889945510795,0.33058476281841415,4
33.000.167/0001-01,Petrobras,2017,Petróleo,ITR,2017-06-30 03:00:00,2.985374422996483,Segura,0.08968088766344824,0.3231764213777792,0.14943116425387412,0.3231764213777792,4
33.000.167/0001-01,Petrobras,2017,Petróleo,ITR,2017-09-30 03:00:00,3.392470536280742,Segura,0.09043004465896227,0.32905693706693867,0.20550804234515532,0.32905693706693867,4
33.000.167/0001-01,Petrobras,2017,Petróleo,DFP,2017-12-31 02:00:00,3.6594747923970097,Segura,0.08824134260957409,0.32423828794429443,0.25046794104736536,0.32423828794429443,4
33.000.167/0001-01,Petrobras,2018,Petróleo,ITR,2018-03-31 03:00:00,2.5387327328784823,Cinza,0.08165474129196884,0.3370163064382463,0.08192520078189365,0.3370163064382463,4
33.000.167/0001-01,Petrobras,2018,Petróleo,ITR,2018-06-30 03:00:00,2.982673531840024,Segura,0.07010144869584443,0.33806196062012367,0.15859538364918932,0.33806196062012367,4
33.000.167/0001-01,Petrobras,2018,Petróleo,ITR,2018-09-30 03:00:00,3.4684253769226863,Segura,0.06475755575963708,0.3417051626986141,0.2337599047482798,0.3417051626986141,4
33.000.167/0001-01,Petrobras,2018,Petróleo,DFP,2018-12-31 02:00:00,3.7596354865289205,Segura,0.054084207174426156,0.32951992683094067,0.29532919684870995,0.32951992683094067,4
33.000.167/0001-01,Petrobras,2019,Petróleo,ITR,2019-03-31 03:00:00,1.8791628522991044,Cinza,0.017981491686220548,0.3045358328583154,0.06676411119317828,0.3045358328583154,4
33.000.167/0001-01,Petrobras,2019,Petróleo,ITR,2019-06-30 03:00:00,2.952740199409892,Segura,0.04453466881050259,0.32055803275427663,0.19032554328006895,0.32055803275427663,4
33.000.167/0001-01,Petrobras,2019,Petróleo,ITR,2019-09-30 03:00:00,3.513951310217261,Segura,0.015080073339715403,0.3350619006668722,0.29329006506465904,0.3350619006668722,4
33.000.167/0001-01,Petrobras,2019,Petróleo,DFP,2019-12-31 03:00:00,3.953031475867997,Segura,-0.0043692785506867626,0.3230382792429032,0.38532722613446274,0.3230382792429032,4
33.000.167/0001-01,Petrobras,2020,Petróleo,ITR,2020-03-31 03:00:00,2.2196205054315103,Cinza,0.029563266419319813,0.24178069150770085,0.14637063948252704,0.24178069150770085,4
33.000.167/0001-01,Petrobras,2020,Petróleo,ITR,2020-06-30 03:00:00,2.878787391320623,Segura,0.056895488512937104,0.24205579120950566,0.21760305454803366,0.24205579120950566,4
33.000.167/0001-01,Petrobras,2020,Petróleo,ITR,2020-09-30 03:00:00,3.345150664470754,Segura,0.011329666573443958,0.25932589623276675,0.3204067617538299,0.25932589623276675,4
33.000.167/0001-01,Petrobras,2020,Petróleo,DFP,2020-12-31 03:00:00,3.64221153127497,Segura,0.006112906476379329,0.31511445495782436,0.33392374463120517,0.31511445495782436,4
33.000.167/0001-01,Petrobras,2021,Petróleo,ITR,2021-03-31 03:00:00,2.3703369545509636,Cinza,0.02955374377806694,0.3207958063995881,0.11813012943223515,0.3207958063995881,4
33.000.167/0001-01,Petrobras,2021,Petróleo,ITR,2021-06-30 03:00:00,3.9245661837575563,Segura,0.037824752747632105,0.3849287320475821,0.3002072872928588,0.3849287320475821,4
33.000.167/0001-01,Petrobras,2021,Petróleo,ITR,2021-09-30 03:00:00,5.104867909661441,Segura,0.028388542396600353,0.3854449983533209,0.4847278465233526,0.3854449983533209,4
33.000.167/0001-01,Petrobras,2021,Petróleo,DFP,2021-12-31 03:00:00,6.316961193318059,Segura,0.03426071816566302,0.4004117370761734,0.6497673058561017,0.4004117370761734,4
33.000.167/0001-01,Petrobras,2022,Petróleo,ITR,2022-03-31 03:00:00,3.563709377146622,Segura,0.06938283423220269,0.43764657111214805,0.18189006891220452,0.43764657111214805,4
33.000.167/0001-01,Petrobras,2022,Petróleo,ITR,2022-06-30 03:00:00,4.900457552794017,Segura,0.05337425877378941,0.410898588112115,0.4135936756658844,0.410898588112115,4
33.000.167/0001-01,Petrobras,2022,Petróleo,ITR,2022-09-30 03:00:00,6.253445508213606,Segura,0.024821280448809276,0.3948029388733756,0.653127565762674,0.3948029388733756,4
33.000.167/0001-01,Petrobras,2022,Petróleo,DFP,2022-12-31 03:00:00,7.934855526057403,Segura,-0.0006951917101204146,0.37307427288987816,0.942182420761967,0.37307427288987816,4
33.000.167/0001-01,Petrobras,2023,Petróleo,ITR,2023-03-31 03:00:00,3.2571907146806023,Segura,0.029373263422295844,0.41223633909237595,0.19163147100330377,0.41223633909237595,4
33.000.167/0001-01,Petrobras,2023,Petróleo,ITR,2023-06-30 03:00:00,3.7903853849578826,Segura,-0.014925403272624106,0.3758671484634902,0.33754592567688313,0.3758671484634902,4
33.000.167/0001-01,Petrobras,2023,Petróleo,ITR,2023-09-30 03:00:00,4.8343006818164085,Segura,-0.007079501041447261,0.3778561788636913,0.4839556663312192,0.3778561788636913,4
33.000.167/0001-01,Petrobras,2023,Petróleo,DFP,2023-12-31 03:00:00,5.762285876325545,Segura,-0.006517345330805947,0.3638256407914069,0.6304986830185519,0.3638256407914069,4
33.000.167/0001-01,Petrobras,2024,Petróleo,ITR,2024-03-31 03:00:00,2.676460901046761,Segura,0.01132586021444928,0.38407671002874566,0.14089176157977384,0.38407671002874566,4
33.000.167/0001-01,Petrobras,2024,Petróleo,ITR,2024-06-30 03:00:00,3.240630259339863,Segura,-0.017627478539475275,0.355194353766171,0.2716337580099142,0.355194353766171,4
33.000.167/0001-01,Petrobras,2024,Petróleo,ITR,2024-09-30 03:00:00,4.28465645002222,Segura,-0.010725992230822684,0.3665198000833141,0.4129938423656746,0.3665198000833141,4
33.000.167/0001-01,Petrobras,2024,Petróleo,DFP,2024-12-31 03:00:00,4.4511049976129025,Segura,-0.052983782851483426,0.32673806918048326,0.504529395081957,0.32673806918048326,4
33.000.167/0001-01,Petrobras,2025,Petróleo,ITR,2025-03-31 03:00:00,2.219791852688296,Cinza,-0.04267170624091674,0.3464297787954511,0.14979254449707072,0.3464297787954511,4
33.000.167/0001-01,Petrobras,2025,Petróleo,ITR,2025-06-30 03:00:00,3.016242340985113,Segura,-0.03687238805334968,0.34197414226012646,0.2655084305764795,0.34197414226012646,4
33.000.167/0001-01,Petrobras,2025,Petróleo,ITR,2025-09-30 03:00:00,3.948169181164287,Segura,-0.027231819464406233,0.35061689484983144,0.38923379465000274,0.35061689484983144,4
33.000.167/0001-01,Petrobras,2025,Petróleo,DFP,2025-12-31 03:00:00,4.338691999028926,Segura,-0.047688838137338166,0.341336238923188,0.47326958146591147,0.341336238923188,4
33.000.167/0001-01,Petrobras,2026,Petróleo,ITR,2026-03-31 03:00:00,2.1759597004336846,Cinza,-0.0390291701576479,0.35822443076942834,0.13214936905530036,0.35822443076942834,4
33.042.730/0001-04,CSN Mineração,2015,Commodities,ITR,2015-03-31 03:00:00,2.726304999888982,Segura,0.20928100507975372,0.12033327745290749,0.1242239852297272,0.12033327745290749,4
33.042.730/0001-04,CSN Mineração,2015,Commodities,ITR,2015-06-30 03:00:00,2.81856715145625,Segura,0.20149124185873504,0.10403074945828655,0.1560137015919246,0.10403074945828655,4
33.042.730/0001-04,CSN Mineração,2015,Commodities,ITR,2015-09-30 03:00:00,3.5998126586937986,Segura,0.22456777545292786,0.06940841306960722,0.27194907610008706,0.06940841306960722,4
33.042.730/0001-04,CSN Mineração,2015,Commodities,DFP,2015-12-31 02:00:00,5.1870772155808345,Segura,0.2282656923927647,0.17956151425692438,0.4338904980709753,0.17956151425692438,4
33.042.730/0001-04,CSN Mineração,2016,Commodities,ITR,2016-03-31 03:00:00,2.3802470782883156,Cinza,0.20586371280019009,0.1507440465859673,0.0565586728472544,0.1507440465859673,4
33.042.730/0001-04,CSN Mineração,2016,Commodities,ITR,2016-06-30 03:00:00,2.592973089291636,Cinza,0.17949652765987942,0.16664555602046618,0.10375498830277056,0.16664555602046618,4
33.042.730/0001-04,CSN Mineração,2016,Commodities,ITR,2016-09-30 03:00:00,2.8739566487363617,Segura,0.1606529695868805,0.17631833560601826,0.15775909847983438,0.17631833560601826,4
33.042.730/0001-04,CSN Mineração,2016,Commodities,DFP,2016-12-31 02:00:00,3.273540745999484,Segura,0.15736500264089315,0.1672460943918464,0.22624935444142374,0.1672460943918464,4
33.042.730/0001-04,CSN Mineração,2017,Commodities,ITR,2017-03-31 03:00:00,2.190062803180535,Cinza,0.15398799835488763,0.17520005692335436,0.06321269176083556,0.17520005692335436,4
33.042.730/0001-04,CSN Mineração,2017,Commodities,ITR,2017-06-30 03:00:00,2.287810283853008,Cinza,0.12438591565806456,0.1606259631504922,0.11600309166033973,0.1606259631504922,4
33.042.730/0001-04,CSN Mineração,2017,Commodities,ITR,2017-09-30 03:00:00,2.4282898421658543,Cinza,0.08672434448390542,0.18158134917826535,0.16023251895730822,0.18158134917826535,4
33.042.730/0001-04,CSN Mineração,2017,Commodities,DFP,2017-12-31 02:00:00,2.43780511311996,Cinza,0.026795992122976415,0.18332746073487774,0.2190300668193321,0.18332746073487774,4
33.042.730/0001-04,CSN Mineração,2018,Commodities,ITR,2018-03-31 03:00:00,2.0760762236765724,Cinza,0.036078708862797605,0.1833922033749382,0.15609813943313045,0.1833922033749382,4
33.042.730/0001-04,CSN Mineração,2018,Commodities,ITR,2018-06-30 03:00:00,2.9316434705334147,Segura,0.05691631168711992,0.1779333372867688,0.2665743723452284,0.1779333372867688,4
33.042.730/0001-04,CSN Mineração,2018,Commodities,ITR,2018-09-30 03:00:00,3.503967734230037,Segura,0.040966506398254394,0.18922726985011662,0.36006814273861387,0.18922726985011662,4
33.042.730/0001-04,CSN Mineração,2018,Commodities,DFP,2018-12-31 02:00:00,4.130324768479331,Segura,0.012169049874656447,0.21157751671099465,0.46705308099363063,0.21157751671099465,4
33.042.730/0001-04,CSN Mineração,2019,Commodities,ITR,2019-03-31 03:00:00,1.538257374474866,Cinza,0.03499538141289648,0.20520267791970237,0.06313454323993274,0.20520267791970237,4
33.042.730/0001-04,CSN Mineração,2019,Commodities,ITR,2019-06-30 03:00:00,2.554714934168148,Cinza,0.05100970424879545,0.23913199573260982,0.176998864983408,0.23913199573260982,4
33.042.730/0001-04,CSN Mineração,2019,Commodities,ITR,2019-09-30 03:00:00,2.3867724813105298,Cinza,0.013642042338769768,0.19718192113559344,0.21539086361217152,0.19718192113559344,4
33.042.730/0001-04,CSN Mineração,2019,Commodities,DFP,2019-12-31 03:00:00,3.05353886161069,Segura,0.021739015904216917,0.22335548868436814,0.2899209465847322,0.22335548868436814,4
33.042.730/0001-04,CSN Mineração,2020,Commodities,ITR,2020-03-31 03:00:00,1.307515281456511,Cinza,0.045800811762089104,0.1025460138588633,0.08409057091748598,0.1025460138588633,4
33.042.730/0001-04,CSN Mineração,2020,Commodities,ITR,2020-06-30 03:00:00,1.741326152182921,Cinza,0.06477239700296293,0.09940059040224054,0.13214325643003388,0.09940059040224054,4
33.042.730/0001-04,CSN Mineração,2020,Commodities,ITR,2020-09-30 03:00:00,2.476421953765252,Cinza,0.09962260065138615,0.11123497733536289,0.19992186624653943,0.11123497733536289,4
33.042.730/0001-04,CSN Mineração,2020,Commodities,DFP,2020-12-31 03:00:00,4.150862266841088,Segura,0.1374635331883679,0.17858922558340035,0.36895564387811597,0.17858922558340035,4
33.042.730/0001-04,CSN Mineração,2021,Commodities,ITR,2021-03-31 03:00:00,4.119595532491801,Segura,0.1898046169823613,0.24792768063666648,0.2687364496344462,0.24792768063666648,4
33.042.730/0001-04,CSN Mineração,2021,Commodities,ITR,2021-06-30 03:00:00,5.996581664331008,Segura,0.2497227628914925,0.315912338151843,0.4459550836798175,0.315912338151843,4
33.042.730/0001-04,CSN Mineração,2021,Commodities,ITR,2021-09-30 03:00:00,6.174079405141453,Segura,0.15007166697245153,0.3063163147239942,0.575801481152047,0.3063163147239942,4
33.042.730/0001-04,CSN Mineração,2021,Commodities,DFP,2021-12-31 03:00:00,6.480038364127143,Segura,0.13140407998815506,0.2944652700346085,0.6471551020172148,0.2944652700346085,4
33.042.730/0001-04,CSN Mineração,2022,Commodities,ITR,2022-03-31 03:00:00,3.2980784109767045,Segura,0.16724899793671014,0.3340192868606339,0.11328896698549906,0.3340192868606339,4
33.042.730/0001-04,CSN Mineração,2022,Commodities,ITR,2022-06-30 03:00:00,3.6689811441580575,Segura,0.16770273635673835,0.31048957832720175,0.18313111771839505,0.31048957832720175,4
33.042.730/0001-04,CSN Mineração,2022,Commodities,ITR,2022-09-30 03:00:00,3.5098886743437516,Segura,0.11774382269917887,0.28788691804157535,0.22272270545802805,0.28788691804157535,4
33.042.730/0001-04,CSN Mineração,2022,Commodities,DFP,2022-12-31 03:00:00,3.497395128560452,Segura,0.09533480299465433,0.25559378871323957,0.2634508320775978,0.25559378871323957,4
33.042.730/0001-04,CSN Mineração,2023,Commodities,ITR,2023-03-31 03:00:00,2.371075652803484,Cinza,0.1368896228934278,0.2505066984008895,0.05854105007660179,0.2505066984008895,4
33.042.730/0001-04,CSN Mineração,2023,Commodities,ITR,2023-06-30 03:00:00,2.503181766543399,Cinza,0.11619942341615318,0.24586232289983184,0.10137603232666058,0.24586232289983184,4
33.042.730/0001-04,CSN Mineração,2023,Commodities,ITR,2023-09-30 03:00:00,2.85433287127218,Segura,0.12473858341307387,0.2273602948383895,0.15716144245966623,0.2273602948383895,4
33.042.730/0001-04,CSN Mineração,2023,Commodities,DFP,2023-12-31 03:00:00,2.9381426939796165,Segura,0.08806535188788953,0.21506498654207618,0.21331903178552278,0.21506498654207618,4
33.042.730/0001-04,CSN Mineração,2024,Commodities,ITR,2024-03-31 03:00:00,1.7544865223995745,Cinza,0.0801843883049913,0.21513705205358793,0.04482682154283742,0.21513705205358793,4
33.042.730/0001-04,CSN Mineração,2024,Commodities,ITR,2024-06-30 03:00:00,2.060856295250385,Cinza,0.07619162599956111,0.17589876889164474,0.11948147838843376,0.17589876889164474,4
33.042.730/0001-04,CSN Mineração,2024,Commodities,ITR,2024-09-30 03:00:00,2.430226778126843,Cinza,0.09069888668851897,0.15726037945800708,0.17223956041460542,0.15726037945800708,4
33.042.730/0001-04,CSN Mineração,2024,Commodities,DFP,2024-12-31 03:00:00,3.2151088691586582,Segura,0.14117688747825524,0.14877888378544074,0.24520111580149623,0.14877888378544074,4
33.042.730/0001-04,CSN Mineração,2025,Commodities,ITR,2025-03-31 03:00:00,1.9066280805264952,Cinza,0.13872710224972623,0.1629946236438418,0.043760634205853126,0.1629946236438418,4
33.042.730/0001-04,CSN Mineração,2025,Commodities,ITR,2025-06-30 03:00:00,1.9452607270137512,Cinza,0.08866616326348764,0.1667469685069991,0.09597191394942056,0.1667469685069991,4
33.042.730/0001-04,CSN Mineração,2025,Commodities,ITR,2025-09-30 03:00:00,2.2501397087556896,Cinza,0.07949802070093474,0.1721325573769009,0.14683651349153498,0.1721325573769009,4
33.042.730/0001-04,CSN Mineração,2025,Commodities,DFP,2025-12-31 03:00:00,2.1584523559043567,Cinza,0.02243322617091268,0.15646325891183158,0.19894847415374634,0.15646325891183158,4
33.042.730/0001-04,CSN Mineração,2026,Commodities,ITR,2026-03-31 03:00:00,1.1679637552878925,Cinza,0.029355128083659147,0.16034046006784577,0.04231052562004067,0.16034046006784577,4
33.256.439/0001-39,Ultrapar,2015,Petróleo,ITR,2015-03-31 03:00:00,4.346571854498108,Segura,0.2614308176629111,0.3956541589738653,0.13784468235893635,0.3956541589738653,4
33.256.439/0001-39,Ultrapar,2015,Petróleo,ITR,2015-06-30 03:00:00,5.1780809265782075,Segura,0.28546606880560427,0.414789651485155,0.22584525555244422,0.414789651485155,4
33.256.439/0001-39,Ultrapar,2015,Petróleo,ITR,2015-09-30 03:00:00,5.860998850291104,Segura,0.2982486198627492,0.3824622197929124,0.33572555605416915,0.3824622197929124,4
33.256.439/0001-39,Ultrapar,2015,Petróleo,DFP,2015-12-31 02:00:00,6.607599091559882,Segura,0.28989524921934506,0.3803353221200618,0.4563453896344513,0.3803353221200618,4
33.256.439/0001-39,Ultrapar,2016,Petróleo,ITR,2016-03-31 03:00:00,3.9695855065020655,Segura,0.2464148312534085,0.40190233878807763,0.09239659721772192,0.40190233878807763,4
33.256.439/0001-39,Ultrapar,2016,Petróleo,ITR,2016-06-30 03:00:00,5.149644445365276,Segura,0.32595901987386455,0.40984050500978164,0.18525903250008408,0.40984050500978164,4
33.256.439/0001-39,Ultrapar,2016,Petróleo,ITR,2016-09-30 03:00:00,5.649870570816265,Segura,0.2976262079657843,0.4068259527385386,0.2892891056930981,0.4068259527385386,4
33.256.439/0001-39,Ultrapar,2016,Petróleo,DFP,2016-12-31 02:00:00,5.94430239105087,Segura,0.3114632774371504,0.3542497890078797,0.35331647327964333,0.3542497890078797,4
33.256.439/0001-39,Ultrapar,2017,Petróleo,ITR,2017-03-31 03:00:00,4.136321535769659,Segura,0.28936263313064314,0.38304130277113935,0.08738015587634378,0.38304130277113935,4
33.256.439/0001-39,Ultrapar,2017,Petróleo,ITR,2017-06-30 03:00:00,4.691977887159719,Segura,0.3164976165796014,0.3672701437452799,0.15369333375824065,0.3672701437452799,4
33.256.439/0001-39,Ultrapar,2017,Petróleo,ITR,2017-09-30 03:00:00,5.276619886341857,Segura,0.32341241141270394,0.3516635556720797,0.243953056923788,0.3516635556720797,4
33.256.439/0001-39,Ultrapar,2017,Petróleo,DFP,2017-12-31 02:00:00,5.42650027984862,Segura,0.28889237744017165,0.34300358337495246,0.305509053496287,0.34300358337495246,4
33.256.439/0001-39,Ultrapar,2018,Petróleo,ITR,2018-03-31 03:00:00,3.978387212436178,Segura,0.34335146398579325,0.3315547471748807,0.04419652505441052,0.3315547471748807,4
33.256.439/0001-39,Ultrapar,2018,Petróleo,ITR,2018-06-30 03:00:00,4.106973109538416,Segura,0.29537115824765375,0.33368452419108513,0.1088032756205699,0.33368452419108513,4
33.256.439/0001-39,Ultrapar,2018,Petróleo,ITR,2018-09-30 03:00:00,4.571862453256705,Segura,0.3065710296784362,0.32087232410402644,0.17526737822586447,0.32087232410402644,4
33.256.439/0001-39,Ultrapar,2018,Petróleo,DFP,2018-12-31 02:00:00,5.2223047644715574,Segura,0.3237739305976397,0.3213187999302937,0.25497972500766,0.3213187999302937,4
33.256.439/0001-39,Ultrapar,2019,Petróleo,ITR,2019-03-31 03:00:00,3.8439372844304804,Segura,0.3137963690803805,0.3184009999081344,0.06147690381832223,0.3184009999081344,4
33.256.439/0001-39,Ultrapar,2019,Petróleo,ITR,2019-06-30 03:00:00,4.30464652963541,Segura,0.32707474705140877,0.3216163793516517,0.11501035624591516,0.3216163793516517,4
33.256.439/0001-39,Ultrapar,2019,Petróleo,ITR,2019-09-30 03:00:00,4.795884600713335,Segura,0.3209592645704128,0.31679796754499046,0.1971715156268629,0.31679796754499046,4
33.256.439/0001-39,Ultrapar,2019,Petróleo,DFP,2019-12-31 03:00:00,5.079697306134685,Segura,0.3161672309365923,0.315275723348568,0.24505980707712965,0.315275723348568,4
33.256.439/0001-39,Ultrapar,2020,Petróleo,ITR,2020-03-31 03:00:00,3.6425436647896805,Segura,0.29333995358173237,0.2877915933850137,0.07110889907799219,0.2877915933850137,4
33.256.439/0001-39,Ultrapar,2020,Petróleo,ITR,2020-06-30 03:00:00,3.6449383627779652,Segura,0.2688738750988355,0.2789231540036254,0.10103674826993739,0.2789231540036254,4
33.256.439/0001-39,Ultrapar,2020,Petróleo,ITR,2020-09-30 03:00:00,3.702592250699517,Segura,0.238952483762656,0.268417070192704,0.1455634501020743,0.268417070192704,4
33.256.439/0001-39,Ultrapar,2020,Petróleo,DFP,2020-12-31 03:00:00,4.089234456221189,Segura,0.2275363624581871,0.2733853989397344,0.21105726920613485,0.2733853989397344,4
33.256.439/0001-39,Ultrapar,2021,Petróleo,ITR,2021-03-31 03:00:00,3.1506784042696903,Segura,0.24554360344108597,0.2658746609462191,0.058629847770530076,0.2658746609462191,4
33.256.439/0001-39,Ultrapar,2021,Petróleo,ITR,2021-06-30 03:00:00,3.4399271023002997,Segura,0.21205812808481564,0.279341923047724,0.12572352585241353,0.279341923047724,4
33.256.439/0001-39,Ultrapar,2021,Petróleo,ITR,2021-09-30 03:00:00,3.8654015699045834,Segura,0.2140000618104274,0.2725269908877784,0.19151336811039502,0.2725269908877784,4
33.256.439/0001-39,Ultrapar,2021,Petróleo,DFP,2021-12-31 03:00:00,4.631601975444623,Segura,0.3174529010334358,0.2683707816362716,0.2072072731864515,0.2683707816362716,4
33.256.439/0001-39,Ultrapar,2022,Petróleo,ITR,2022-03-31 03:00:00,3.2509461249619,Segura,0.25439603109803083,0.2917473427187732,0.04831504670251565,0.2917473427187732,4
33.256.439/0001-39,Ultrapar,2022,Petróleo,ITR,2022-06-30 03:00:00,3.645862520509131,Segura,0.2029639502445005,0.3111340465180124,0.14485584321615694,0.3111340465180124,4
33.256.439/0001-39,Ultrapar,2022,Petróleo,ITR,2022-09-30 03:00:00,4.099835577106707,Segura,0.17443810852948555,0.3337923383471346,0.22572568554719225,0.3337923383471346,4
33.256.439/0001-39,Ultrapar,2022,Petróleo,DFP,2022-12-31 03:00:00,4.914015975685411,Segura,0.159116037503139,0.33410079299957796,0.3616429094994998,0.33410079299957796,4
33.256.439/0001-39,Ultrapar,2023,Petróleo,ITR,2023-03-31 03:00:00,3.5460873445617294,Segura,0.21323002061492186,0.36587595226992636,0.08487694271494926,0.36587595226992636,4
33.256.439/0001-39,Ultrapar,2023,Petróleo,ITR,2023-06-30 03:00:00,4.27623382766187,Segura,0.2377535354902645,0.36777182538843245,0.168374117175832,0.36777182538843245,4
33.256.439/0001-39,Ultrapar,2023,Petróleo,ITR,2023-09-30 03:00:00,5.043153640296865,Segura,0.22238431519377028,0.36373918245706727,0.3000887881303231,0.36373918245706727,4
33.256.439/0001-39,Ultrapar,2023,Petróleo,DFP,2023-12-31 03:00:00,5.925486982188161,Segura,0.19395697069123805,0.36677390819098643,0.45719251639144165,0.36677390819098643,4
33.256.439/0001-39,Ultrapar,2024,Petróleo,ITR,2024-03-31 03:00:00,3.575222217472905,Segura,0.1828164636643258,0.3926366628135292,0.10173842248640137,0.3926366628135292,4
33.256.439/0001-39,Ultrapar,2024,Petróleo,ITR,2024-06-30 03:00:00,3.893190422525513,Segura,0.14594124126210187,0.38742266922655794,0.18839645468447322,0.38742266922655794,4
33.256.439/0001-39,Ultrapar,2024,Petróleo,ITR,2024-09-30 03:00:00,4.591771648442251,Segura,0.14937633815754572,0.39033024691907464,0.2871338550457647,0.39033024691907464,4
33.256.439/0001-39,Ultrapar,2024,Petróleo,DFP,2024-12-31 03:00:00,5.700654586368386,Segura,0.14041431845240998,0.4000054198796433,0.4546894788153741,0.4000054198796433,4
33.256.439/0001-39,Ultrapar,2025,Petróleo,ITR,2025-03-31 03:00:00,3.488574292449738,Segura,0.16619981402529604,0.42088665388217494,0.08694673128149136,0.42088665388217494,4
33.256.439/0001-39,Ultrapar,2025,Petróleo,ITR,2025-06-30 03:00:00,4.0357963394427845,Segura,0.16613881194547656,0.4033435176877102,0.17968975771524207,0.4033435176877102,4
33.256.439/0001-39,Ultrapar,2025,Petróleo,ITR,2025-09-30 03:00:00,4.752076993600524,Segura,0.16212440471970938,0.4096723623807656,0.28613884178245996,0.4096723623807656,4
33.256.439/0001-39,Ultrapar,2025,Petróleo,DFP,2025-12-31 03:00:00,4.930137755553841,Segura,0.14851621899323825,0.3592903433857233,0.3582336278222814,0.3592903433857233,4
33.256.439/0001-39,Ultrapar,2026,Petróleo,ITR,2026-03-31 03:00:00,3.516728870878562,Segura,0.16560304520885052,0.3685958535968435,0.1252566615038849,0.3685958535968435,4
33.453.598/0001-23,Raízen,2020,Petróleo,DFP,2020-03-31 03:00:00,4.965395300058085,Segura,0.04846562139054836,0.14234509492582575,0.6002906941377647,0.14234509492582575,4
33.453.598/0001-23,Raízen,2020,Petróleo,ITR,2020-06-30 03:00:00,1.3032412840804146,Cinza,0.03342068622575833,0.1403863038999787,0.07127032926049584,0.1403863038999787,4
33.453.598/0001-23,Raízen,2020,Petróleo,ITR,2020-09-30 03:00:00,1.9030318500112156,Cinza,0.051605873267787636,0.15762190892722266,0.13171828778247008,0.15762190892722266,4
33.453.598/0001-23,Raízen,2020,Petróleo,ITR,2020-12-31 03:00:00,2.2078797501896297,Cinza,0.04229373103278527,0.16426007756770952,0.1819154673062099,0.16426007756770952,4
33.453.598/0001-23,Raízen,2021,Petróleo,DFP,2021-03-31 03:00:00,3.0241947328684335,Segura,0.048656968510570144,0.1787020469733312,0.28791654717024345,0.1787020469733312,4
33.453.598/0001-23,Raízen,2021,Petróleo,ITR,2021-06-30 03:00:00,1.4462421375475452,Cinza,0.022113871241880325,0.1387141323020603,0.10466030237781701,0.1387141323020603,4
33.453.598/0001-23,Raízen,2021,Petróleo,ITR,2021-09-30 03:00:00,2.0276114017404394,Cinza,0.05865131928969121,0.18001319981006805,0.1290181333361119,0.18001319981006805,4
33.453.598/0001-23,Raízen,2021,Petróleo,ITR,2021-12-31 03:00:00,2.974313142836841,Segura,0.07690448337943337,0.19948216537918026,0.2395910117683767,0.19948216537918026,4
33.453.598/0001-23,Raízen,2022,Petróleo,DFP,2022-03-31 03:00:00,3.668562516049733,Segura,0.0660738088038126,0.22182523810210966,0.33914457649949853,0.22182523810210966,4
33.453.598/0001-23,Raízen,2022,Petróleo,ITR,2022-06-30 03:00:00,2.3186859577866654,Cinza,0.08906233898147196,0.2173483175392173,0.11870026271937244,0.2173483175392173,4
33.453.598/0001-23,Raízen,2022,Petróleo,ITR,2022-09-30 03:00:00,2.9064627191261443,Segura,0.10602750501851785,0.21216757978708659,0.19292857400629826,0.21216757978708659,4
33.453.598/0001-23,Raízen,2022,Petróleo,ITR,2022-12-31 03:00:00,2.9939331249311647,Segura,0.07474439977511275,0.2075492453420737,0.2394453296104297,0.2075492453420737,4
33.453.598/0001-23,Raízen,2023,Petróleo,DFP,2023-03-31 03:00:00,3.4310410026805296,Segura,0.023771503561544505,0.20532371682117698,0.3556777856871317,0.20532371682117698,4
33.453.598/0001-23,Raízen,2023,Petróleo,ITR,2023-06-30 03:00:00,1.4955098803256306,Cinza,0.012291524134514925,0.20880503778667092,0.07662615612241981,0.20880503778667092,4
33.453.598/0001-23,Raízen,2023,Petróleo,ITR,2023-09-30 03:00:00,2.024651946832315,Cinza,0.029102749942228105,0.18603044767559138,0.15356349370974703,0.18603044767559138,4
33.453.598/0001-23,Raízen,2023,Petróleo,ITR,2023-12-31 03:00:00,2.6200241745506054,Segura,0.03154157266748479,0.1844948378033514,0.2407646885296816,0.1844948378033514,4
33.453.598/0001-23,Raízen,2024,Petróleo,DFP,2024-03-31 03:00:00,3.050858151876402,Segura,0.03917012284984683,0.17260877410639497,0.30505332285459,0.17260877410639497,4
33.453.598/0001-23,Raízen,2024,Petróleo,ITR,2024-06-30 03:00:00,1.6013582934274948,Cinza,0.03294803670956705,0.1684991053679697,0.09806369471380741,0.1684991053679697,4
33.453.598/0001-23,Raízen,2024,Petróleo,ITR,2024-09-30 03:00:00,2.1581484941590623,Cinza,0.06292706919650166,0.15748495706814636,0.15871826715272336,0.15748495706814636,4
33.453.598/0001-23,Raízen,2024,Petróleo,ITR,2024-12-31 03:00:00,2.453291118981032,Cinza,0.05614632098663162,0.14202401529136283,0.21917377193496346,0.14202401529136283,4
33.453.598/0001-23,Raízen,2025,Petróleo,DFP,2025-03-31 03:00:00,3.052406416275646,Segura,0.10768007569492463,0.12890765608698765,0.26643350029494395,0.12890765608698765,4
33.453.598/0001-23,Raízen,2025,Petróleo,ITR,2025-06-30 03:00:00,1.8728764211962758,Cinza,0.1328435848090713,0.12400249647614665,0.06948984301139524,0.12400249647614665,4
33.453.598/0001-23,Raízen,2025,Petróleo,ITR,2025-09-30 03:00:00,2.8144917141107246,Segura,0.1906062116289791,0.10857916738052613,0.1631158860735944,0.10857916738052613,4
33.453.598/0001-23,Raízen,2025,Petróleo,ITR,2025-12-31 03:00:00,3.462323640131846,Segura,0.21003213586965816,-0.009541878706028451,0.31631522709075466,-0.009541878706028451,4
33.592.510/0001-54,Vale,2015,Commodities,ITR,2015-03-31 03:00:00,3.050784090823507,Segura,0.07340955924719232,0.4621440692431598,0.08591911364939091,0.4621440692431598,4
33.592.510/0001-54,Vale,2015,Commodities,ITR,2015-06-30 03:00:00,3.1286830495090947,Segura,0.07180994459351385,0.4645707629921814,0.09751634292847351,0.4645707629921814,4
33.592.510/0001-54,Vale,2015,Commodities,ITR,2015-09-30 03:00:00,3.871428157888535,Segura,0.07550042942077148,0.4493967267084372,0.21417342987721874,0.4493967267084372,4
33.592.510/0001-54,Vale,2015,Commodities,DFP,2015-12-31 02:00:00,4.328006617993746,Segura,0.055666946756836685,0.40347219783473237,0.3309324813394645,0.40347219783473237,4
33.592.510/0001-54,Vale,2016,Commodities,ITR,2016-03-31 03:00:00,2.679571326314801,Segura,0.06116175919859589,0.4069534252020348,0.07803287549869677,0.4069534252020348,4
33.592.510/0001-54,Vale,2016,Commodities,ITR,2016-06-30 03:00:00,3.3314431986875244,Segura,0.06661721175051301,0.410836165099518,0.16722178839661261,0.410836165099518,4
33.592.510/0001-54,Vale,2016,Commodities,ITR,2016-09-30 03:00:00,3.7419382473831195,Segura,0.08484593618852904,0.40975046880935856,0.2112089859253027,0.40975046880935856,4
33.592.510/0001-54,Vale,2016,Commodities,DFP,2016-12-31 02:00:00,4.659251124170509,Segura,0.11446586376111567,0.4143270297544358,0.3158639225678531,0.4143270297544358,4
33.592.510/0001-54,Vale,2017,Commodities,ITR,2017-03-31 03:00:00,3.2506973140972613,Segura,0.1028822034120208,0.4229799916509755,0.11201581781230666,0.4229799916509755,4
33.592.510/0001-54,Vale,2017,Commodities,ITR,2017-06-30 03:00:00,3.56753658744593,Segura,0.09439132094401535,0.426227804888172,0.16537019092041189,0.426227804888172,4
33.592.510/0001-54,Vale,2017,Commodities,ITR,2017-09-30 03:00:00,4.29449630564586,Segura,0.08982334654612892,0.4552255579802849,0.25940967223336703,0.4552255579802849,4
33.592.510/0001-54,Vale,2017,Commodities,DFP,2017-12-31 02:00:00,4.60448894157891,Segura,0.058955795115076176,0.45140850440060654,0.33812027852044585,0.45140850440060654,4
33.592.510/0001-54,Vale,2018,Commodities,ITR,2018-03-31 03:00:00,3.1012763680491386,Segura,0.05561049349332444,0.48525118444066223,0.09598793538596376,0.48525118444066223,4
33.592.510/0001-54,Vale,2018,Commodities,ITR,2018-06-30 03:00:00,3.7723494083982816,Segura,0.07130587582606422,0.48679296963730634,0.1795394589051354,0.48679296963730634,4
33.592.510/0001-54,Vale,2018,Commodities,ITR,2018-09-30 03:00:00,4.5443416112394655,Segura,0.0697315836725904,0.48701137548659384,0.2958159812500079,0.48701137548659384,4
33.592.510/0001-54,Vale,2018,Commodities,DFP,2018-12-31 02:00:00,5.3616313921141465,Segura,0.0694715311133197,0.5082664218403065,0.4040580163510488,0.5082664218403065,4
33.592.510/0001-54,Vale,2019,Commodities,ITR,2019-03-31 03:00:00,2.348550381346612,Cinza,0.02771788924448782,0.4586298015958027,0.028277765331080725,0.4586298015958027,4
33.592.510/0001-54,Vale,2019,Commodities,ITR,2019-06-30 03:00:00,2.626033509438993,Segura,0.0322001915198593,0.452428719849574,0.06917149858884708,0.452428719849574,4
33.592.510/0001-54,Vale,2019,Commodities,ITR,2019-09-30 03:00:00,3.276754122819107,Segura,0.05384917376977232,0.4544666396861958,0.14356433420266324,0.4544666396861958,4
33.592.510/0001-54,Vale,2019,Commodities,DFP,2019-12-31 03:00:00,4.477894290001009,Segura,0.03487405405174959,0.42510675349632066,0.35965928390660556,0.42510675349632066,4
33.592.510/0001-54,Vale,2020,Commodities,ITR,2020-03-31 03:00:00,2.8392754153044533,Segura,0.0989204176847774,0.3932079712017502,0.07375463086499562,0.3932079712017502,4
33.592.510/0001-54,Vale,2020,Commodities,ITR,2020-06-30 03:00:00,3.397722681012064,Segura,0.11008496818448427,0.3961651191336493,0.1440615515261635,0.3961651191336493,4
33.592.510/0001-54,Vale,2020,Commodities,ITR,2020-09-30 03:00:00,4.495724309574997,Segura,0.08577744089556644,0.4153080868554045,0.31890572067757245,0.4153080868554045,4
33.592.510/0001-54,Vale,2020,Commodities,DFP,2020-12-31 03:00:00,5.591325516225451,Segura,0.10659801664827155,0.37852920249024996,0.48520560480354363,0.37852920249024996,4
33.592.510/0001-54,Vale,2021,Commodities,ITR,2021-03-31 03:00:00,4.121025708274129,Segura,0.13044604643194124,0.4074143311378712,0.22460474352326934,0.4074143311378712,4
33.592.510/0001-54,Vale,2021,Commodities,ITR,2021-06-30 03:00:00,6.170598500690671,Segura,0.11445017035546506,0.43805542839907374,0.52556346529149,0.43805542839907374,4
33.592.510/0001-54,Vale,2021,Commodities,ITR,2021-09-30 03:00:00,6.68618192680656,Segura,0.04505933005431951,0.39246257482972474,0.6992677119247188,0.39246257482972474,4
33.592.510/0001-54,Vale,2021,Commodities,DFP,2021-12-31 03:00:00,8.324012173230113,Segura,0.08011171483066468,0.3948045391162187,0.9072725833854242,0.3948045391162187,4
33.592.510/0001-54,Vale,2022,Commodities,ITR,2022-03-31 03:00:00,3.595916771655684,Segura,0.05149824615468281,0.41322091199956495,0.21980746222661313,0.41322091199956495,4
33.592.510/0001-54,Vale,2022,Commodities,ITR,2022-06-30 03:00:00,4.665079166355487,Segura,0.04629447322384338,0.43840341098113234,0.36783760724380865,0.43840341098113234,4
33.592.510/0001-54,Vale,2022,Commodities,ITR,2022-09-30 03:00:00,5.484726314895844,Segura,0.011511289874791492,0.43017853168530146,0.5290391044276134,0.43017853168530146,4
33.592.510/0001-54,Vale,2022,Commodities,DFP,2022-12-31 03:00:00,6.151437610694616,Segura,0.01881615485225646,0.4298623471780179,0.6213239462093091,0.4298623471780179,4
33.592.510/0001-54,Vale,2023,Commodities,ITR,2023-03-31 03:00:00,2.689100637853467,Segura,0.017492068988000622,0.4439950266765294,0.09832352683278886,0.4439950266765294,4
33.592.510/0001-54,Vale,2023,Commodities,ITR,2023-06-30 03:00:00,3.3828390154091728,Segura,0.021753326259080892,0.440131871321162,0.19987631395169556,0.440131871321162,4
33.592.510/0001-54,Vale,2023,Commodities,ITR,2023-09-30 03:00:00,4.075541148195439,Segura,0.011561394099470178,0.44357649213120565,0.3106969824133064,0.44357649213120565,4
33.592.510/0001-54,Vale,2023,Commodities,DFP,2023-12-31 03:00:00,5.236966310221411,Segura,0.04294229622092003,0.43493850661426714,0.4584345064739114,0.43493850661426714,4
33.592.510/0001-54,Vale,2024,Commodities,ITR,2024-03-31 03:00:00,2.5308885778972257,Cinza,0.020186318453037227,0.4253754642132772,0.08409197590566618,0.4253754642132772,4
33.592.510/0001-54,Vale,2024,Commodities,ITR,2024-06-30 03:00:00,3.3729686240220316,Segura,0.01256326806969301,0.44301875663315216,0.20552719410654166,0.44301875663315216,4
33.592.510/0001-54,Vale,2024,Commodities,ITR,2024-09-30 03:00:00,3.9538262166035456,Segura,-0.01545044170669354,0.44661316901321196,0.3170057077012667,0.44661316901321196,4
33.592.510/0001-54,Vale,2024,Commodities,DFP,2024-12-31 03:00:00,4.235094085528635,Segura,0.004877852213771219,0.4306049463557145,0.34928393693648313,0.4306049463557145,4
33.592.510/0001-54,Vale,2025,Commodities,ITR,2025-03-31 03:00:00,2.5475367669160374,Cinza,0.01742118094983635,0.4356693774630953,0.0826664885445194,0.4356693774630953,4
33.592.510/0001-54,Vale,2025,Commodities,ITR,2025-06-30 03:00:00,3.222762980864756,Segura,0.03447101328802618,0.4479994971879017,0.15859453881182256,0.4479994971879017,4
33.592.510/0001-54,Vale,2025,Commodities,ITR,2025-09-30 03:00:00,3.977787435071028,Segura,0.03468789759007574,0.46341191826836825,0.2608525980868249,0.46341191826836825,4
33.592.510/0001-54,Vale,2025,Commodities,DFP,2025-12-31 03:00:00,4.130456464479703,Segura,0.027988170403323714,0.3968249967443404,0.33281820396812395,0.3968249967443404,4
33.592.510/0001-54,Vale,2026,Commodities,ITR,2026-03-31 03:00:00,2.696320810721543,Segura,0.036999122870335736,0.4285358059202971,0.09027042279399702,0.4285358059202971,4
33.611.500/0001-19,Gerdau,2015,Commodities,ITR,2015-03-31 03:00:00,3.954304756905404,Segura,0.20957752317580403,0.514368066157874,0.05395086900769244,0.514368066157874,4
33.611.500/0001-19,Gerdau,2015,Commodities,ITR,2015-06-30 03:00:00,4.181018375044147,Segura,0.2003074306112204,0.5155966228780944,0.09594943238540993,0.5155966228780944,4
33.611.500/0001-19,Gerdau,2015,Commodities,ITR,2015-09-30 03:00:00,4.397406294676368,Segura,0.2046964294517994,0.4708135736423434,0.15258797843364053,0.4708135736423434,4
33.611.500/0001-19,Gerdau,2015,Commodities,DFP,2015-12-31 02:00:00,4.903777830221109,Segura,0.20421608426964152,0.4561026567640077,0.2378449206487183,0.4561026567640077,4
33.611.500/0001-19,Gerdau,2016,Commodities,ITR,2016-03-31 03:00:00,3.5541786528719954,Segura,0.19123632543499475,0.46590678443641326,0.043394362663316755,0.46590678443641326,4
33.611.500/0001-19,Gerdau,2016,Commodities,ITR,2016-06-30 03:00:00,4.0080365986673865,Segura,0.19262930290971525,0.4767170146567181,0.10263958904898804,0.4767170146567181,4
33.611.500/0001-19,Gerdau,2016,Commodities,ITR,2016-09-30 03:00:00,4.318799975957504,Segura,0.19878087038296496,0.47418944590648837,0.14450014202206687,0.47418944590648837,4
33.611.500/0001-19,Gerdau,2016,Commodities,DFP,2016-12-31 02:00:00,4.540152246957685,Segura,0.16793643856432988,0.44430475616416915,0.22671662364704062,0.44430475616416915,4
33.611.500/0001-19,Gerdau,2017,Commodities,ITR,2017-03-31 03:00:00,3.7445458569705137,Segura,0.17039764237258553,0.46522544001807997,0.09250233281673037,0.46522544001807997,4
33.611.500/0001-19,Gerdau,2017,Commodities,ITR,2017-06-30 03:00:00,4.029583203250569,Segura,0.17144098883020575,0.46784898050535184,0.13221744204558827,0.46784898050535184,4
33.611.500/0001-19,Gerdau,2017,Commodities,ITR,2017-09-30 03:00:00,4.285378230438597,Segura,0.15682409998005534,0.47365486923306366,0.18082732859745973,0.47365486923306366,4
33.611.500/0001-19,Gerdau,2017,Commodities,DFP,2017-12-31 02:00:00,4.838211851827613,Segura,0.204127903196073,0.4750120179689137,0.21604628116299945,0.4750120179689137,4
33.611.500/0001-19,Gerdau,2018,Commodities,ITR,2018-03-31 03:00:00,3.9317341291189467,Segura,0.2232886072560356,0.4734454053775812,0.06345404290803254,0.4734454053775812,4
33.611.500/0001-19,Gerdau,2018,Commodities,ITR,2018-06-30 03:00:00,4.3652100812797645,Segura,0.21873463926280395,0.47147874823561814,0.13366628613396678,0.47147874823561814,4
33.611.500/0001-19,Gerdau,2018,Commodities,ITR,2018-09-30 03:00:00,4.987095045714842,Segura,0.23198068446511513,0.4768838610627486,0.2098113563159583,0.4768838610627486,4
33.611.500/0001-19,Gerdau,2018,Commodities,DFP,2018-12-31 02:00:00,5.203729592594563,Segura,0.1754806636192889,0.505812217613652,0.2786496698418434,0.505812217613652,4
33.611.500/0001-19,Gerdau,2019,Commodities,ITR,2019-03-31 03:00:00,3.6646482711971204,Segura,0.15865156637406058,0.5071665035679245,0.06517951866153697,0.5071665035679245,4
33.611.500/0001-19,Gerdau,2019,Commodities,ITR,2019-06-30 03:00:00,4.298207002464691,Segura,0.1795712670856846,0.519673583639366,0.13101582513347218,0.519673583639366,4
33.611.500/0001-19,Gerdau,2019,Commodities,ITR,2019-09-30 03:00:00,4.571907444416452,Segura,0.17502141345304004,0.518385407166281,0.17701277786872593,0.518385407166281,4
33.611.500/0001-19,Gerdau,2019,Commodities,DFP,2019-12-31 03:00:00,4.9320040327041275,Segura,0.20019595218559275,0.5031783807446146,0.21577675079722466,0.5031783807446146,4
33.611.500/0001-19,Gerdau,2020,Commodities,ITR,2020-03-31 03:00:00,3.4752075433401353,Segura,0.17262571857073242,0.48351936645838567,0.03851404167864415,0.48351936645838567,4
33.611.500/0001-19,Gerdau,2020,Commodities,ITR,2020-06-30 03:00:00,3.892943650689678,Segura,0.1852879155189176,0.48340520158416167,0.0883896586395598,0.48340520158416167,4
33.611.500/0001-19,Gerdau,2020,Commodities,ITR,2020-09-30 03:00:00,4.588423560107933,Segura,0.20434924403079832,0.4965346415625279,0.16485538900764896,0.4965346415625279,4
33.611.500/0001-19,Gerdau,2020,Commodities,DFP,2020-12-31 03:00:00,5.359953508363329,Segura,0.18895344485241508,0.49245450260458906,0.29731250058120645,0.49245450260458906,4
33.611.500/0001-19,Gerdau,2021,Commodities,ITR,2021-03-31 03:00:00,4.647657077702589,Segura,0.2182090557953461,0.5100578808576147,0.15146669720071418,0.5100578808576147,4
33.611.500/0001-19,Gerdau,2021,Commodities,ITR,2021-06-30 03:00:00,6.681454500712169,Segura,0.25920360906282325,0.5402791007427236,0.3947136757528141,0.5402791007427236,4
33.611.500/0001-19,Gerdau,2021,Commodities,ITR,2021-09-30 03:00:00,8.505289030661764,Segura,0.2959271725824975,0.5479991571898404,0.6253170254512453,0.5479991571898404,4
33.611.500/0001-19,Gerdau,2021,Commodities,DFP,2021-12-31 03:00:00,9.6042059347517,Segura,0.2520322500369947,0.5800429923001832,0.8111442079903609,0.5800429923001832,4
33.611.500/0001-19,Gerdau,2022,Commodities,ITR,2022-03-31 03:00:00,5.713498851241879,Segura,0.2791962597297219,0.5945847149548817,0.1963260812439529,0.5945847149548817,4
33.611.500/0001-19,Gerdau,2022,Commodities,ITR,2022-06-30 03:00:00,6.957555333896529,Segura,0.26022005641951923,0.6119017092795414,0.3888713388079851,0.6119017092795414,4
33.611.500/0001-19,Gerdau,2022,Commodities,ITR,2022-09-30 03:00:00,8.025458768539089,Segura,0.26187490461134233,0.6189948331078479,0.5416207832728956,0.6189948331078479,4
33.611.500/0001-19,Gerdau,2022,Commodities,DFP,2022-12-31 03:00:00,8.965543030758882,Segura,0.24112691109859297,0.627358247681814,0.6964042331017103,0.627358247681814,4
33.611.500/0001-19,Gerdau,2023,Commodities,ITR,2023-03-31 03:00:00,5.612150859745428,Segura,0.2559683464637783,0.6442818799225967,0.17204517923759702,0.6442818799225967,4
33.611.500/0001-19,Gerdau,2023,Commodities,ITR,2023-06-30 03:00:00,6.6665006404391525,Segura,0.27109496726878457,0.6661251789524116,0.3001663889689036,0.6661251789524116,4
33.611.500/0001-19,Gerdau,2023,Commodities,ITR,2023-09-30 03:00:00,7.247636759417892,Segura,0.2664244727054961,0.664667522998805,0.3921391658251471,0.664667522998805,4
33.611.500/0001-19,Gerdau,2023,Commodities,DFP,2023-12-31 03:00:00,7.443563167535605,Segura,0.23921066373324995,0.6575251160630738,0.4524416611925056,0.6575251160630738,4
33.611.500/0001-19,Gerdau,2024,Commodities,ITR,2024-03-31 03:00:00,5.300753817050021,Segura,0.24817960883573487,0.6771078374703969,0.11225607196282576,0.6771078374703969,4
33.611.500/0001-19,Gerdau,2024,Commodities,ITR,2024-06-30 03:00:00,5.7367594498416885,Segura,0.2497741363320915,0.6716310718503505,0.17909392795061857,0.6716310718503505,4
33.611.500/0001-19,Gerdau,2024,Commodities,ITR,2024-09-30 03:00:00,6.466658688729468,Segura,0.2662360215902207,0.678253436044285,0.2673925710932666,0.678253436044285,4
33.611.500/0001-19,Gerdau,2024,Commodities,DFP,2024-12-31 03:00:00,6.562905435570533,Segura,0.25131785311468674,0.6700930223712762,0.3015118143925577,0.6700930223712762,4
33.611.500/0001-19,Gerdau,2025,Commodities,ITR,2025-03-31 03:00:00,4.782518641766743,Segura,0.2337197025760793,0.6569521632015081,0.06218059069481609,0.6569521632015081,4
33.611.500/0001-19,Gerdau,2025,Commodities,ITR,2025-06-30 03:00:00,5.223702046731948,Segura,0.2508213374456718,0.6346761527698126,0.12542557360869788,0.6346761527698126,4
33.611.500/0001-19,Gerdau,2025,Commodities,ITR,2025-09-30 03:00:00,5.613398524083225,Segura,0.24120772671750978,0.6273288197578949,0.19751318804461823,0.6273288197578949,4
33.611.500/0001-19,Gerdau,2025,Commodities,DFP,2025-12-31 03:00:00,6.021773263584356,Segura,0.22913550217029577,0.6585835587586576,0.25002220700854194,0.6585835587586576,4
33.611.500/0001-19,Gerdau,2026,Commodities,ITR,2026-03-31 03:00:00,4.835901620825279,Segura,0.22472162911695567,0.6535915791348088,0.08106369460521189,0.6535915791348088,4
34.274.233/0001-02,Vibra Energia,2016,Petróleo,DFP,2016-12-31 02:00:00,3.9926455188228545,Segura,0.2121154213644181,0.23600229313969043,0.2357140582202688,0.23600229313969043,4
34.274.233/0001-02,Vibra Energia,2017,Petróleo,ITR,2017-03-31 03:00:00,2.910150899891116,Segura,0.2226349836674566,0.24229808492922564,0.0603215269326843,0.24229808492922564,4
34.274.233/0001-02,Vibra Energia,2017,Petróleo,ITR,2017-06-30 03:00:00,3.2376258546509686,Segura,0.21228696261214688,0.2546776506687123,0.11121468832338326,0.2546776506687123,4
34.274.233/0001-02,Vibra Energia,2017,Petróleo,ITR,2017-09-30 03:00:00,4.780808791583252,Segura,0.24854112535673212,0.3409294202836819,0.2501448225923244,0.3409294202836819,4
34.274.233/0001-02,Vibra Energia,2017,Petróleo,DFP,2017-12-31 02:00:00,5.580626378250988,Segura,0.26470835788233316,0.37143338102853296,0.33381870212945036,0.37143338102853296,4
34.274.233/0001-02,Vibra Energia,2018,Petróleo,ITR,2018-03-31 03:00:00,3.8289503679616637,Segura,0.26048262878658224,0.364110901933938,0.08197415711107307,0.364110901933938,4
34.274.233/0001-02,Vibra Energia,2018,Petróleo,ITR,2018-06-30 03:00:00,4.282345434543454,Segura,0.26525344842176524,0.3528814419903529,0.15198866040450199,0.3528814419903529,4
34.274.233/0001-02,Vibra Energia,2018,Petróleo,ITR,2018-09-30 03:00:00,6.165132882977384,Segura,0.3253891662820459,0.39516636596316035,0.3463412075693366,0.39516636596316035,4
34.274.233/0001-02,Vibra Energia,2018,Petróleo,DFP,2018-12-31 02:00:00,7.206020122312092,Segura,0.32519234563030186,0.38216610771355297,0.509765239692247,0.38216610771355297,4
34.274.233/0001-02,Vibra Energia,2019,Petróleo,ITR,2019-03-31 03:00:00,4.383860887172371,Segura,0.3216468559001087,0.3810791555738873,0.09395927856312572,0.3810791555738873,4
34.274.233/0001-02,Vibra Energia,2019,Petróleo,ITR,2019-06-30 03:00:00,3.400863106051431,Segura,0.1202615962213879,0.33369666141859433,0.17465988454240847,0.33369666141859433,4
34.274.233/0001-02,Vibra Energia,2019,Petróleo,ITR,2019-09-30 03:00:00,4.836698219973767,Segura,0.15791643245268877,0.3598276185122728,0.33480794453813,0.3598276185122728,4
34.274.233/0001-02,Vibra Energia,2019,Petróleo,DFP,2019-12-31 03:00:00,4.924014072527642,Segura,0.1401840253614784,0.33890048712595683,0.37853359622670685,0.33890048712595683,4
34.274.233/0001-02,Vibra Energia,2020,Petróleo,ITR,2020-03-31 03:00:00,3.615947264337508,Segura,0.23960031918953614,0.31225063317489504,0.10392394962356452,0.31225063317489504,4
34.274.233/0001-02,Vibra Energia,2020,Petróleo,ITR,2020-06-30 03:00:00,4.59678853590661,Segura,0.28421699374751525,0.35465683617044347,0.17913007336730638,0.35465683617044347,4
34.274.233/0001-02,Vibra Energia,2020,Petróleo,ITR,2020-09-30 03:00:00,5.116789756150273,Segura,0.26809062421208085,0.346324244498073,0.27759788207326297,0.346324244498073,4
34.274.233/0001-02,Vibra Energia,2020,Petróleo,DFP,2020-12-31 03:00:00,7.064290394323437,Segura,0.22625057365764112,0.4309316200091785,0.5539838316800226,0.4309316200091785,4
34.274.233/0001-02,Vibra Energia,2021,Petróleo,ITR,2021-03-31 03:00:00,5.028706927782904,Segura,0.3414334051061212,0.43405447896373767,0.13662633719539288,0.43405447896373767,4
34.274.233/0001-02,Vibra Energia,2021,Petróleo,ITR,2021-06-30 03:00:00,5.37268876907996,Segura,0.31112589273211033,0.4122321803668954,0.2313961630023806,0.4122321803668954,4
34.274.233/0001-02,Vibra Energia,2021,Petróleo,ITR,2021-09-30 03:00:00,5.686898924294702,Segura,0.30816588864082267,0.38180772613490294,0.3005564576145051,0.38180772613490294,4
34.274.233/0001-02,Vibra Energia,2021,Petróleo,DFP,2021-12-31 03:00:00,6.211171054184867,Segura,0.307549285798607,0.3632392869791052,0.39108428756935426,0.3632392869791052,4
34.274.233/0001-02,Vibra Energia,2022,Petróleo,ITR,2022-03-31 03:00:00,4.474556062086182,Segura,0.27501899489851295,0.34141973298599804,0.17840958428307827,0.34141973298599804,4
34.274.233/0001-02,Vibra Energia,2022,Petróleo,ITR,2022-06-30 03:00:00,5.078538733997874,Segura,0.2876334564590396,0.3305925213783332,0.2629180792389819,0.3305925213783332,4
34.274.233/0001-02,Vibra Energia,2022,Petróleo,ITR,2022-09-30 03:00:00,5.321069500316255,Segura,0.28108791903858316,0.319696394686907,0.3123870967741936,0.319696394686907,4
34.274.233/0001-02,Vibra Energia,2022,Petróleo,DFP,2022-12-31 03:00:00,5.917876477742641,Segura,0.30698126976404766,0.30681099489175384,0.38418511311116516,0.30681099489175384,4
34.274.233/0001-02,Vibra Energia,2023,Petróleo,ITR,2023-03-31 03:00:00,3.8882257575380943,Segura,0.3272266275572348,0.3155683710755922,0.05677372045042134,0.3155683710755922,4
34.274.233/0001-02,Vibra Energia,2023,Petróleo,ITR,2023-06-30 03:00:00,4.3837008335438234,Segura,0.31997979287698913,0.32376862844152565,0.1323200303106845,0.32376862844152565,4
34.274.233/0001-02,Vibra Energia,2023,Petróleo,ITR,2023-09-30 03:00:00,5.574269949729123,Segura,0.3085314070964908,0.330787251696032,0.31616233100688174,0.330787251696032,4
34.274.233/0001-02,Vibra Energia,2023,Petróleo,DFP,2023-12-31 03:00:00,7.6405238609967565,Segura,0.31284929049469884,0.3617902072169453,0.5995411789057289,0.3617902072169453,4
34.274.233/0001-02,Vibra Energia,2024,Petróleo,ITR,2024-03-31 03:00:00,4.419238148199638,Segura,0.2916956300106585,0.3836136985031744,0.1268362760090829,0.3836136985031744,4
34.274.233/0001-02,Vibra Energia,2024,Petróleo,ITR,2024-06-30 03:00:00,5.413881949303659,Segura,0.3343340180123242,0.37329300498837553,0.2398449314944812,0.37329300498837553,4
34.274.233/0001-02,Vibra Energia,2024,Petróleo,ITR,2024-09-30 03:00:00,7.5955546579146676,Segura,0.3086341832870487,0.4296894723554658,0.5534155937052933,0.4296894723554658,4
34.274.233/0001-02,Vibra Energia,2024,Petróleo,DFP,2024-12-31 03:00:00,8.453747714285715,Segura,0.35361224489795917,0.4160204081632653,0.6459826530612245,0.4160204081632653,4
34.274.233/0001-02,Vibra Energia,2025,Petróleo,ITR,2025-03-31 03:00:00,3.3913959571938164,Segura,0.20236526657454124,0.3375004017096764,0.09066266028216087,0.3375004017096764,4
34.274.233/0001-02,Vibra Energia,2025,Petróleo,ITR,2025-06-30 03:00:00,4.061501165110392,Segura,0.2102898526428727,0.35226567869775866,0.17317480008717373,0.35226567869775866,4
34.274.233/0001-02,Vibra Energia,2025,Petróleo,ITR,2025-09-30 03:00:00,4.523273681276337,Segura,0.20756882614327643,0.3498778428189614,0.24607867250397625,0.3498778428189614,4
34.274.233/0001-02,Vibra Energia,2025,Petróleo,DFP,2025-12-31 03:00:00,4.908770204878369,Segura,0.18276659613208013,0.34022275806636815,0.3338483998490888,0.34022275806636815,4
34.274.233/0001-02,Vibra Energia,2026,Petróleo,ITR,2026-03-31 03:00:00,3.4695534449202023,Segura,0.17483845854418062,0.3400700661736084,0.12751654340210197,0.3400700661736084,4
47.960.950/0001-21,Magazine Luiza,2015,Varejo,ITR,2015-03-31 03:00:00,2.2184450191859466,Cinza,0.18033610169379297,0.1560834265868549,0.05397628325674405,0.1560834265868549,4
47.960.950/0001-21,Magazine Luiza,2015,Varejo,ITR,2015-06-30 03:00:00,2.6779899149132547,Segura,0.16854854763283705,0.1581203050951334,0.13256144754193727,0.1581203050951334,4
47.960.950/0001-21,Magazine Luiza,2015,Varejo,ITR,2015-09-30 03:00:00,2.7813859273831176,Segura,0.13669761541769937,0.14933908964483128,0.18467233539788502,0.14933908964483128,4
47.960.950/0001-21,Magazine Luiza,2015,Varejo,DFP,2015-12-31 02:00:00,2.4677263465649917,Cinza,0.08828329287214914,0.10462704251432348,0.21393532620341651,0.10462704251432348,4
47.960.950/0001-21,Magazine Luiza,2016,Varejo,ITR,2016-03-31 03:00:00,1.4911254575107602,Cinza,0.06931311842825154,0.1331348036407855,0.0688423209716733,0.1331348036407855,4
47.960.950/0001-21,Magazine Luiza,2016,Varejo,ITR,2016-06-30 03:00:00,1.640138897269588,Cinza,0.018733239996223665,0.13553331712990396,0.138854203283404,0.13553331712990396,4
47.960.950/0001-21,Magazine Luiza,2016,Varejo,ITR,2016-09-30 03:00:00,2.0632003327479222,Cinza,0.013440293150457866,0.13389681006966284,0.20802630331557614,0.13389681006966284,4
47.960.950/0001-21,Magazine Luiza,2016,Varejo,DFP,2016-12-31 02:00:00,2.4437555580543964,Cinza,0.04055613491512155,0.1018892221526845,0.25871499487100136,0.1018892221526845,4
47.960.950/0001-21,Magazine Luiza,2017,Varejo,ITR,2017-03-31 03:00:00,1.478964360294402,Cinza,0.04071827831056342,0.12940205547460315,0.09734071361332834,0.12940205547460315,4
47.960.950/0001-21,Magazine Luiza,2017,Varejo,ITR,2017-06-30 03:00:00,1.9971189369854696,Cinza,0.0062333548313668954,0.14170074737281385,0.200222902993285,0.14170074737281385,4
47.960.950/0001-21,Magazine Luiza,2017,Varejo,ITR,2017-09-30 03:00:00,2.86887798744338,Segura,0.060721940051204425,0.14490691495175329,0.2747013775692593,0.14490691495175329,4
47.960.950/0001-21,Magazine Luiza,2017,Varejo,DFP,2017-12-31 02:00:00,4.327392951801554,Segura,0.1511663905703784,0.27953007158286536,0.31710815790739905,0.27953007158286536,4
47.960.950/0001-21,Magazine Luiza,2018,Varejo,ITR,2018-03-31 03:00:00,3.145076136347664,Segura,0.16814338816767085,0.29669720285323836,0.11358490560569733,0.29669720285323836,4
47.960.950/0001-21,Magazine Luiza,2018,Varejo,ITR,2018-06-30 03:00:00,3.836496740455714,Segura,0.15877104823409505,0.3109330766955441,0.21649361658962132,0.3109330766955441,4
47.960.950/0001-21,Magazine Luiza,2018,Varejo,ITR,2018-09-30 03:00:00,4.57084747566262,Segura,0.16653683180129128,0.3240952953339059,0.3097492762138415,0.3240952953339059,4
47.960.950/0001-21,Magazine Luiza,2018,Varejo,DFP,2018-12-31 02:00:00,4.209195102595381,Segura,0.11638310142358403,0.2617869504172056,0.3448541965712074,0.2617869504172056,4
47.960.950/0001-21,Magazine Luiza,2019,Varejo,ITR,2019-03-31 03:00:00,2.2046071085295518,Cinza,0.07951246798786231,0.24976761141075965,0.09025400496261919,0.24976761141075965,4
47.960.950/0001-21,Magazine Luiza,2019,Varejo,ITR,2019-06-30 03:00:00,3.430718357725457,Segura,0.08797584835851915,0.2574720113299583,0.2595078011400969,0.2574720113299583,4
47.960.950/0001-21,Magazine Luiza,2019,Varejo,ITR,2019-09-30 03:00:00,3.622566189829031,Segura,0.03731060887590614,0.24097724563694053,0.3480947420993859,0.24097724563694053,4
47.960.950/0001-21,Magazine Luiza,2019,Varejo,DFP,2019-12-31 03:00:00,5.226270438495174,Segura,0.24448265134487654,0.38223986137588395,0.29390036356290533,0.38223986137588395,4
47.960.950/0001-21,Magazine Luiza,2020,Varejo,ITR,2020-03-31 03:00:00,3.8397883953332346,Segura,0.2641235653228483,0.42507177550053127,0.04093429381072318,0.42507177550053127,4
47.960.950/0001-21,Magazine Luiza,2020,Varejo,ITR,2020-06-30 03:00:00,3.10807548429898,Segura,0.1804280469426153,0.36207869462916137,0.05415302418210393,0.36207869462916137,4
47.960.950/0001-21,Magazine Luiza,2020,Varejo,ITR,2020-09-30 03:00:00,3.2932652047271915,Segura,0.16668024306971993,0.33814663807997236,0.1104807738192185,0.33814663807997236,4
47.960.950/0001-21,Magazine Luiza,2020,Varejo,DFP,2020-12-31 03:00:00,3.2099748033072966,Segura,0.13724336185326994,0.29720560990226763,0.15308068018914764,0.29720560990226763,4
47.960.950/0001-21,Magazine Luiza,2021,Varejo,ITR,2021-03-31 03:00:00,2.941643393232489,Segura,0.16577609451301467,0.32156185619125366,0.06967568646470379,0.32156185619125366,4
47.960.950/0001-21,Magazine Luiza,2021,Varejo,ITR,2021-06-30 03:00:00,3.1037144322976262,Segura,0.1827130961152491,0.28985702613189424,0.09759415761207259,0.28985702613189424,4
47.960.950/0001-21,Magazine Luiza,2021,Varejo,ITR,2021-09-30 03:00:00,3.7894809471186104,Segura,0.2137254292214275,0.35589908181803304,0.12701147154617914,0.35589908181803304,4
47.960.950/0001-21,Magazine Luiza,2021,Varejo,DFP,2021-12-31 03:00:00,3.6943966204064673,Segura,0.24105024262845304,0.29337875882358705,0.1262863955705588,0.29337875882358705,4
47.960.950/0001-21,Magazine Luiza,2022,Varejo,ITR,2022-03-31 03:00:00,3.3460390766661225,Segura,0.2579423517312258,0.32931995174819206,0.03490599066585919,0.32931995174819206,4
47.960.950/0001-21,Magazine Luiza,2022,Varejo,ITR,2022-06-30 03:00:00,3.3590675558671474,Segura,0.22631778667234612,0.31703025852385075,0.07559858051469645,0.31703025852385075,4
47.960.950/0001-21,Magazine Luiza,2022,Varejo,ITR,2022-09-30 03:00:00,3.446583120814409,Segura,0.21029152885874863,0.30034377532562734,0.11496860414398281,0.30034377532562734,4
47.960.950/0001-21,Magazine Luiza,2022,Varejo,DFP,2022-12-31 03:00:00,3.5067891461716263,Segura,0.18813854158433369,0.28196644348881905,0.15734002112226006,0.28196644348881905,4
47.960.950/0001-21,Magazine Luiza,2023,Varejo,ITR,2023-03-31 03:00:00,2.6143096949407667,Segura,0.15767858424608805,0.30075158326808227,0.042217092023957514,0.30075158326808227,4
47.960.950/0001-21,Magazine Luiza,2023,Varejo,ITR,2023-06-30 03:00:00,2.4785800413872603,Cinza,0.10767848098129612,0.28123072534001564,0.08334892558548967,0.28123072534001564,4
47.960.950/0001-21,Magazine Luiza,2023,Varejo,ITR,2023-09-30 03:00:00,2.242782333901063,Cinza,0.0636390895084802,0.2582048627588643,0.10601889110635836,0.2582048627588643,4
47.960.950/0001-21,Magazine Luiza,2023,Varejo,DFP,2023-12-31 03:00:00,2.512534877590794,Cinza,0.07510428428815787,0.25658835425391174,0.1360052032479344,0.25658835425391174,4
47.960.950/0001-21,Magazine Luiza,2024,Varejo,ITR,2024-03-31 03:00:00,2.313892501492724,Cinza,0.1115454607812958,0.29285992927080706,0.04760833089438175,0.29285992927080706,4
47.960.950/0001-21,Magazine Luiza,2024,Varejo,ITR,2024-06-30 03:00:00,2.8280314707084973,Segura,0.11308508970960518,0.3137441207060076,0.10921966100752903,0.3137441207060076,4
47.960.950/0001-21,Magazine Luiza,2024,Varejo,ITR,2024-09-30 03:00:00,3.0006282168083307,Segura,0.09621573774583751,0.3099072347007333,0.15383226125527913,0.3099072347007333,4
47.960.950/0001-21,Magazine Luiza,2024,Varejo,DFP,2024-12-31 03:00:00,3.216977680071574,Segura,0.07612255599814943,0.30336902547174144,0.20983529954471844,0.30336902547174144,4
47.960.950/0001-21,Magazine Luiza,2025,Varejo,ITR,2025-03-31 03:00:00,2.2781628542275785,Cinza,0.0852627841178592,0.3192474719618042,0.051024164621881835,0.3192474719618042,4
47.960.950/0001-21,Magazine Luiza,2025,Varejo,ITR,2025-06-30 03:00:00,2.7070310418543966,Segura,0.11675416329471731,0.300297968665381,0.09625587584721117,0.300297968665381,4
47.960.950/0001-21,Magazine Luiza,2025,Varejo,ITR,2025-09-30 03:00:00,2.962530555122642,Segura,0.10733310853790706,0.2998253908556369,0.1437764774592525,0.2998253908556369,4
47.960.950/0001-21,Magazine Luiza,2025,Varejo,DFP,2025-12-31 03:00:00,3.1352085396072575,Segura,0.0700654408920983,0.2974857692292069,0.20735350922279924,0.2974857692292069,4
47.960.950/0001-21,Magazine Luiza,2026,Varejo,ITR,2026-03-31 03:00:00,2.039262069140786,Cinza,0.05776736316131811,0.30701470216383003,0.050159940547088055,0.30701470216383003,4
53.113.791/0001-22,Totvs,2015,Tecnologia,ITR,2015-03-31 03:00:00,5.355285315181921,Segura,0.3411955707718526,0.49847066001339185,0.144141938431674,0.49847066001339185,4
53.113.791/0001-22,Totvs,2015,Tecnologia,ITR,2015-06-30 03:00:00,6.810397259026545,Segura,0.3931065883531394,0.5387834084596822,0.284146063834631,0.5387834084596822,4
53.113.791/0001-22,Totvs,2015,Tecnologia,ITR,2015-09-30 03:00:00,7.441420143444158,Segura,0.41592073628945325,0.5022257995837881,0.3792242436278598,0.5022257995837881,4
53.113.791/0001-22,Totvs,2015,Tecnologia,DFP,2015-12-31 02:00:00,5.853207480630711,Segura,0.1874440051463614,0.46495008592920933,0.3898273715053107,0.46495008592920933,4
53.113.791/0001-22,Totvs,2016,Tecnologia,ITR,2016-03-31 03:00:00,4.160743046851939,Segura,0.19603264506298285,0.4920516133219798,0.11220631574717847,0.4920516133219798,4
53.113.791/0001-22,Totvs,2016,Tecnologia,ITR,2016-06-30 03:00:00,4.745537928258964,Segura,0.17938278505936042,0.4895380800220573,0.2170949007997756,0.4895380800220573,4
53.113.791/0001-22,Totvs,2016,Tecnologia,ITR,2016-09-30 03:00:00,5.276797169567475,Segura,0.15328473442232313,0.504613176683354,0.31195930360889584,0.504613176683354,4
53.113.791/0001-22,Totvs,2016,Tecnologia,DFP,2016-12-31 02:00:00,5.690779363577739,Segura,0.13402241979252935,0.4995744527626199,0.39559916641843074,0.4995744527626199,4
53.113.791/0001-22,Totvs,2017,Tecnologia,ITR,2017-03-31 03:00:00,3.6750178180309923,Segura,0.1297523059645935,0.5084234207281805,0.09412764100666686,0.5084234207281805,4
53.113.791/0001-22,Totvs,2017,Tecnologia,ITR,2017-06-30 03:00:00,4.475961937277131,Segura,0.13840620642690005,0.5304909052753467,0.1907144972291552,0.5304909052753467,4
53.113.791/0001-22,Totvs,2017,Tecnologia,ITR,2017-09-30 03:00:00,4.901305427020478,Segura,0.17832643613124236,0.4863819017827147,0.24333006091012319,0.4863819017827147,4
53.113.791/0001-22,Totvs,2017,Tecnologia,DFP,2017-12-31 02:00:00,5.449535158654569,Segura,0.16805253396160208,0.5059208982906411,0.3224094440824101,0.5059208982906411,4
53.113.791/0001-22,Totvs,2018,Tecnologia,ITR,2018-03-31 03:00:00,4.067275497496797,Segura,0.16409626316605022,0.5211776369216491,0.11079291607071434,0.5211776369216491,4
53.113.791/0001-22,Totvs,2018,Tecnologia,ITR,2018-06-30 03:00:00,4.905987546093904,Segura,0.17905870265469315,0.5352770937431307,0.211952110512831,0.5352770937431307,4
53.113.791/0001-22,Totvs,2018,Tecnologia,ITR,2018-09-30 03:00:00,5.249122935071677,Segura,0.13530067105531843,0.5339762123787581,0.30656444309469355,0.5339762123787581,4
53.113.791/0001-22,Totvs,2018,Tecnologia,DFP,2018-12-31 02:00:00,5.713463428954487,Segura,0.12985613962748774,0.5387163427741747,0.37793745768474335,0.5387163427741747,4
53.113.791/0001-22,Totvs,2019,Tecnologia,ITR,2019-03-31 03:00:00,3.7993375086287076,Segura,0.123764572122459,0.5054479290135333,0.12038115200253689,0.5054479290135333,4
53.113.791/0001-22,Totvs,2019,Tecnologia,ITR,2019-06-30 03:00:00,6.583311686623089,Segura,0.3919055880091582,0.661303965014433,0.1729450803676794,0.661303965014433,4
53.113.791/0001-22,Totvs,2019,Tecnologia,ITR,2019-09-30 03:00:00,7.181335231335716,Segura,0.3545097520433309,0.6855998147946915,0.2828595321676108,0.6855998147946915,4
53.113.791/0001-22,Totvs,2019,Tecnologia,DFP,2019-12-31 03:00:00,7.9745925902882036,Segura,0.36729349898909114,0.7009219930162586,0.3785972391398352,0.7009219930162586,4
53.113.791/0001-22,Totvs,2020,Tecnologia,ITR,2020-03-31 03:00:00,5.775372290698861,Segura,0.3217729089852295,0.7007728024988796,0.09586476621809291,0.7007728024988796,4
53.113.791/0001-22,Totvs,2020,Tecnologia,ITR,2020-06-30 03:00:00,3.9859449880351483,Segura,0.13909512783499162,0.48778054427963846,0.1445158933917205,0.48778054427963846,4
53.113.791/0001-22,Totvs,2020,Tecnologia,ITR,2020-09-30 03:00:00,4.882846726448802,Segura,0.15648658829716156,0.5222133649562827,0.2389218905145601,0.5222133649562827,4
53.113.791/0001-22,Totvs,2020,Tecnologia,DFP,2020-12-31 03:00:00,5.324794930675893,Segura,0.1538825347242328,0.5060164316612409,0.31761825631324075,0.5060164316612409,4
53.113.791/0001-22,Totvs,2021,Tecnologia,ITR,2021-03-31 03:00:00,3.831908110265179,Segura,0.16427897132392213,0.497247528515921,0.090937680130451,0.497247528515921,4
53.113.791/0001-22,Totvs,2021,Tecnologia,ITR,2021-06-30 03:00:00,2.8121438249873503,Segura,0.05941314964924632,0.35816674007874844,0.13075817165906087,0.35816674007874844,4
53.113.791/0001-22,Totvs,2021,Tecnologia,ITR,2021-09-30 03:00:00,4.341208965922314,Segura,0.19843616449704243,0.4443108794129155,0.1673344994869122,0.4443108794129155,4
53.113.791/0001-22,Totvs,2021,Tecnologia,DFP,2021-12-31 03:00:00,4.907016053554416,Segura,0.21786601843635386,0.4510806156847268,0.22822284509088714,0.4510806156847268,4
53.113.791/0001-22,Totvs,2022,Tecnologia,ITR,2022-03-31 03:00:00,3.86843041214288,Segura,0.21914219338458982,0.4528917440018248,0.07126401888275387,0.4528917440018248,4
53.113.791/0001-22,Totvs,2022,Tecnologia,ITR,2022-06-30 03:00:00,4.454582547781209,Segura,0.2493180823339067,0.44985721637847187,0.1309778757558881,0.44985721637847187,4
53.113.791/0001-22,Totvs,2022,Tecnologia,ITR,2022-09-30 03:00:00,5.138004321003786,Segura,0.2894330984550147,0.4447225212698581,0.19681088221217277,0.4447225212698581,4
53.113.791/0001-22,Totvs,2022,Tecnologia,DFP,2022-12-31 03:00:00,5.4181635023025665,Segura,0.27258311901450927,0.43187317713609763,0.26319119763553656,0.43187317713609763,4
53.113.791/0001-22,Totvs,2023,Tecnologia,ITR,2023-03-31 03:00:00,4.278190354951554,Segura,0.2808830635525403,0.44821199434053366,0.07497079798202234,0.44821199434053366,4
53.113.791/0001-22,Totvs,2023,Tecnologia,ITR,2023-06-30 03:00:00,4.3686645340995,Segura,0.24379129819583792,0.4291550042853358,0.13686540914657824,0.4291550042853358,4
53.113.791/0001-22,Totvs,2023,Tecnologia,ITR,2023-09-30 03:00:00,6.1797739119271204,Segura,0.29157101378029765,0.5724111243388343,0.2678535886351179,0.5724111243388343,4
53.113.791/0001-22,Totvs,2023,Tecnologia,DFP,2023-12-31 03:00:00,6.692746444048268,Segura,0.28968281295659914,0.5677597107667355,0.34901530322148044,0.5677597107667355,4
53.113.791/0001-22,Totvs,2024,Tecnologia,ITR,2024-03-31 03:00:00,4.507348011282569,Segura,0.2158924518865657,0.5631377626642166,0.09880502527141742,0.5631377626642166,4
53.113.791/0001-22,Totvs,2024,Tecnologia,ITR,2024-06-30 03:00:00,5.069163324024554,Segura,0.2057682867863755,0.5731682878894566,0.1858583395688056,0.5731682878894566,4
53.113.791/0001-22,Totvs,2024,Tecnologia,ITR,2024-09-30 03:00:00,5.8126856565659315,Segura,0.2055173870022523,0.5817656285306102,0.29123240161670055,0.5817656285306102,4
53.113.791/0001-22,Totvs,2024,Tecnologia,DFP,2024-12-31 03:00:00,6.429946337673256,Segura,0.1898047299015052,0.5845386880325787,0.39664666132425097,0.5845386880325787,4
53.113.791/0001-22,Totvs,2025,Tecnologia,ITR,2025-03-31 03:00:00,4.665550158112387,Segura,0.20301605163676772,0.5885029855183191,0.11864836187369568,0.5885029855183191,4
53.113.791/0001-22,Totvs,2025,Tecnologia,ITR,2025-06-30 03:00:00,5.345511403056696,Segura,0.2037408314349717,0.5818936858727641,0.22336454802554584,0.5818936858727641,4
53.113.791/0001-22,Totvs,2025,Tecnologia,ITR,2025-09-30 03:00:00,6.131744252293855,Segura,0.19583437998787834,0.5864608238830732,0.34515246557103085,0.5864608238830732,4
53.113.791/0001-22,Totvs,2025,Tecnologia,DFP,2025-12-31 03:00:00,6.724234986226973,Segura,0.20075261016754775,0.575894892295114,0.43529626156784507,0.575894892295114,4
53.113.791/0001-22,Totvs,2026,Tecnologia,ITR,2026-03-31 03:00:00,3.153944517383219,Segura,0.11102161662184877,0.40642633591464583,0.10028946496306067,0.40642633591464583,4
61.079.117/0001-05,Alpargatas,2015,Varejo,ITR,2015-03-31 03:00:00,4.70496692699343,Segura,0.27589064309112715,0.5313191781410402,0.09005039442377277,0.5313191781410402,4
61.079.117/0001-05,Alpargatas,2015,Varejo,ITR,2015-06-30 03:00:00,5.237047589108791,Segura,0.28653731712924174,0.5601091559277065,0.14037088194829608,0.5601091559277065,4
61.079.117/0001-05,Alpargatas,2015,Varejo,ITR,2015-09-30 03:00:00,5.2512727520802915,Segura,0.24940993436627304,0.509853918886353,0.21096327265436887,0.509853918886353,4
61.079.117/0001-05,Alpargatas,2015,Varejo,DFP,2015-12-31 02:00:00,5.759290384671592,Segura,0.2389050530494464,0.5131530210151801,0.29469995775175567,0.5131530210151801,4
61.079.117/0001-05,Alpargatas,2016,Varejo,ITR,2016-03-31 03:00:00,4.817782246720846,Segura,0.26323320155951996,0.5415683351063396,0.11262097026518914,0.5415683351063396,4
61.079.117/0001-05,Alpargatas,2016,Varejo,ITR,2016-06-30 03:00:00,5.48143605656089,Segura,0.2995344667258358,0.5254587019930395,0.18627424840020929,0.5254587019930395,4
61.079.117/0001-05,Alpargatas,2016,Varejo,ITR,2016-09-30 03:00:00,6.353984157584101,Segura,0.3210309954420062,0.5530984602544021,0.27740572377798617,0.5530984602544021,4
61.079.117/0001-05,Alpargatas,2016,Varejo,DFP,2016-12-31 02:00:00,7.073441807251724,Segura,0.33512891943315426,0.546197936992934,0.3751313969242094,0.546197936992934,4
61.079.117/0001-05,Alpargatas,2017,Varejo,ITR,2017-03-31 03:00:00,5.927792107026348,Segura,0.3190181289027164,0.5916224856450732,0.19124111135331304,0.5916224856450732,4
61.079.117/0001-05,Alpargatas,2017,Varejo,ITR,2017-06-30 03:00:00,6.115618014653144,Segura,0.2750562732089912,0.604124850486371,0.2540879102389737,0.604124850486371,4
61.079.117/0001-05,Alpargatas,2017,Varejo,ITR,2017-09-30 03:00:00,6.49267009516924,Segura,0.24317682755650244,0.6199158238707065,0.33118942046366645,0.6199158238707065,4
61.079.117/0001-05,Alpargatas,2017,Varejo,DFP,2017-12-31 02:00:00,7.626526177813463,Segura,0.3421366908752511,0.5876258027214026,0.4240241482057396,0.5876258027214026,4
61.079.117/0001-05,Alpargatas,2018,Varejo,ITR,2018-03-31 03:00:00,5.509283934604879,Segura,0.34122066334880075,0.5926673378724086,0.10661907095337275,0.5926673378724086,4
61.079.117/0001-05,Alpargatas,2018,Varejo,ITR,2018-06-30 03:00:00,5.917530174250958,Segura,0.3404254393785854,0.5984837035232922,0.16441585264018577,0.5984837035232922,4
61.079.117/0001-05,Alpargatas,2018,Varejo,ITR,2018-09-30 03:00:00,6.62975459937618,Segura,0.3042066490453824,0.5958574906475796,0.30744244002193494,0.5958574906475796,4
61.079.117/0001-05,Alpargatas,2018,Varejo,DFP,2018-12-31 02:00:00,7.3601276559286735,Segura,0.3089622007459602,0.6205459403709198,0.39565217500543326,0.6205459403709198,4
61.079.117/0001-05,Alpargatas,2019,Varejo,ITR,2019-03-31 03:00:00,4.942277764485759,Segura,0.2889974161741558,0.5938967063645273,0.07243451040955125,0.5938967063645273,4
61.079.117/0001-05,Alpargatas,2019,Varejo,ITR,2019-06-30 03:00:00,5.599843261272928,Segura,0.2957967346464793,0.5850133972533722,0.1693465684270817,0.5850133972533722,4
61.079.117/0001-05,Alpargatas,2019,Varejo,ITR,2019-09-30 03:00:00,6.276363565662906,Segura,0.30178120817125353,0.5966744727887023,0.2566981938006215,0.5966744727887023,4
61.079.117/0001-05,Alpargatas,2019,Varejo,DFP,2019-12-31 03:00:00,7.14692808732342,Segura,0.2993425533608725,0.6047253009703585,0.383463525311585,0.6047253009703585,4
61.079.117/0001-05,Alpargatas,2020,Varejo,ITR,2020-03-31 03:00:00,4.337518330419,Segura,0.25742279522116546,0.5451119612281656,0.044552416796839384,0.5451119612281656,4
61.079.117/0001-05,Alpargatas,2020,Varejo,ITR,2020-06-30 03:00:00,3.9447999186971825,Segura,0.24486385085503262,0.43922283647008664,0.06628610593781177,0.43922283647008664,4
61.079.117/0001-05,Alpargatas,2020,Varejo,ITR,2020-09-30 03:00:00,4.705002090729032,Segura,0.2511649661763875,0.48365022297166754,0.1447659898220301,0.48365022297166754,4
61.079.117/0001-05,Alpargatas,2020,Varejo,DFP,2020-12-31 03:00:00,6.506498896478327,Segura,0.2912823657111951,0.6269598258292614,0.28176930477511464,0.6269598258292614,4
61.079.117/0001-05,Alpargatas,2021,Varejo,ITR,2021-03-31 03:00:00,5.725596214224655,Segura,0.3046044613321025,0.6473190143581087,0.13950089226229395,0.6473190143581087,4
61.079.117/0001-05,Alpargatas,2021,Varejo,ITR,2021-06-30 03:00:00,6.150479607834469,Segura,0.27542271194013707,0.6376417887825723,0.23742120652593504,0.6376417887825723,4
61.079.117/0001-05,Alpargatas,2021,Varejo,ITR,2021-09-30 03:00:00,6.921685984625368,Segura,0.2991718787235669,0.6366847870887871,0.32961414104852643,0.6366847870887871,4
61.079.117/0001-05,Alpargatas,2021,Varejo,DFP,2021-12-31 03:00:00,2.7273266995892804,Segura,-0.13283868898538354,0.43168736033578675,0.258657139328297,0.43168736033578675,4
61.079.117/0001-05,Alpargatas,2022,Varejo,ITR,2022-03-31 03:00:00,4.414828247601656,Segura,0.1672980303007289,0.6151276369403138,0.09912991869287531,0.6151276369403138,4
61.079.117/0001-05,Alpargatas,2022,Varejo,ITR,2022-06-30 03:00:00,5.469153500465285,Segura,0.1793844081207344,0.7519013223843035,0.1565025422197796,0.7519013223843035,4
61.079.117/0001-05,Alpargatas,2022,Varejo,ITR,2022-09-30 03:00:00,5.67957363889574,Segura,0.1713541817457276,0.7411258001094605,0.20256517978749886,0.7411258001094605,4
61.079.117/0001-05,Alpargatas,2022,Varejo,DFP,2022-12-31 03:00:00,6.114352200082826,Segura,0.2680833866686746,0.677644099542571,0.2135534396589048,0.677644099542571,4
61.079.117/0001-05,Alpargatas,2023,Varejo,ITR,2023-03-31 03:00:00,4.877966742159085,Segura,0.2419708971745034,0.6782327514876296,0.05468072883670518,0.6782327514876296,4
61.079.117/0001-05,Alpargatas,2023,Varejo,ITR,2023-06-30 03:00:00,4.976699664336637,Segura,0.22594470502954275,0.6838250687871699,0.08143100489138902,0.6838250687871699,4
61.079.117/0001-05,Alpargatas,2023,Varejo,ITR,2023-09-30 03:00:00,5.477503057110393,Segura,0.28121796462516374,0.6822128779407058,0.10303209899477335,0.6822128779407058,4
61.079.117/0001-05,Alpargatas,2023,Varejo,DFP,2023-12-31 03:00:00,7.43758375184456,Segura,0.3499844880724103,0.58910033822798,0.3873010494534159,0.58910033822798,4
61.079.117/0001-05,Alpargatas,2024,Varejo,ITR,2024-03-31 03:00:00,5.158063695002912,Segura,0.3526950990747528,0.5838326315605873,0.048819226643809846,0.5838326315605873,4
61.079.117/0001-05,Alpargatas,2024,Varejo,ITR,2024-06-30 03:00:00,5.336730290417188,Segura,0.3329914303575062,0.5946700051529518,0.08769029539623881,0.5946700051529518,4
61.079.117/0001-05,Alpargatas,2024,Varejo,ITR,2024-09-30 03:00:00,5.756385587094714,Segura,0.33633310112930925,0.5977930193457527,0.1448738884384302,0.5977930193457527,4
61.079.117/0001-05,Alpargatas,2024,Varejo,DFP,2024-12-31 03:00:00,5.9417287078062335,Segura,0.30842380358859456,0.5901376151818969,0.20460943970700576,0.5901376151818969,4
61.079.117/0001-05,Alpargatas,2025,Varejo,ITR,2025-03-31 03:00:00,5.009174511201964,Segura,0.2637660288303479,0.6350295464838039,0.08063869296572733,0.6350295464838039,4
61.079.117/0001-05,Alpargatas,2025,Varejo,ITR,2025-06-30 03:00:00,5.749724621182648,Segura,0.2718591809673923,0.6672627163269609,0.1622657867064514,0.6672627163269609,4
61.079.117/0001-05,Alpargatas,2025,Varejo,ITR,2025-09-30 03:00:00,6.719657099717263,Segura,0.2929318083856302,0.6896920428363976,0.2716446029884904,0.6896920428363976,4
61.079.117/0001-05,Alpargatas,2025,Varejo,DFP,2025-12-31 03:00:00,6.040203889673823,Segura,0.16794680057827455,0.5451682681188921,0.38523774438808295,0.5451682681188921,4
61.079.117/0001-05,Alpargatas,2026,Varejo,ITR,2026-03-31 03:00:00,4.5191865908967275,Segura,0.20234266916617544,0.5501200712188222,0.12214303187700787,0.5501200712188222,4
81.243.735/0001-48,Positivo,2015,Tecnologia,ITR,2015-03-31 03:00:00,3.8186476456154774,Segura,0.29522189345136834,0.36231264764454046,0.0476822192301387,0.36231264764454046,4
81.243.735/0001-48,Positivo,2015,Tecnologia,ITR,2015-06-30 03:00:00,3.4984850484828245,Segura,0.260658436298301,0.3237035223545464,0.05854219122289807,0.3237035223545464,4
81.243.735/0001-48,Positivo,2015,Tecnologia,ITR,2015-09-30 03:00:00,3.8349250438440636,Segura,0.24912693955059356,0.30609795470783996,0.1311562701787768,0.30609795470783996,4
81.243.735/0001-48,Positivo,2015,Tecnologia,DFP,2015-12-31 02:00:00,3.7469199360096717,Segura,0.2341431132232783,0.3003559071202268,0.13637011213940303,0.3003559071202268,4
81.243.735/0001-48,Positivo,2016,Tecnologia,ITR,2016-03-31 03:00:00,3.7332328778828816,Segura,0.22343504775251297,0.31833223672030103,0.1332569976729017,0.31833223672030103,4
81.243.735/0001-48,Positivo,2016,Tecnologia,ITR,2016-06-30 03:00:00,4.114041315698371,Segura,0.19752621273128962,0.30595261887054553,0.22315678167396724,0.30595261887054553,4
81.243.735/0001-48,Positivo,2016,Tecnologia,ITR,2016-09-30 03:00:00,4.2828052123785865,Segura,0.1936144046134943,0.3170392783791783,0.24497848635413771,0.3170392783791783,4
81.243.735/0001-48,Positivo,2016,Tecnologia,DFP,2016-12-31 02:00:00,4.359752361767805,Segura,0.18809222483162752,0.3067898115797252,0.2683933450838859,0.3067898115797252,4
81.243.735/0001-48,Positivo,2017,Tecnologia,ITR,2017-03-31 03:00:00,3.1710692308887487,Segura,0.19419787185981,0.32887809507190807,0.07137895859054635,0.32887809507190807,4
81.243.735/0001-48,Positivo,2017,Tecnologia,ITR,2017-06-30 03:00:00,3.0768405672572223,Segura,0.1717634359271903,0.30007907058331423,0.09772792163106692,0.30007907058331423,4
81.243.735/0001-48,Positivo,2017,Tecnologia,ITR,2017-09-30 03:00:00,3.375065097483932,Segura,0.18443118445323836,0.3141505795654136,0.12071540618210647,0.3141505795654136,4
81.243.735/0001-48,Positivo,2017,Tecnologia,DFP,2017-12-31 02:00:00,3.5445079086592393,Segura,0.18487662491586687,0.29205085303937633,0.15966935604336913,0.29205085303937633,4
81.243.735/0001-48,Positivo,2018,Tecnologia,ITR,2018-03-31 03:00:00,2.741020091294432,Segura,0.1899452722359918,0.2956690442956114,0.03283415543336915,0.2956690442956114,4
81.243.735/0001-48,Positivo,2018,Tecnologia,ITR,2018-06-30 03:00:00,2.778506684511287,Segura,0.16639894387235749,0.26448604979697465,0.08139802650054481,0.26448604979697465,4
81.243.735/0001-48,Positivo,2018,Tecnologia,ITR,2018-09-30 03:00:00,2.8793229763986896,Segura,0.17138202046033096,0.2754676246036698,0.08449277680611628,0.2754676246036698,4
81.243.735/0001-48,Positivo,2018,Tecnologia,DFP,2018-12-31 02:00:00,3.3930018591484123,Segura,0.17147193479401562,0.28493978024385186,0.1547701657810519,0.28493978024385186,4
81.243.735/0001-48,Positivo,2019,Tecnologia,ITR,2019-03-31 03:00:00,2.4698843997835325,Cinza,0.16050567677672262,0.2797699071772149,0.03142244943369585,0.2797699071772149,4
81.243.735/0001-48,Positivo,2019,Tecnologia,ITR,2019-06-30 03:00:00,3.0132067431461858,Segura,0.1820992422789018,0.2937025221716471,0.08225860762452256,0.2937025221716471,4
81.243.735/0001-48,Positivo,2019,Tecnologia,ITR,2019-09-30 03:00:00,3.231868478770109,Segura,0.17201373628277172,0.28172917691566834,0.13232226432270777,0.28172917691566834,4
81.243.735/0001-48,Positivo,2019,Tecnologia,DFP,2019-12-31 03:00:00,3.340503663251264,Segura,0.15051894131961346,0.2749517709184164,0.17381804695479547,0.2749517709184164,4
81.243.735/0001-48,Positivo,2020,Tecnologia,ITR,2020-03-31 03:00:00,3.661594629389826,Segura,0.2613344621249502,0.3695819880925843,0.05272949243617777,0.3695819880925843,4
81.243.735/0001-48,Positivo,2020,Tecnologia,ITR,2020-06-30 03:00:00,3.630609441320446,Segura,0.26397287347934534,0.3724663461498045,0.043693071337839846,0.3724663461498045,4
81.243.735/0001-48,Positivo,2020,Tecnologia,ITR,2020-09-30 03:00:00,4.527211590464928,Segura,0.2970368102280663,0.3671239500032025,0.14826575756770985,0.3671239500032025,4
81.243.735/0001-48,Positivo,2020,Tecnologia,DFP,2020-12-31 03:00:00,6.07770688814661,Segura,0.29749153430443226,0.36575982383564604,0.3794252354729018,0.36575982383564604,4
81.243.735/0001-48,Positivo,2021,Tecnologia,ITR,2021-03-31 03:00:00,4.362460815788173,Segura,0.3441299386306069,0.37186505643423434,0.07473661088390487,0.37186505643423434,4
81.243.735/0001-48,Positivo,2021,Tecnologia,ITR,2021-06-30 03:00:00,4.744992593848738,Segura,0.3201884573851138,0.354036875574931,0.16646687197536295,0.354036875574931,4
81.243.735/0001-48,Positivo,2021,Tecnologia,ITR,2021-09-30 03:00:00,5.168818394307872,Segura,0.3136775213643037,0.36007499152957123,0.2320194405752362,0.36007499152957123,4
81.243.735/0001-48,Positivo,2021,Tecnologia,DFP,2021-12-31 03:00:00,5.191276185519118,Segura,0.3149563574681365,0.31476243801503195,0.2631750554588326,0.31476243801503195,4
81.243.735/0001-48,Positivo,2022,Tecnologia,ITR,2022-03-31 03:00:00,4.104446219047936,Segura,0.3450859415808505,0.26807204073452956,0.10197796826067475,0.26807204073452956,4
81.243.735/0001-48,Positivo,2022,Tecnologia,ITR,2022-06-30 03:00:00,5.090010441000337,Segura,0.3569914343927958,0.2991215950133592,0.2171030590589313,0.2991215950133592,4
81.243.735/0001-48,Positivo,2022,Tecnologia,ITR,2022-09-30 03:00:00,5.589477561655396,Segura,0.3617220608790968,0.3134476660682858,0.27762223237116224,0.3134476660682858,4
81.243.735/0001-48,Positivo,2022,Tecnologia,DFP,2022-12-31 03:00:00,6.96556844535189,Segura,0.39450429482180804,0.3348520474067372,0.43666784925562374,0.3348520474067372,4
81.243.735/0001-48,Positivo,2023,Tecnologia,ITR,2023-03-31 03:00:00,4.401037685603778,Segura,0.3798273207951275,0.3552113058839516,0.056310972147010564,0.3552113058839516,4
81.243.735/0001-48,Positivo,2023,Tecnologia,ITR,2023-06-30 03:00:00,5.085972641159945,Segura,0.4134387520179067,0.3642000100797914,0.11965958102359762,0.3642000100797914,4
81.243.735/0001-48,Positivo,2023,Tecnologia,ITR,2023-09-30 03:00:00,5.0860533011952445,Segura,0.3657267392805552,0.34848538885850344,0.1763264680855138,0.34848538885850344,4
81.243.735/0001-48,Positivo,2023,Tecnologia,DFP,2023-12-31 03:00:00,5.964438075765747,Segura,0.3581335242903877,0.34842540092578667,0.3144893866712296,0.34842540092578667,4
81.243.735/0001-48,Positivo,2024,Tecnologia,ITR,2024-03-31 03:00:00,4.594339956000085,Segura,0.375720293017351,0.37341463442109024,0.0774103808707387,0.37341463442109024,4
81.243.735/0001-48,Positivo,2024,Tecnologia,ITR,2024-06-30 03:00:00,4.646687874505032,Segura,0.33810539409105445,0.37744059427501647,0.11933742975333243,0.37744059427501647,4
81.243.735/0001-48,Positivo,2024,Tecnologia,ITR,2024-09-30 03:00:00,5.266607233540192,Segura,0.396165955828835,0.38925672000354655,0.14733066965591507,0.38925672000354655,4
81.243.735/0001-48,Positivo,2024,Tecnologia,DFP,2024-12-31 03:00:00,5.501288210151496,Segura,0.32788208248647244,0.36850812415617057,0.26221900802487225,0.36850812415617057,4
81.243.735/0001-48,Positivo,2025,Tecnologia,ITR,2025-03-31 03:00:00,4.115157030533214,Segura,0.33199070748894416,0.3839864056464766,0.042011395992474145,0.3839864056464766,4
81.243.735/0001-48,Positivo,2025,Tecnologia,ITR,2025-06-30 03:00:00,4.229604561721821,Segura,0.31011068912098344,0.38713034753962244,0.0783849171417259,0.38713034753962244,4
81.243.735/0001-48,Positivo,2025,Tecnologia,ITR,2025-09-30 03:00:00,4.080024553262162,Segura,0.2693492679275431,0.36176498107965616,0.11218545940538119,0.36176498107965616,4
81.243.735/0001-48,Positivo,2025,Tecnologia,DFP,2025-12-31 03:00:00,4.339797380649063,Segura,0.2577440158835788,0.35229105469011085,0.16824734981226322,0.35229105469011085,4
81.243.735/0001-48,Positivo,2026,Tecnologia,ITR,2026-03-31 03:00:00,3.5173070487789913,Segura,0.25820614896349803,0.35509786340294897,0.043601625046389,0.35509786340294897,4
82.901.000/0001-27,Intelbras,2019,Tecnologia,DFP,2019-12-31 03:00:00,6.661827327078877,Segura,0.37535099358424,0.45260548539673123,0.3346421379622547,0.45260548539673123,4
82.901.000/0001-27,Intelbras,2020,Tecnologia,ITR,2020-03-31 03:00:00,4.512342477602552,Segura,0.31757309242021453,0.37401546653621087,0.12158576347542799,0.37401546653621087,4
82.901.000/0001-27,Intelbras,2020,Tecnologia,ITR,2020-06-30 03:00:00,4.774438341680144,Segura,0.3610244310235716,0.3889973149573284,0.10856244742551024,0.3889973149573284,4
82.901.000/0001-27,Intelbras,2020,Tecnologia,ITR,2020-09-30 03:00:00,5.777025362153136,Segura,0.3699153329901632,0.40345275199406816,0.23980646081000473,0.40345275199406816,4
82.901.000/0001-27,Intelbras,2020,Tecnologia,DFP,2020-12-31 03:00:00,7.10533356755318,Segura,0.3938459963556702,0.3997420305878017,0.41649042851585694,0.3997420305878017,4
82.901.000/0001-27,Intelbras,2021,Tecnologia,ITR,2021-03-31 03:00:00,6.661424623555342,Segura,0.5421777994569945,0.5660896047392425,0.09894227123382769,0.5660896047392425,4
82.901.000/0001-27,Intelbras,2021,Tecnologia,ITR,2021-06-30 03:00:00,7.4820791892276155,Segura,0.5520090315054171,0.6200958460707896,0.17682839970044284,0.6200958460707896,4
82.901.000/0001-27,Intelbras,2021,Tecnologia,ITR,2021-09-30 03:00:00,7.531610473622187,Segura,0.5099638216301547,0.5888895241543822,0.24525802896175386,0.5888895241543822,4
82.901.000/0001-27,Intelbras,2021,Tecnologia,DFP,2021-12-31 03:00:00,7.456889437414294,Segura,0.47451259858552064,0.539721345094038,0.3002809216276749,0.539721345094038,4
82.901.000/0001-27,Intelbras,2022,Tecnologia,ITR,2022-03-31 03:00:00,6.801186308755909,Segura,0.5033588443999967,0.5948084402526682,0.13921546309567426,0.5948084402526682,4
82.901.000/0001-27,Intelbras,2022,Tecnologia,ITR,2022-06-30 03:00:00,5.807768820181579,Segura,0.37099545725361194,0.5178238138759617,0.1699729141060254,0.5178238138759617,4
82.901.000/0001-27,Intelbras,2022,Tecnologia,ITR,2022-09-30 03:00:00,6.246659522034596,Segura,0.3684203539387525,0.4925055978847629,0.2540361418620614,0.4925055978847629,4
82.901.000/0001-27,Intelbras,2022,Tecnologia,DFP,2022-12-31 03:00:00,6.819955010464408,Segura,0.4161520011902036,0.4507940237984578,0.3195053035841249,0.4507940237984578,4
82.901.000/0001-27,Intelbras,2023,Tecnologia,ITR,2023-03-31 03:00:00,5.524137961994226,Segura,0.4311281959555546,0.47588644497214805,0.09596226468687935,0.47588644497214805,4
82.901.000/0001-27,Intelbras,2023,Tecnologia,ITR,2023-06-30 03:00:00,6.498530158501176,Segura,0.45496270628568736,0.5109935969082461,0.19517744086198327,0.5109935969082461,4
82.901.000/0001-27,Intelbras,2023,Tecnologia,ITR,2023-09-30 03:00:00,7.026465606275406,Segura,0.4552745151042413,0.5267958450943523,0.26329980577900663,0.5267958450943523,4
82.901.000/0001-27,Intelbras,2023,Tecnologia,DFP,2023-12-31 03:00:00,7.784763036525081,Segura,0.45976533692286764,0.5366957941282066,0.3654082669075146,0.5366957941282066,4
82.901.000/0001-27,Intelbras,2024,Tecnologia,ITR,2024-03-31 03:00:00,5.835885421794252,Segura,0.4464974973473288,0.5232419314259104,0.09697754683781279,0.5232419314259104,4
82.901.000/0001-27,Intelbras,2024,Tecnologia,ITR,2024-06-30 03:00:00,6.1528814278326465,Segura,0.41303695629437504,0.5065707356987476,0.18750582197618226,0.5065707356987476,4
82.901.000/0001-27,Intelbras,2024,Tecnologia,ITR,2024-09-30 03:00:00,6.30431123884028,Segura,0.38915382041196583,0.48221894491147055,0.24897299469781944,0.48221894491147055,4
82.901.000/0001-27,Intelbras,2024,Tecnologia,DFP,2024-12-31 03:00:00,7.437953544658508,Segura,0.40944490558523794,0.5326375463886391,0.3655248718875465,0.5326375463886391,4
82.901.000/0001-27,Intelbras,2025,Tecnologia,ITR,2025-03-31 03:00:00,5.841267715898311,Segura,0.45287584926119506,0.5794981966208972,0.055470969837619656,0.5794981966208972,4
82.901.000/0001-27,Intelbras,2025,Tecnologia,ITR,2025-06-30 03:00:00,6.539668765823543,Segura,0.460092386950703,0.5947779787116674,0.142555002854114,0.5947779787116674,4
82.901.000/0001-27,Intelbras,2025,Tecnologia,ITR,2025-09-30 03:00:00,6.779515211390984,Segura,0.445168973823763,0.5683155592127795,0.20978670876488387,0.5683155592127795,4
82.901.000/0001-27,Intelbras,2025,Tecnologia,DFP,2025-12-31 03:00:00,7.326637086104652,Segura,0.4257796466255402,0.565969015799291,0.3116363312717507,0.565969015799291,4
82.901.000/0001-27,Intelbras,2026,Tecnologia,ITR,2026-03-31 03:00:00,6.130364379346804,Segura,0.4563292500098996,0.5857954968101079,0.09108123631403238,0.5857954968101079,4
84.429.695/0001-11,WEG,2015,Tecnologia,ITR,2015-03-31 03:00:00,4.864861688300907,Segura,0.3830375394603092,0.41679429215820335,0.08270119497610472,0.41679429215820335,4
84.429.695/0001-11,WEG,2015,Tecnologia,ITR,2015-06-30 03:00:00,5.470915254978741,Segura,0.3827601554420335,0.4221901200263084,0.16969780029250173,0.4221901200263084,4
84.429.695/0001-11,WEG,2015,Tecnologia,ITR,2015-09-30 03:00:00,5.735715361817706,Segura,0.35561172258733204,0.4191730434823379,0.23753967920177563,0.4191730434823379,4
84.429.695/0001-11,WEG,2015,Tecnologia,DFP,2015-12-31 02:00:00,6.841945863213519,Segura,0.42733769092694823,0.4316546157249066,0.3241338120473797,0.4316546157249066,4
84.429.695/0001-11,WEG,2016,Tecnologia,ITR,2016-03-31 03:00:00,5.219784202429121,Segura,0.42023867708201607,0.44632611364979513,0.08026085281852377,0.44632611364979513,4
84.429.695/0001-11,WEG,2016,Tecnologia,ITR,2016-06-30 03:00:00,5.779345927763717,Segura,0.4238980377935604,0.4449135000495836,0.16086274027146658,0.4449135000495836,4
84.429.695/0001-11,WEG,2016,Tecnologia,ITR,2016-09-30 03:00:00,6.435720895281017,Segura,0.4518267744543843,0.43736197567625545,0.23611713388327316,0.43736197567625545,4
84.429.695/0001-11,WEG,2016,Tecnologia,DFP,2016-12-31 02:00:00,7.004938672980919,Segura,0.43293246719619205,0.44938065400869964,0.3315581948506554,0.44938065400869964,4
84.429.695/0001-11,WEG,2017,Tecnologia,ITR,2017-03-31 03:00:00,5.405275423613791,Segura,0.44510882875268865,0.453981631608371,0.0786756956494157,0.453981631608371,4
84.429.695/0001-11,WEG,2017,Tecnologia,ITR,2017-06-30 03:00:00,5.6609690440113765,Segura,0.40499797481550515,0.4558473112432151,0.15468458597669738,0.4558473112432151,4
84.429.695/0001-11,WEG,2017,Tecnologia,ITR,2017-09-30 03:00:00,6.224693031227216,Segura,0.39190887032954314,0.4664179112493701,0.2445698875566411,0.4664179112493701,4
84.429.695/0001-11,WEG,2017,Tecnologia,DFP,2017-12-31 02:00:00,6.641326681198831,Segura,0.3638555505592848,0.48929739459932287,0.31928013375101805,0.48929739459932287,4
84.429.695/0001-11,WEG,2018,Tecnologia,ITR,2018-03-31 03:00:00,5.051098273426374,Segura,0.37266585768343263,0.4796304956342924,0.08023851351774634,0.4796304956342924,4
84.429.695/0001-11,WEG,2018,Tecnologia,ITR,2018-06-30 03:00:00,5.299285845373197,Segura,0.32431189095014334,0.4879566447228623,0.15903373541439284,0.4879566447228623,4
84.429.695/0001-11,WEG,2018,Tecnologia,ITR,2018-09-30 03:00:00,5.465074643621501,Segura,0.2762397744149764,0.4775750838908132,0.2372906416502756,0.4775750838908132,4
84.429.695/0001-11,WEG,2018,Tecnologia,DFP,2018-12-31 02:00:00,6.295303309967304,Segura,0.2860142793598639,0.5099567203576658,0.3305262161644431,0.5099567203576658,4
84.429.695/0001-11,WEG,2019,Tecnologia,ITR,2019-03-31 03:00:00,4.566990092718307,Segura,0.2778185460520016,0.5203363345408828,0.074680182849103,0.5203363345408828,4
84.429.695/0001-11,WEG,2019,Tecnologia,ITR,2019-06-30 03:00:00,5.456737332106414,Segura,0.2953273607129044,0.5479307954503835,0.17229287461884063,0.5479307954503835,4
84.429.695/0001-11,WEG,2019,Tecnologia,ITR,2019-09-30 03:00:00,6.328579828276522,Segura,0.33029769007510035,0.5484882800202927,0.2675360854905361,0.5484882800202927,4
84.429.695/0001-11,WEG,2019,Tecnologia,DFP,2019-12-31 03:00:00,7.2276347642070595,Segura,0.3359256500069067,0.5692372741064128,0.3825222989230822,0.5692372741064128,4
84.429.695/0001-11,WEG,2020,Tecnologia,ITR,2020-03-31 03:00:00,5.26563490930719,Segura,0.3252182777222681,0.568940046224432,0.10120110241395983,0.568940046224432,4
84.429.695/0001-11,WEG,2020,Tecnologia,ITR,2020-06-30 03:00:00,6.167250713344415,Segura,0.34093717599075646,0.5902270246400708,0.20637267301284928,0.5902270246400708,4
84.429.695/0001-11,WEG,2020,Tecnologia,ITR,2020-09-30 03:00:00,7.076868159510732,Segura,0.349472606649999,0.598462376387057,0.328118306199185,0.598462376387057,4
84.429.695/0001-11,WEG,2020,Tecnologia,DFP,2020-12-31 03:00:00,7.7855876949578615,Segura,0.33491237609830965,0.5986732367531424,0.4476608418670992,0.5986732367531424,4
84.429.695/0001-11,WEG,2021,Tecnologia,ITR,2021-03-31 03:00:00,5.550109352777724,Segura,0.32477000359147873,0.5849028410487118,0.1337331673062019,0.5849028410487118,4
84.429.695/0001-11,WEG,2021,Tecnologia,ITR,2021-06-30 03:00:00,6.621358739874466,Segura,0.3074659878520454,0.5754860804783897,0.3160769126046413,0.5754860804783897,4
84.429.695/0001-11,WEG,2021,Tecnologia,ITR,2021-09-30 03:00:00,7.55979415244267,Segura,0.3204273578384574,0.5839820542845182,0.43762321890716044,0.5839820542845182,4
84.429.695/0001-11,WEG,2021,Tecnologia,DFP,2021-12-31 03:00:00,8.31684664289203,Segura,0.33502416580233635,0.5854174860621122,0.5351099330805058,0.5854174860621122,4
84.429.695/0001-11,WEG,2022,Tecnologia,ITR,2022-03-31 03:00:00,5.170689205829721,Segura,0.2947227158476163,0.5290744230789123,0.14241033130941175,0.5290744230789123,4
84.429.695/0001-11,WEG,2022,Tecnologia,ITR,2022-06-30 03:00:00,5.878045723460831,Segura,0.2764991022479193,0.53320937018882,0.26280940880962306,0.53320937018882,4
84.429.695/0001-11,WEG,2022,Tecnologia,ITR,2022-09-30 03:00:00,7.005973949620336,Segura,0.31622051605046453,0.5158562952556883,0.40300993032399873,0.5158562952556883,4
84.429.695/0001-11,WEG,2022,Tecnologia,DFP,2022-12-31 03:00:00,8.398966828886504,Segura,0.33376386990281737,0.5419775820998014,0.5764214975407558,0.5419775820998014,4
84.429.695/0001-11,WEG,2023,Tecnologia,ITR,2023-03-31 03:00:00,5.4585237771966275,Segura,0.3130820890106021,0.5290555009817918,0.1673327476273149,0.5290555009817918,4
84.429.695/0001-11,WEG,2023,Tecnologia,ITR,2023-06-30 03:00:00,6.791124515608913,Segura,0.3268791724830022,0.543981289861077,0.34259490845523455,0.543981289861077,4
84.429.695/0001-11,WEG,2023,Tecnologia,ITR,2023-09-30 03:00:00,7.7691433420033125,Segura,0.31986405952610886,0.5519314840753587,0.4898825022540539,0.5519314840753587,4
84.429.695/0001-11,WEG,2023,Tecnologia,DFP,2023-12-31 03:00:00,8.837059267779962,Segura,0.32837609024814685,0.5668854121456287,0.6308982127089969,0.5668854121456287,4
84.429.695/0001-11,WEG,2024,Tecnologia,ITR,2024-03-31 03:00:00,5.477734493255142,Segura,0.3063031428977375,0.5617952844026783,0.15581074405810122,0.5617952844026783,4
84.429.695/0001-11,WEG,2024,Tecnologia,ITR,2024-06-30 03:00:00,6.117135175573725,Segura,0.28847623602524886,0.5342143051857069,0.2860516981990618,0.5342143051857069,4
84.429.695/0001-11,WEG,2024,Tecnologia,ITR,2024-09-30 03:00:00,7.425318129693139,Segura,0.2870175650191536,0.5636290089298979,0.46328004087494523,0.5636290089298979,4
84.429.695/0001-11,WEG,2024,Tecnologia,DFP,2024-12-31 03:00:00,8.033995688086543,Segura,0.2836148180484598,0.5573724669647535,0.5611915400402621,0.5573724669647535,4
84.429.695/0001-11,WEG,2025,Tecnologia,ITR,2025-03-31 03:00:00,5.246809993837275,Segura,0.2645960378820672,0.5652797967139966,0.15992619962702212,0.5652797967139966,4
84.429.695/0001-11,WEG,2025,Tecnologia,ITR,2025-06-30 03:00:00,6.41738532186251,Segura,0.27720987099403144,0.5810732623640144,0.31167601299892295,0.5810732623640144,4
84.429.695/0001-11,WEG,2025,Tecnologia,ITR,2025-09-30 03:00:00,7.296883215175032,Segura,0.2824796313244113,0.5643298053536043,0.4481481209245327,0.5643298053536043,4
84.429.695/0001-11,WEG,2025,Tecnologia,DFP,2025-12-31 03:00:00,7.27166176504038,Segura,0.22334241528262497,0.4350650943380741,0.5850305006234021,0.4350650943380741,4
84.429.695/0001-11,WEG,2026,Tecnologia,ITR,2026-03-31 03:00:00,4.244542738672356,Segura,0.2231204293566322,0.4399415542281847,0.13165544990615674,0.4399415542281847,4
89.637.490/0001-45,Klabin,2015,Commodities,ITR,2015-03-31 03:00:00,3.77548679625817,Segura,0.2227383018212214,0.2798235224161809,0.16492323730613362,0.2798235224161809,4
89.637.490/0001-45,Klabin,2015,Commodities,ITR,2015-06-30 03:00:00,3.748716149587562,Segura,0.19842831156236607,0.2813065405965507,0.1837195291320398,0.2813065405965507,4
89.637.490/0001-45,Klabin,2015,Commodities,ITR,2015-09-30 03:00:00,4.961441467623783,Segura,0.22077466289383732,0.19826701192019133,0.3956292942952658,0.19826701192019133,4
89.637.490/0001-45,Klabin,2015,Commodities,DFP,2015-12-31 02:00:00,4.975301029610732,Segura,0.20989078801805075,0.2037575500091746,0.4047950029274963,0.2037575500091746,4
89.637.490/0001-45,Klabin,2016,Commodities,ITR,2016-03-31 03:00:00,2.969258594252819,Segura,0.19432473548841012,0.23321788477978175,0.10257726875714128,0.23321788477978175,4
89.637.490/0001-45,Klabin,2016,Commodities,ITR,2016-06-30 03:00:00,4.047930487398215,Segura,0.19352621808288836,0.2639960957657243,0.2441332327416958,0.2639960957657243,4
89.637.490/0001-45,Klabin,2016,Commodities,ITR,2016-09-30 03:00:00,4.21141543134376,Segura,0.18416842235350295,0.259684763997105,0.2803614952198301,0.259684763997105,4
89.637.490/0001-45,Klabin,2016,Commodities,DFP,2016-12-31 02:00:00,4.4052505794810335,Segura,0.1984179836007899,0.24221879106544242,0.3064978597571124,0.24221879106544242,4
89.637.490/0001-45,Klabin,2017,Commodities,ITR,2017-03-31 03:00:00,3.1680356993611207,Segura,0.22210380267981736,0.2559203996806137,0.09047884392233242,0.2559203996806137,4
89.637.490/0001-45,Klabin,2017,Commodities,ITR,2017-06-30 03:00:00,3.468863696158497,Segura,0.22805193257989054,0.24265847699718926,0.13794419383579304,0.24265847699718926,4
89.637.490/0001-45,Klabin,2017,Commodities,ITR,2017-09-30 03:00:00,4.065324197370405,Segura,0.2582249410819842,0.24857240909179673,0.19345558045936673,0.24857240909179673,4
89.637.490/0001-45,Klabin,2017,Commodities,DFP,2017-12-31 02:00:00,4.499245390626328,Segura,0.2637111961845843,0.23680064456614913,0.26022160202014166,0.23680064456614913,4
89.637.490/0001-45,Klabin,2018,Commodities,ITR,2018-03-31 03:00:00,3.1570106707951657,Segura,0.24787592899556868,0.25254724916659343,0.06584314474348472,0.25254724916659343,4
89.637.490/0001-45,Klabin,2018,Commodities,ITR,2018-06-30 03:00:00,4.031464614038048,Segura,0.2337286204506769,0.2112805683145989,0.23624785929251274,0.2112805683145989,4
89.637.490/0001-45,Klabin,2018,Commodities,ITR,2018-09-30 03:00:00,4.732232615457423,Segura,0.24629857738831365,0.20501749703972355,0.3322750796947733,0.20501749703972355,4
89.637.490/0001-45,Klabin,2018,Commodities,DFP,2018-12-31 02:00:00,5.134367556740975,Segura,0.24140109469127813,0.22046590604501093,0.3869893334095527,0.22046590604501093,4
89.637.490/0001-45,Klabin,2019,Commodities,ITR,2019-03-31 03:00:00,3.408740443331617,Segura,0.29258199729769113,0.20937747243261903,0.08734905280865701,0.20937747243261903,4
89.637.490/0001-45,Klabin,2019,Commodities,ITR,2019-06-30 03:00:00,3.95668584629096,Segura,0.35727293475775,0.18086777954903993,0.12402310482496401,0.18086777954903993,4
89.637.490/0001-45,Klabin,2019,Commodities,ITR,2019-09-30 03:00:00,4.927354085340058,Segura,0.36002658270272697,0.16669402611113124,0.27487030509988003,0.16669402611113124,4
89.637.490/0001-45,Klabin,2019,Commodities,DFP,2019-12-31 03:00:00,5.180070431035491,Segura,0.3045672139437068,0.18733993136402122,0.3533741671705124,0.18733993136402122,4
89.637.490/0001-45,Klabin,2020,Commodities,ITR,2020-03-31 03:00:00,4.531014679328529,Segura,0.266701320807408,0.1010899800970178,0.34907086318657526,0.1010899800970178,4
89.637.490/0001-45,Klabin,2020,Commodities,ITR,2020-06-30 03:00:00,5.407599252250896,Segura,0.3210455594305148,0.09062392515095397,0.4331772715753135,0.09062392515095397,4
89.637.490/0001-45,Klabin,2020,Commodities,ITR,2020-09-30 03:00:00,5.7066637708953225,Segura,0.2543374276772178,0.08859224299924676,0.5441038211318482,0.08859224299924676,4
89.637.490/0001-45,Klabin,2020,Commodities,DFP,2020-12-31 03:00:00,5.46364487651509,Segura,0.20335542739533455,0.12431892692826968,0.5347944490685793,0.12431892692826968,4
89.637.490/0001-45,Klabin,2021,Commodities,ITR,2021-03-31 03:00:00,2.449159123042552,Cinza,0.22759679032951996,0.0980793294525625,0.07937533758041022,0.0980793294525625,4
89.637.490/0001-45,Klabin,2021,Commodities,ITR,2021-06-30 03:00:00,3.3237228929300198,Segura,0.21737489559552278,0.1650049593514476,0.1765732444968231,0.1650049593514476,4
89.637.490/0001-45,Klabin,2021,Commodities,ITR,2021-09-30 03:00:00,4.178144377297907,Segura,0.21205907230031495,0.15812377589806656,0.3133219328701153,0.15812377589806656,4
89.637.490/0001-45,Klabin,2021,Commodities,DFP,2021-12-31 03:00:00,4.9744549994608525,Segura,0.19776970117222273,0.16841611241374982,0.439168499295805,0.16841611241374982,4
89.637.490/0001-45,Klabin,2022,Commodities,ITR,2022-03-31 03:00:00,2.9489123402241533,Segura,0.17182065428093035,0.2452608825861383,0.11379381610044556,0.2452608825861383,4
89.637.490/0001-45,Klabin,2022,Commodities,ITR,2022-06-30 03:00:00,3.810661021538716,Segura,0.17806036607962275,0.21873521741640578,0.25295182038566694,0.21873521741640578,4
89.637.490/0001-45,Klabin,2022,Commodities,ITR,2022-09-30 03:00:00,4.680813647802547,Segura,0.15567035214568017,0.23811004456842377,0.3918693222674076,0.23811004456842377,4
89.637.490/0001-45,Klabin,2022,Commodities,DFP,2022-12-31 03:00:00,5.085738121986513,Segura,0.1269985189173388,0.24314645634589463,0.47688491235684,0.24314645634589463,4
89.637.490/0001-45,Klabin,2023,Commodities,ITR,2023-03-31 03:00:00,2.8139119002662003,Segura,0.13569230149877481,0.25845272445363887,0.1205117797677164,0.25845272445363887,4
89.637.490/0001-45,Klabin,2023,Commodities,ITR,2023-06-30 03:00:00,3.4543359624410135,Segura,0.10899427916990664,0.28920671030171885,0.22215068001280025,0.28920671030171885,4
89.637.490/0001-45,Klabin,2023,Commodities,ITR,2023-09-30 03:00:00,3.9115419249493586,Segura,0.140951422264717,0.263036186898043,0.27577598651223956,0.263036186898043,4
89.637.490/0001-45,Klabin,2023,Commodities,DFP,2023-12-31 03:00:00,4.6119889725729495,Segura,0.18712322554703562,0.2477245024730904,0.3447571439472287,0.2477245024730904,4
89.637.490/0001-45,Klabin,2024,Commodities,ITR,2024-03-31 03:00:00,2.9115444450513115,Segura,0.20302257852012298,0.2385119087927332,0.0821026790271763,0.2385119087927332,4
89.637.490/0001-45,Klabin,2024,Commodities,ITR,2024-06-30 03:00:00,3.513494383385168,Segura,0.2187038356925426,0.20207528854531995,0.17973998922794052,0.20207528854531995,4
89.637.490/0001-45,Klabin,2024,Commodities,ITR,2024-09-30 03:00:00,3.5501205770195035,Segura,0.13598140500806374,0.20250642215284784,0.26566664891187963,0.20250642215284784,4
89.637.490/0001-45,Klabin,2024,Commodities,DFP,2024-12-31 03:00:00,3.709296461110361,Segura,0.11206276753287443,0.14542985355046045,0.349309826978009,0.14542985355046045,4
89.637.490/0001-45,Klabin,2025,Commodities,ITR,2025-03-31 03:00:00,2.248878994098881,Cinza,0.11070994803766154,0.19675718566668784,0.10038664653993994,0.19675718566668784,4
89.637.490/0001-45,Klabin,2025,Commodities,ITR,2025-06-30 03:00:00,3.106627708253367,Segura,0.13219103136785246,0.22190526356212736,0.19092899650706638,0.22190526356212736,4
89.637.490/0001-45,Klabin,2025,Commodities,ITR,2025-09-30 03:00:00,3.819874022610534,Segura,0.14084523536645893,0.23601555178225536,0.2795687872656314,0.23601555178225536,4
89.637.490/0001-45,Klabin,2025,Commodities,DFP,2025-12-31 03:00:00,4.245594693631623,Segura,0.14549774199408225,0.22573398966534,0.34497262063881373,0.22573398966534,4
89.637.490/0001-45,Klabin,2026,Commodities,ITR,2026-03-31 03:00:00,2.289370073721585,Cinza,0.11346229771143905,0.2509068759065981,0.06899535202040294,0.2509068759065981,4
92.754.738/0001-62,Lojas Renner,2015,Varejo,ITR,2015-03-31 03:00:00,4.333413979329034,Segura,0.3121975534197302,0.38252950725930807,0.09474640663809326,0.38252950725930807,4
92.754.738/0001-62,Lojas Renner,2015,Varejo,ITR,2015-06-30 03:00:00,5.13122040420352,Segura,0.2781505443527778,0.38352071840707563,0.2460682346599408,0.38352071840707563,4
92.754.738/0001-62,Lojas Renner,2015,Varejo,ITR,2015-09-30 03:00:00,5.895403692528463,Segura,0.2682594739525311,0.41043107192084743,0.35218208681860236,0.41043107192084743,4
92.754.738/0001-62,Lojas Renner,2015,Varejo,DFP,2015-12-31 02:00:00,6.822204665673781,Segura,0.23911173096800853,0.39410074050274235,0.5290264165114325,0.39410074050274235,4
92.754.738/0001-62,Lojas Renner,2016,Varejo,ITR,2016-03-31 03:00:00,3.843150227130601,Segura,0.23506778737387915,0.40580128962221007,0.08215803328664119,0.40580128962221007,4
92.754.738/0001-62,Lojas Renner,2016,Varejo,ITR,2016-06-30 03:00:00,4.545732934499921,Segura,0.1991513636107923,0.3952098012961111,0.22856335500400077,0.3952098012961111,4
92.754.738/0001-62,Lojas Renner,2016,Varejo,ITR,2016-09-30 03:00:00,5.10875509469661,Segura,0.1714547192515348,0.4169870568024571,0.32541635737915936,0.4169870568024571,4
92.754.738/0001-62,Lojas Renner,2016,Varejo,DFP,2016-12-31 02:00:00,6.290703341913747,Segura,0.18033787928487902,0.4072138487512069,0.4988980901320296,0.4072138487512069,4
92.754.738/0001-62,Lojas Renner,2017,Varejo,ITR,2017-03-31 03:00:00,3.936447020646117,Segura,0.24790152666554274,0.4271985944811247,0.06978974159323063,0.4271985944811247,4
92.754.738/0001-62,Lojas Renner,2017,Varejo,ITR,2017-06-30 03:00:00,4.771929024925744,Segura,0.2348546876205656,0.4265908367041799,0.20724341784818737,0.4265908367041799,4
92.754.738/0001-62,Lojas Renner,2017,Varejo,ITR,2017-09-30 03:00:00,5.834316948240879,Segura,0.2589485316346844,0.44995573159114827,0.3268311573749257,0.44995573159114827,4
92.754.738/0001-62,Lojas Renner,2017,Varejo,DFP,2017-12-31 02:00:00,6.854877984667561,Segura,0.2605084915082268,0.42707896939686457,0.4918499884334982,0.42707896939686457,4
92.754.738/0001-62,Lojas Renner,2018,Varejo,ITR,2018-03-31 03:00:00,4.490951185860329,Segura,0.2814829889472452,0.46513618306031734,0.09519134365720734,0.46513618306031734,4
92.754.738/0001-62,Lojas Renner,2018,Varejo,ITR,2018-06-30 03:00:00,5.084764641650241,Segura,0.2288909966412089,0.4738723506075789,0.22929313579839972,0.4738723506075789,4
92.754.738/0001-62,Lojas Renner,2018,Varejo,ITR,2018-09-30 03:00:00,5.657885818573435,Segura,0.20403929801204465,0.4779861597307205,0.33620054690104423,0.4779861597307205,4
92.754.738/0001-62,Lojas Renner,2018,Varejo,DFP,2018-12-31 02:00:00,6.470397449373362,Segura,0.18206226743126214,0.4483041017348506,0.49760093698617214,0.4483041017348506,4
92.754.738/0001-62,Lojas Renner,2019,Varejo,ITR,2019-03-31 03:00:00,3.0052561080769222,Segura,0.10882529306911652,0.3924035170709952,0.0893010456796918,0.3924035170709952,4
92.754.738/0001-62,Lojas Renner,2019,Varejo,ITR,2019-06-30 03:00:00,4.110957977319801,Segura,0.14574691028517134,0.3985345442154561,0.21386523218459247,0.3985345442154561,4
92.754.738/0001-62,Lojas Renner,2019,Varejo,ITR,2019-09-30 03:00:00,4.967920552067283,Segura,0.17342250907458748,0.40530985253392227,0.310027295850712,0.40530985253392227,4
92.754.738/0001-62,Lojas Renner,2019,Varejo,DFP,2019-12-31 03:00:00,6.039100470626248,Segura,0.16009620297606755,0.39897555363990117,0.4865007057909629,0.39897555363990117,4
92.754.738/0001-62,Lojas Renner,2020,Varejo,ITR,2020-03-31 03:00:00,3.1010826275312917,Segura,0.15289277137379165,0.3992619194607701,0.05614392476834809,0.3992619194607701,4
92.754.738/0001-62,Lojas Renner,2020,Varejo,ITR,2020-06-30 03:00:00,4.707591786793197,Segura,0.1886984410984317,0.42297489622562895,0.24504586465104536,0.42297489622562895,4
92.754.738/0001-62,Lojas Renner,2020,Varejo,ITR,2020-09-30 03:00:00,4.7423675468279765,Segura,0.19249157878276918,0.4073121508170102,0.256563604165431,0.4073121508170102,4
92.754.738/0001-62,Lojas Renner,2020,Varejo,DFP,2020-12-31 03:00:00,5.344968358656393,Segura,0.22286744080603813,0.37570666323011453,0.336854498280802,0.37570666323011453,4
92.754.738/0001-62,Lojas Renner,2021,Varejo,ITR,2021-03-31 03:00:00,3.518148738209316,Segura,0.2581805750483156,0.3640827924198442,0.03798918609566034,0.3640827924198442,4
92.754.738/0001-62,Lojas Renner,2021,Varejo,ITR,2021-06-30 03:00:00,5.271216880911279,Segura,0.40729677917669765,0.4983778675536273,0.06716389886250136,0.4983778675536273,4
92.754.738/0001-62,Lojas Renner,2021,Varejo,ITR,2021-09-30 03:00:00,5.296834668524163,Segura,0.3629897628604698,0.48798908849571754,0.12089119832484199,0.48798908849571754,4
92.754.738/0001-62,Lojas Renner,2021,Varejo,DFP,2021-12-31 03:00:00,5.167318794123945,Segura,0.28164973962012396,0.45799681813713206,0.20025747262572807,0.45799681813713206,4
92.754.738/0001-62,Lojas Renner,2022,Varejo,ITR,2022-03-31 03:00:00,4.237533320367593,Segura,0.2844775503413193,0.45700148029745735,0.05977443601882412,0.45700148029745735,4
92.754.738/0001-62,Lojas Renner,2022,Varejo,ITR,2022-06-30 03:00:00,4.85206606432699,Segura,0.2662025749870795,0.46055671812373383,0.16678239840750833,0.46055671812373383,4
92.754.738/0001-62,Lojas Renner,2022,Varejo,ITR,2022-09-30 03:00:00,5.537676758960922,Segura,0.282118345121357,0.470336137376464,0.2469987593559911,0.470336137376464,4
92.754.738/0001-62,Lojas Renner,2022,Varejo,DFP,2022-12-31 03:00:00,6.413774874352756,Segura,0.28598145945423525,0.47697605151135103,0.3693407318927157,0.47697605151135103,4
92.754.738/0001-62,Lojas Renner,2023,Varejo,ITR,2023-03-31 03:00:00,4.06267928855738,Segura,0.2549575915278527,0.490852648460122,0.040860501974931726,0.490852648460122,4
92.754.738/0001-62,Lojas Renner,2023,Varejo,ITR,2023-06-30 03:00:00,4.514631183827065,Segura,0.25075445971553223,0.48675124286579075,0.11484882014012149,0.48675124286579075,4
92.754.738/0001-62,Lojas Renner,2023,Varejo,ITR,2023-09-30 03:00:00,4.838281151863493,Segura,0.24049401192729714,0.48923887415285183,0.17143167946750465,0.48923887415285183,4
92.754.738/0001-62,Lojas Renner,2023,Varejo,DFP,2023-12-31 03:00:00,5.5345167797117885,Segura,0.22932868171308282,0.49033226783861,0.28523639185856486,0.49033226783861,4
92.754.738/0001-62,Lojas Renner,2024,Varejo,ITR,2024-03-31 03:00:00,4.1155480409142795,Segura,0.22394656354633816,0.5301643548475656,0.05378723432400197,0.5301643548475656,4
92.754.738/0001-62,Lojas Renner,2024,Varejo,ITR,2024-06-30 03:00:00,4.745121770701159,Segura,0.23042054209720825,0.5360987726015649,0.13734781318909664,0.5360987726015649,4
92.754.738/0001-62,Lojas Renner,2024,Varejo,ITR,2024-09-30 03:00:00,5.259588610764799,Segura,0.22940092712975446,0.5421851132008175,0.210997126621739,0.5421851132008175,4
92.754.738/0001-62,Lojas Renner,2024,Varejo,DFP,2024-12-31 03:00:00,5.8815573382032245,Segura,0.22927552187399797,0.5290040703004578,0.3121283291242299,0.5290040703004578,4
92.754.738/0001-62,Lojas Renner,2025,Varejo,ITR,2025-03-31 03:00:00,4.514204476509932,Segura,0.2293599936372762,0.5561838155364885,0.0911384930486809,0.5561838155364885,4
92.754.738/0001-62,Lojas Renner,2025,Varejo,ITR,2025-06-30 03:00:00,5.5593960476244995,Segura,0.249867216003574,0.5497901156185524,0.23075471909599596,0.5497901156185524,4
92.754.738/0001-62,Lojas Renner,2025,Varejo,ITR,2025-09-30 03:00:00,6.148992539785042,Segura,0.24968435036725012,0.5527967235985045,0.31674245873010826,0.5527967235985045,4
92.754.738/0001-62,Lojas Renner,2025,Varejo,DFP,2025-12-31 03:00:00,6.818541216823965,Segura,0.24289291969281404,0.5327762465627913,0.4358479227609337,0.5327762465627913,4
92.754.738/0001-62,Lojas Renner,2026,Varejo,ITR,2026-03-31 03:00:00,4.538126650886424,Segura,0.25342432909462514,0.5492551330164462,0.07565080784595236,0.5492551330164462,4
