CNPJ_CIA,DT_REFER,ANO,Target,Variavel,Horizonte,Algoritmo,SchemaHash,SchemaLen,ModoEscala,y_true,y_pred,lb_90,ub_90,width_90,coberto,q_hat,alpha
02.429.144/0001-93,2025-03-31 03:00:00,2025,TARGET_DRE_3.01_ITR_T1,Receita Líquida,ITRT1,GradientBoosting,23de6ffb5146,153,raw,21204346.0,16.871734983795108,-100142096.34415987,100142130.08762982,200284226.4317897,True,100142113.21589485,0.1
02.429.144/0001-93,2025-06-30 03:00:00,2025,TARGET_DRE_3.01_ITR_T1,Receita Líquida,ITRT1,GradientBoosting,23de6ffb5146,153,raw,32533487.0,17.342733929792942,-100142095.87316091,100142130.55862878,200284226.4317897,True,100142113.21589485,0.1
02.429.144/0001-93,2025-09-30 03:00:00,2025,TARGET_DRE_3.01_ITR_T1,Receita Líquida,ITRT1,GradientBoosting,23de6ffb5146,153,raw,11341533.0,16.34537151106602,-100142096.87052333,100142129.56126636,200284226.4317897,True,100142113.21589485,0.1
02.429.144/0001-93,2025-12-31 03:00:00,2025,TARGET_DRE_3.01_ITR_T1,Receita Líquida,ITRT1,GradientBoosting,23de6ffb5146,153,raw,11341533.0,16.049165073661953,-100142097.16672978,100142129.26505992,200284226.4317897,True,100142113.21589485,0.1
02.474.103/0001-19,2025-03-31 03:00:00,2025,TARGET_DRE_3.01_ITR_T1,Receita Líquida,ITRT1,GradientBoosting,23de6ffb5146,153,raw,6099190.0,15.539834650146803,-100142097.6760602,100142128.7557295,200284226.4317897,True,100142113.21589485,0.1
02.474.103/0001-19,2025-06-30 03:00:00,2025,TARGET_DRE_3.01_ITR_T1,Receita Líquida,ITRT1,GradientBoosting,23de6ffb5146,153,raw,9442446.0,16.10087096453403,-100142097.11502388,100142129.31676582,200284226.4317897,True,100142113.21589485,0.1
02.474.103/0001-19,2025-09-30 03:00:00,2025,TARGET_DRE_3.01_ITR_T1,Receita Líquida,ITRT1,GradientBoosting,23de6ffb5146,153,raw,3408657.0,15.07698756042502,-100142098.13890728,100142128.29288241,200284226.4317897,True,100142113.21589485,0.1
02.474.103/0001-19,2025-12-31 03:00:00,2025,TARGET_DRE_3.01_ITR_T1,Receita Líquida,ITRT1,GradientBoosting,23de6ffb5146,153,raw,3408657.0,14.906384650932864,-100142098.3095102,100142128.1222795,200284226.4317897,True,100142113.21589485,0.1
02.998.611/0001-04,2025-03-31 03:00:00,2025,TARGET_DRE_3.01_ITR_T1,Receita Líquida,ITRT1,GradientBoosting,23de6ffb5146,153,raw,3844914.0,15.18507792577156,-100142098.03081693,100142128.40097277,200284226.4317897,True,100142113.21589485,0.1
02.998.611/0001-04,2025-06-30 03:00:00,2025,TARGET_DRE_3.01_ITR_T1,Receita Líquida,ITRT1,GradientBoosting,23de6ffb5146,153,raw,6403885.0,15.36523588821472,-100142097.85065895,100142128.58113074,200284226.4317897,True,100142113.21589485,0.1
02.998.611/0001-04,2025-09-30 03:00:00,2025,TARGET_DRE_3.01_ITR_T1,Receita Líquida,ITRT1,GradientBoosting,23de6ffb5146,153,raw,2510755.0,14.464239747583253,-100142098.7516551,100142127.6801346,200284226.4317897,True,100142113.21589485,0.1
02.998.611/0001-04,2025-12-31 03:00:00,2025,TARGET_DRE_3.01_ITR_T1,Receita Líquida,ITRT1,GradientBoosting,23de6ffb5146,153,raw,2510755.0,14.430456973831829,-100142098.78543787,100142127.64635183,200284226.4317897,True,100142113.21589485,0.1
03.220.438/0001-73,2025-03-31 03:00:00,2025,TARGET_DRE_3.01_ITR_T1,Receita Líquida,ITRT1,GradientBoosting,23de6ffb5146,153,raw,24504420.0,16.942834159601958,-100142096.2730607,100142130.158729,200284226.4317897,True,100142113.21589485,0.1
03.220.438/0001-73,2025-06-30 03:00:00,2025,TARGET_DRE_3.01_ITR_T1,Receita Líquida,ITRT1,GradientBoosting,23de6ffb5146,153,raw,38649516.0,17.39220041899938,-100142095.82369442,100142130.60809527,200284226.4317897,True,100142113.21589485,0.1
03.220.438/0001-73,2025-09-30 03:00:00,2025,TARGET_DRE_3.01_ITR_T1,Receita Líquida,ITRT1,GradientBoosting,23de6ffb5146,153,raw,12749940.0,16.889264611565633,-100142096.32663023,100142130.10515946,200284226.4317897,True,100142113.21589485,0.1
03.220.438/0001-73,2025-12-31 03:00:00,2025,TARGET_DRE_3.01_ITR_T1,Receita Líquida,ITRT1,GradientBoosting,23de6ffb5146,153,raw,12749940.0,16.16061535256016,-100142097.0552795,100142129.3765102,200284226.4317897,True,100142113.21589485,0.1
07.859.971/0001-30,2025-03-31 03:00:00,2025,TARGET_DRE_3.01_ITR_T1,Receita Líquida,ITRT1,GradientBoosting,23de6ffb5146,153,raw,2244721.0,14.634084234663646,-100142098.58181061,100142127.84997909,200284226.4317897,True,100142113.21589485,0.1
07.859.971/0001-30,2025-06-30 03:00:00,2025,TARGET_DRE_3.01_ITR_T1,Receita Líquida,ITRT1,GradientBoosting,23de6ffb5146,153,raw,3425278.0,15.136938117455552,-100142098.07895672,100142128.35283297,200284226.4317897,True,100142113.21589485,0.1
07.859.971/0001-30,2025-09-30 03:00:00,2025,TARGET_DRE_3.01_ITR_T1,Receita Líquida,ITRT1,GradientBoosting,23de6ffb5146,153,raw,1037354.0,13.87050859988212,-100142099.34538625,100142127.08640344,200284226.4317897,True,100142113.21589485,0.1
07.859.971/0001-30,2025-12-31 03:00:00,2025,TARGET_DRE_3.01_ITR_T1,Receita Líquida,ITRT1,GradientBoosting,23de6ffb5146,153,raw,1037354.0,13.841885092653962,-100142099.37400976,100142127.05777994,200284226.4317897,True,100142113.21589485,0.1
10.629.105/0001-68,2025-03-31 03:00:00,2025,TARGET_DRE_3.01_ITR_T1,Receita Líquida,ITRT1,GradientBoosting,23de6ffb5146,153,raw,7768599.0,15.853879556326959,-100142097.36201529,100142129.0697744,200284226.4317897,True,100142113.21589485,0.1
10.629.105/0001-68,2025-06-30 03:00:00,2025,TARGET_DRE_3.01_ITR_T1,Receita Líquida,ITRT1,GradientBoosting,23de6ffb5146,153,raw,11331681.0,16.507763295130403,-100142096.70813155,100142129.72365814,200284226.4317897,True,100142113.21589485,0.1
10.629.105/0001-68,2025-09-30 03:00:00,2025,TARGET_DRE_3.01_ITR_T1,Receita Líquida,ITRT1,GradientBoosting,23de6ffb5146,153,raw,6529947.0,15.535437615336445,-100142097.68045723,100142128.75133246,200284226.4317897,True,100142113.21589485,0.1
10.629.105/0001-68,2025-12-31 03:00:00,2025,TARGET_DRE_3.01_ITR_T1,Receita Líquida,ITRT1,GradientBoosting,23de6ffb5146,153,raw,6529947.0,15.402514223386978,-100142097.81338063,100142128.61840907,200284226.4317897,True,100142113.21589485,0.1
16.404.287/0001-55,2025-03-31 03:00:00,2025,TARGET_DRE_3.01_ITR_T1,Receita Líquida,ITRT1,GradientBoosting,23de6ffb5146,153,raw,24848816.0,16.97823311956701,-100142096.23766173,100142130.19412796,200284226.4317897,True,100142113.21589485,0.1
16.404.287/0001-55,2025-06-30 03:00:00,2025,TARGET_DRE_3.01_ITR_T1,Receita Líquida,ITRT1,GradientBoosting,23de6ffb5146,153,raw,37001961.0,17.356015015484278,-100142095.85987984,100142130.57190986,200284226.4317897,True,100142113.21589485,0.1
16.404.287/0001-55,2025-09-30 03:00:00,2025,TARGET_DRE_3.01_ITR_T1,Receita Líquida,ITRT1,GradientBoosting,23de6ffb5146,153,raw,10968416.0,16.70015185034522,-100142096.515743,100142129.9160467,200284226.4317897,True,100142113.21589485,0.1
16.404.287/0001-55,2025-12-31 03:00:00,2025,TARGET_DRE_3.01_ITR_T1,Receita Líquida,ITRT1,GradientBoosting,23de6ffb5146,153,raw,10968416.0,15.955286846251466,-100142097.260608,100142129.1711817,200284226.4317897,True,100142113.21589485,0.1
16.590.234/0001-76,2025-03-31 03:00:00,2025,TARGET_DRE_3.01_ITR_T1,Receita Líquida,ITRT1,GradientBoosting,23de6ffb5146,153,raw,5597923.0,15.1430903524681,-100142098.0728045,100142128.3589852,200284226.4317897,True,100142113.21589485,0.1
16.590.234/0001-76,2025-06-30 03:00:00,2025,TARGET_DRE_3.01_ITR_T1,Receita Líquida,ITRT1,GradientBoosting,23de6ffb5146,153,raw,8556113.0,15.811717191825966,-100142097.40417765,100142129.02761205,200284226.4317897,True,100142113.21589485,0.1
16.590.234/0001-76,2025-09-30 03:00:00,2025,TARGET_DRE_3.01_ITR_T1,Receita Líquida,ITRT1,GradientBoosting,23de6ffb5146,153,raw,2479523.0,14.881319355396432,-100142098.33457549,100142128.0972142,200284226.4317897,True,100142113.21589485,0.1
16.590.234/0001-76,2025-12-31 03:00:00,2025,TARGET_DRE_3.01_ITR_T1,Receita Líquida,ITRT1,GradientBoosting,23de6ffb5146,153,raw,2479523.0,14.498229943751651,-100142098.7176649,100142127.7141248,200284226.4317897,True,100142113.21589485,0.1
24.990.777/0001-09,2025-03-31 03:00:00,2025,TARGET_DRE_3.01_ITR_T1,Receita Líquida,ITRT1,GradientBoosting,23de6ffb5146,153,raw,17110941.0,16.579491090720275,-100142096.63640375,100142129.79538594,200284226.4317897,True,100142113.21589485,0.1
24.990.777/0001-09,2025-06-30 03:00:00,2025,TARGET_DRE_3.01_ITR_T1,Receita Líquida,ITRT1,GradientBoosting,23de6ffb5146,153,raw,27874479.0,17.203328673790583,-100142096.01256618,100142130.41922352,200284226.4317897,True,100142113.21589485,0.1
24.990.777/0001-09,2025-09-30 03:00:00,2025,TARGET_DRE_3.01_ITR_T1,Receita Líquida,ITRT1,GradientBoosting,23de6ffb5146,153,raw,9402270.0,16.024153241787285,-100142097.1917416,100142129.2400481,200284226.4317897,True,100142113.21589485,0.1
24.990.777/0001-09,2025-12-31 03:00:00,2025,TARGET_DRE_3.01_ITR_T1,Receita Líquida,ITRT1,GradientBoosting,23de6ffb5146,153,raw,9402270.0,15.918737955312116,-100142097.2971569,100142129.1346328,200284226.4317897,True,100142113.21589485,0.1
33.000.167/0001-01,2025-03-31 03:00:00,2025,TARGET_DRE_3.01_ITR_T1,Receita Líquida,ITRT1,GradientBoosting,23de6ffb5146,153,raw,242272000.0,19.194479863726748,-100142094.02141498,100142132.41037472,200284226.4317897,False,100142113.21589485,0.1
33.000.167/0001-01,2025-06-30 03:00:00,2025,TARGET_DRE_3.01_ITR_T1,Receita Líquida,ITRT1,GradientBoosting,23de6ffb5146,153,raw,370178000.0,19.575559435110904,-100142093.64033541,100142132.79145429,200284226.4317897,False,100142113.21589485,0.1
33.000.167/0001-01,2025-09-30 03:00:00,2025,TARGET_DRE_3.01_ITR_T1,Receita Líquida,ITRT1,GradientBoosting,23de6ffb5146,153,raw,123686000.0,18.466062207277535,-100142094.74983265,100142131.68195705,200284226.4317897,False,100142113.21589485,0.1
33.000.167/0001-01,2025-12-31 03:00:00,2025,TARGET_DRE_3.01_ITR_T1,Receita Líquida,ITRT1,GradientBoosting,23de6ffb5146,153,raw,123686000.0,17.582838268861742,-100142095.63305658,100142130.79873312,200284226.4317897,False,100142113.21589485,0.1
33.042.730/0001-04,2025-03-31 03:00:00,2025,TARGET_DRE_3.01_ITR_T1,Receita Líquida,ITRT1,GradientBoosting,23de6ffb5146,153,raw,21600915.0,16.89504042388696,-100142096.32085443,100142130.11093527,200284226.4317897,True,100142113.21589485,0.1
33.042.730/0001-04,2025-06-30 03:00:00,2025,TARGET_DRE_3.01_ITR_T1,Receita Líquida,ITRT1,GradientBoosting,23de6ffb5146,153,raw,33394783.0,17.27012074399814,-100142095.94577411,100142130.48601559,200284226.4317897,True,100142113.21589485,0.1
33.042.730/0001-04,2025-09-30 03:00:00,2025,TARGET_DRE_3.01_ITR_T1,Receita Líquida,ITRT1,GradientBoosting,23de6ffb5146,153,raw,10603772.0,16.201588581420708,-100142097.01430626,100142129.41748343,200284226.4317897,True,100142113.21589485,0.1
33.042.730/0001-04,2025-12-31 03:00:00,2025,TARGET_DRE_3.01_ITR_T1,Receita Líquida,ITRT1,GradientBoosting,23de6ffb5146,153,raw,10603772.0,15.87111713599763,-100142097.34477772,100142129.08701198,200284226.4317897,True,100142113.21589485,0.1
33.256.439/0001-39,2025-03-31 03:00:00,2025,TARGET_DRE_3.01_ITR_T1,Receita Líquida,ITRT1,GradientBoosting,23de6ffb5146,153,raw,67384305.0,17.98313523091789,-100142095.23275961,100142131.19903009,200284226.4317897,True,100142113.21589485,0.1
33.256.439/0001-39,2025-06-30 03:00:00,2025,TARGET_DRE_3.01_ITR_T1,Receita Líquida,ITRT1,GradientBoosting,23de6ffb5146,153,raw,104418160.0,18.383990427463992,-100142094.83190443,100142131.59988527,200284226.4317897,False,100142113.21589485,0.1
33.256.439/0001-39,2025-09-30 03:00:00,2025,TARGET_DRE_3.01_ITR_T1,Receita Líquida,ITRT1,GradientBoosting,23de6ffb5146,153,raw,36751570.0,17.276125285630346,-100142095.93976957,100142130.49202013,200284226.4317897,True,100142113.21589485,0.1
33.256.439/0001-39,2025-12-31 03:00:00,2025,TARGET_DRE_3.01_ITR_T1,Receita Líquida,ITRT1,GradientBoosting,23de6ffb5146,153,raw,36751570.0,17.217965258567983,-100142095.99792959,100142130.43386011,200284226.4317897,True,100142113.21589485,0.1
33.453.598/0001-23,2025-03-31 03:00:00,2025,TARGET_DRE_3.01_ITR_T1,Receita Líquida,ITRT1,GradientBoosting,23de6ffb5146,153,raw,54217561.0,17.57680777752981,-100142095.63908707,100142130.79270263,200284226.4317897,True,100142113.21589485,0.1
33.453.598/0001-23,2025-06-30 03:00:00,2025,TARGET_DRE_3.01_ITR_T1,Receita Líquida,ITRT1,GradientBoosting,23de6ffb5146,153,raw,114128177.0,18.40202657100145,-100142094.81386828,100142131.61792141,200284226.4317897,False,100142113.21589485,0.1
33.453.598/0001-23,2025-09-30 03:00:00,2025,TARGET_DRE_3.01_ITR_T1,Receita Líquida,ITRT1,GradientBoosting,23de6ffb5146,153,raw,174519900.0,18.148836616047557,-100142095.06705824,100142131.36473146,200284226.4317897,False,100142113.21589485,0.1
33.592.510/0001-54,2025-03-31 03:00:00,2025,TARGET_DRE_3.01_ITR_T1,Receita Líquida,ITRT1,GradientBoosting,23de6ffb5146,153,raw,97218000.0,18.425739686256005,-100142094.79015516,100142131.64163454,200284226.4317897,True,100142113.21589485,0.1
33.592.510/0001-54,2025-06-30 03:00:00,2025,TARGET_DRE_3.01_ITR_T1,Receita Líquida,ITRT1,GradientBoosting,23de6ffb5146,153,raw,153919000.0,18.758290694691652,-100142094.45760415,100142131.97418554,200284226.4317897,False,100142113.21589485,0.1
33.592.510/0001-54,2025-09-30 03:00:00,2025,TARGET_DRE_3.01_ITR_T1,Receita Líquida,ITRT1,GradientBoosting,23de6ffb5146,153,raw,48680000.0,17.676581766562588,-100142095.53931308,100142130.89247662,200284226.4317897,True,100142113.21589485,0.1
33.592.510/0001-54,2025-12-31 03:00:00,2025,TARGET_DRE_3.01_ITR_T1,Receita Líquida,ITRT1,GradientBoosting,23de6ffb5146,153,raw,48680000.0,17.032450436834033,-100142096.18344441,100142130.24834529,200284226.4317897,True,100142113.21589485,0.1
33.611.500/0001-19,2025-03-31 03:00:00,2025,TARGET_DRE_3.01_ITR_T1,Receita Líquida,ITRT1,GradientBoosting,23de6ffb5146,153,raw,34901086.0,17.398133943595067,-100142095.8177609,100142130.6140288,200284226.4317897,True,100142113.21589485,0.1
33.611.500/0001-19,2025-06-30 03:00:00,2025,TARGET_DRE_3.01_ITR_T1,Receita Líquida,ITRT1,GradientBoosting,23de6ffb5146,153,raw,52884229.0,17.706752130777776,-100142095.50914271,100142130.92264698,200284226.4317897,True,100142113.21589485,0.1
33.611.500/0001-19,2025-09-30 03:00:00,2025,TARGET_DRE_3.01_ITR_T1,Receita Líquida,ITRT1,GradientBoosting,23de6ffb5146,153,raw,16715661.0,16.780406250241317,-100142096.4354886,100142129.9963011,200284226.4317897,True,100142113.21589485,0.1
33.611.500/0001-19,2025-12-31 03:00:00,2025,TARGET_DRE_3.01_ITR_T1,Receita Líquida,ITRT1,GradientBoosting,23de6ffb5146,153,raw,16715661.0,16.464197159668966,-100142096.75169769,100142129.680092,200284226.4317897,True,100142113.21589485,0.1
34.274.233/0001-02,2025-03-31 03:00:00,2025,TARGET_DRE_3.01_ITR_T1,Receita Líquida,ITRT1,GradientBoosting,23de6ffb5146,153,raw,90404000.0,18.287214717775903,-100142094.92868014,100142131.50310956,200284226.4317897,True,100142113.21589485,0.1
34.274.233/0001-02,2025-06-30 03:00:00,2025,TARGET_DRE_3.01_ITR_T1,Receita Líquida,ITRT1,GradientBoosting,23de6ffb5146,153,raw,138749000.0,18.529496758833464,-100142094.68639809,100142131.7453916,200284226.4317897,False,100142113.21589485,0.1
34.274.233/0001-02,2025-09-30 03:00:00,2025,TARGET_DRE_3.01_ITR_T1,Receita Líquida,ITRT1,GradientBoosting,23de6ffb5146,153,raw,48004000.0,17.373160242523614,-100142095.8427346,100142130.58905509,200284226.4317897,True,100142113.21589485,0.1
34.274.233/0001-02,2025-12-31 03:00:00,2025,TARGET_DRE_3.01_ITR_T1,Receita Líquida,ITRT1,GradientBoosting,23de6ffb5146,153,raw,48004000.0,17.249617898293096,-100142095.96627694,100142130.46551275,200284226.4317897,True,100142113.21589485,0.1
47.960.950/0001-21,2025-03-31 03:00:00,2025,TARGET_DRE_3.01_ITR_T1,Receita Líquida,ITRT1,GradientBoosting,23de6ffb5146,153,raw,18523651.0,16.711815483510392,-100142096.50407937,100142129.92771032,200284226.4317897,True,100142113.21589485,0.1
47.960.950/0001-21,2025-06-30 03:00:00,2025,TARGET_DRE_3.01_ITR_T1,Receita Líquida,ITRT1,GradientBoosting,23de6ffb5146,153,raw,27550302.0,17.20745604847974,-100142096.0084388,100142130.4233509,200284226.4317897,True,100142113.21589485,0.1
47.960.950/0001-21,2025-09-30 03:00:00,2025,TARGET_DRE_3.01_ITR_T1,Receita Líquida,ITRT1,GradientBoosting,23de6ffb5146,153,raw,9205731.0,16.04264112226003,-100142097.17325373,100142129.25853597,200284226.4317897,True,100142113.21589485,0.1
47.960.950/0001-21,2025-12-31 03:00:00,2025,TARGET_DRE_3.01_ITR_T1,Receita Líquida,ITRT1,GradientBoosting,23de6ffb5146,153,raw,9205731.0,15.921277642996806,-100142097.2946172,100142129.13717249,200284226.4317897,True,100142113.21589485,0.1
53.113.791/0001-22,2025-03-31 03:00:00,2025,TARGET_DRE_3.01_ITR_T1,Receita Líquida,ITRT1,GradientBoosting,23de6ffb5146,153,raw,2949971.0,14.89887654828752,-100142098.3170183,100142128.1147714,200284226.4317897,True,100142113.21589485,0.1
53.113.791/0001-22,2025-06-30 03:00:00,2025,TARGET_DRE_3.01_ITR_T1,Receita Líquida,ITRT1,GradientBoosting,23de6ffb5146,153,raw,4512398.0,15.189731440367991,-100142098.02616341,100142128.40562628,200284226.4317897,True,100142113.21589485,0.1
53.113.791/0001-22,2025-09-30 03:00:00,2025,TARGET_DRE_3.01_ITR_T1,Receita Líquida,ITRT1,GradientBoosting,23de6ffb5146,153,raw,1697046.0,14.271219702939975,-100142098.94467515,100142127.48711455,200284226.4317897,True,100142113.21589485,0.1
53.113.791/0001-22,2025-12-31 03:00:00,2025,TARGET_DRE_3.01_ITR_T1,Receita Líquida,ITRT1,GradientBoosting,23de6ffb5146,153,raw,1697046.0,14.405907265721828,-100142098.80998759,100142127.6218021,200284226.4317897,True,100142113.21589485,0.1
61.079.117/0001-05,2025-03-31 03:00:00,2025,TARGET_DRE_3.01_ITR_T1,Receita Líquida,ITRT1,GradientBoosting,23de6ffb5146,153,raw,2193846.0,14.466628613227114,-100142098.74926624,100142127.68252346,200284226.4317897,True,100142113.21589485,0.1
61.079.117/0001-05,2025-06-30 03:00:00,2025,TARGET_DRE_3.01_ITR_T1,Receita Líquida,ITRT1,GradientBoosting,23de6ffb5146,153,raw,3309646.0,14.51518666302834,-100142098.70070818,100142127.73108152,200284226.4317897,True,100142113.21589485,0.1
61.079.117/0001-05,2025-09-30 03:00:00,2025,TARGET_DRE_3.01_ITR_T1,Receita Líquida,ITRT1,GradientBoosting,23de6ffb5146,153,raw,1229460.0,13.669067515178217,-100142099.54682733,100142126.88496237,200284226.4317897,True,100142113.21589485,0.1
61.079.117/0001-05,2025-12-31 03:00:00,2025,TARGET_DRE_3.01_ITR_T1,Receita Líquida,ITRT1,GradientBoosting,23de6ffb5146,153,raw,1229460.0,13.543264893458396,-100142099.67262995,100142126.75915974,200284226.4317897,True,100142113.21589485,0.1
81.243.735/0001-48,2025-03-31 03:00:00,2025,TARGET_DRE_3.01_ITR_T1,Receita Líquida,ITRT1,GradientBoosting,23de6ffb5146,153,raw,1557657.0,14.044435332519486,-100142099.17145951,100142127.26033019,200284226.4317897,True,100142113.21589485,0.1
81.243.735/0001-48,2025-06-30 03:00:00,2025,TARGET_DRE_3.01_ITR_T1,Receita Líquida,ITRT1,GradientBoosting,23de6ffb5146,153,raw,2363294.0,14.52139654839429,-100142098.6944983,100142127.7372914,200284226.4317897,True,100142113.21589485,0.1
81.243.735/0001-48,2025-09-30 03:00:00,2025,TARGET_DRE_3.01_ITR_T1,Receita Líquida,ITRT1,GradientBoosting,23de6ffb5146,153,raw,741387.0,13.618223254532806,-100142099.5976716,100142126.8341181,200284226.4317897,True,100142113.21589485,0.1
81.243.735/0001-48,2025-12-31 03:00:00,2025,TARGET_DRE_3.01_ITR_T1,Receita Líquida,ITRT1,GradientBoosting,23de6ffb5146,153,raw,741387.0,13.68103438987428,-100142099.53486046,100142126.89692923,200284226.4317897,True,100142113.21589485,0.1
82.901.000/0001-27,2025-03-31 03:00:00,2025,TARGET_DRE_3.01_ITR_T1,Receita Líquida,ITRT1,GradientBoosting,23de6ffb5146,153,raw,2167715.0,14.429370918322114,-100142098.78652392,100142127.64526577,200284226.4317897,True,100142113.21589485,0.1
82.901.000/0001-27,2025-06-30 03:00:00,2025,TARGET_DRE_3.01_ITR_T1,Receita Líquida,ITRT1,GradientBoosting,23de6ffb5146,153,raw,3292404.0,14.975927670873315,-100142098.23996718,100142128.19182251,200284226.4317897,True,100142113.21589485,0.1
82.901.000/0001-27,2025-09-30 03:00:00,2025,TARGET_DRE_3.01_ITR_T1,Receita Líquida,ITRT1,GradientBoosting,23de6ffb5146,153,raw,1110638.0,13.985440974312008,-100142099.23045388,100142127.20133582,200284226.4317897,True,100142113.21589485,0.1
82.901.000/0001-27,2025-12-31 03:00:00,2025,TARGET_DRE_3.01_ITR_T1,Receita Líquida,ITRT1,GradientBoosting,23de6ffb5146,153,raw,1110638.0,13.851825082917498,-100142099.36406976,100142127.06771994,200284226.4317897,True,100142113.21589485,0.1
84.429.695/0001-11,2025-03-31 03:00:00,2025,TARGET_DRE_3.01_ITR_T1,Receita Líquida,ITRT1,GradientBoosting,23de6ffb5146,153,raw,20285798.0,16.74217020332146,-100142096.47372465,100142129.95806505,200284226.4317897,True,100142113.21589485,0.1
84.429.695/0001-11,2025-06-30 03:00:00,2025,TARGET_DRE_3.01_ITR_T1,Receita Líquida,ITRT1,GradientBoosting,23de6ffb5146,153,raw,30557320.0,17.32306259614656,-100142095.89283225,100142130.53895745,200284226.4317897,True,100142113.21589485,0.1
84.429.695/0001-11,2025-09-30 03:00:00,2025,TARGET_DRE_3.01_ITR_T1,Receita Líquida,ITRT1,GradientBoosting,23de6ffb5146,153,raw,9468313.0,16.300251430623323,-100142096.91564342,100142129.51614627,200284226.4317897,True,100142113.21589485,0.1
84.429.695/0001-11,2025-12-31 03:00:00,2025,TARGET_DRE_3.01_ITR_T1,Receita Líquida,ITRT1,GradientBoosting,23de6ffb5146,153,raw,9468313.0,15.932811844192612,-100142097.283083,100142129.14870669,200284226.4317897,True,100142113.21589485,0.1
89.637.490/0001-45,2025-03-31 03:00:00,2025,TARGET_DRE_3.01_ITR_T1,Receita Líquida,ITRT1,GradientBoosting,23de6ffb5146,153,raw,10105736.0,16.018228219350334,-100142097.19766663,100142129.23412307,200284226.4317897,True,100142113.21589485,0.1
89.637.490/0001-45,2025-06-30 03:00:00,2025,TARGET_DRE_3.01_ITR_T1,Receita Líquida,ITRT1,GradientBoosting,23de6ffb5146,153,raw,15532203.0,16.59655048174765,-100142096.61934437,100142129.81244533,200284226.4317897,True,100142113.21589485,0.1
89.637.490/0001-45,2025-09-30 03:00:00,2025,TARGET_DRE_3.01_ITR_T1,Receita Líquida,ITRT1,GradientBoosting,23de6ffb5146,153,raw,4945957.0,15.513848700384072,-100142097.70204614,100142128.72974356,200284226.4317897,True,100142113.21589485,0.1
89.637.490/0001-45,2025-12-31 03:00:00,2025,TARGET_DRE_3.01_ITR_T1,Receita Líquida,ITRT1,GradientBoosting,23de6ffb5146,153,raw,4945957.0,15.049888890012351,-100142098.16600595,100142128.26578374,200284226.4317897,True,100142113.21589485,0.1
92.754.738/0001-62,2025-03-31 03:00:00,2025,TARGET_DRE_3.01_ITR_T1,Receita Líquida,ITRT1,GradientBoosting,23de6ffb5146,153,raw,7425142.0,15.687575857594911,-100142097.52831899,100142128.90347071,200284226.4317897,True,100142113.21589485,0.1
92.754.738/0001-62,2025-06-30 03:00:00,2025,TARGET_DRE_3.01_ITR_T1,Receita Líquida,ITRT1,GradientBoosting,23de6ffb5146,153,raw,10988614.0,16.180707680188622,-100142097.03518717,100142129.39660253,200284226.4317897,True,100142113.21589485,0.1
92.754.738/0001-62,2025-09-30 03:00:00,2025,TARGET_DRE_3.01_ITR_T1,Receita Líquida,ITRT1,GradientBoosting,23de6ffb5146,153,raw,3365695.0,15.3528696066376,-100142097.86302525,100142128.56876445,200284226.4317897,True,100142113.21589485,0.1
92.754.738/0001-62,2025-12-31 03:00:00,2025,TARGET_DRE_3.01_ITR_T1,Receita Líquida,ITRT1,GradientBoosting,23de6ffb5146,153,raw,3365695.0,14.853602811609944,-100142098.36229204,100142128.06949766,200284226.4317897,True,100142113.21589485,0.1
02.429.144/0001-93,2025-03-31 03:00:00,2025,TARGET_DRE_3.01_ITR_T2,Receita Líquida,ITRT2,GradientBoosting,6e34189151ae,154,raw,32533487.0,17.42796881411237,-114871713.948647,114871748.80458464,229743462.75323164,True,114871731.37661582,0.1
02.429.144/0001-93,2025-06-30 03:00:00,2025,TARGET_DRE_3.01_ITR_T2,Receita Líquida,ITRT2,GradientBoosting,6e34189151ae,154,raw,11341533.0,16.28235436021246,-114871715.09426147,114871747.65897018,229743462.75323164,True,114871731.37661582,0.1
02.474.103/0001-19,2025-03-31 03:00:00,2025,TARGET_DRE_3.01_ITR_T2,Receita Líquida,ITRT2,GradientBoosting,6e34189151ae,154,raw,9442446.0,15.993902758530712,-114871715.38271306,114871747.37051858,229743462.75323164,True,114871731.37661582,0.1
02.474.103/0001-19,2025-06-30 03:00:00,2025,TARGET_DRE_3.01_ITR_T2,Receita Líquida,ITRT2,GradientBoosting,6e34189151ae,154,raw,3408657.0,14.992688008472651,-114871716.3839278,114871746.36930384,229743462.75323164,True,114871731.37661582,0.1
02.998.611/0001-04,2025-03-31 03:00:00,2025,TARGET_DRE_3.01_ITR_T2,Receita Líquida,ITRT2,GradientBoosting,6e34189151ae,154,raw,6403885.0,15.299817357506079,-114871716.07679847,114871746.67643318,229743462.75323164,True,114871731.37661582,0.1
02.998.611/0001-04,2025-06-30 03:00:00,2025,TARGET_DRE_3.01_ITR_T2,Receita Líquida,ITRT2,GradientBoosting,6e34189151ae,154,raw,2510755.0,14.851900854864647,-114871716.52471496,114871746.22851668,229743462.75323164,True,114871731.37661582,0.1
03.220.438/0001-73,2025-03-31 03:00:00,2025,TARGET_DRE_3.01_ITR_T2,Receita Líquida,ITRT2,GradientBoosting,6e34189151ae,154,raw,38649516.0,17.657017734259053,-114871713.71959808,114871749.03363356,229743462.75323164,True,114871731.37661582,0.1
03.220.438/0001-73,2025-06-30 03:00:00,2025,TARGET_DRE_3.01_ITR_T2,Receita Líquida,ITRT2,GradientBoosting,6e34189151ae,154,raw,12749940.0,16.528538007050575,-114871714.84807782,114871747.90515383,229743462.75323164,True,114871731.37661582,0.1
07.859.971/0001-30,2025-03-31 03:00:00,2025,TARGET_DRE_3.01_ITR_T2,Receita Líquida,ITRT2,GradientBoosting,6e34189151ae,154,raw,3425278.0,15.02428731409031,-114871716.35232851,114871746.40090314,229743462.75323164,True,114871731.37661582,0.1
07.859.971/0001-30,2025-06-30 03:00:00,2025,TARGET_DRE_3.01_ITR_T2,Receita Líquida,ITRT2,GradientBoosting,6e34189151ae,154,raw,1037354.0,13.938367637314988,-114871717.43824819,114871745.31498346,229743462.75323164,True,114871731.37661582,0.1
10.629.105/0001-68,2025-03-31 03:00:00,2025,TARGET_DRE_3.01_ITR_T2,Receita Líquida,ITRT2,GradientBoosting,6e34189151ae,154,raw,11331681.0,16.337680831026216,-114871715.03893499,114871747.71429665,229743462.75323164,True,114871731.37661582,0.1
10.629.105/0001-68,2025-06-30 03:00:00,2025,TARGET_DRE_3.01_ITR_T2,Receita Líquida,ITRT2,GradientBoosting,6e34189151ae,154,raw,6529947.0,15.841053291119655,-114871715.53556253,114871747.21766911,229743462.75323164,True,114871731.37661582,0.1
16.404.287/0001-55,2025-03-31 03:00:00,2025,TARGET_DRE_3.01_ITR_T2,Receita Líquida,ITRT2,GradientBoosting,6e34189151ae,154,raw,37001961.0,17.627276244950107,-114871713.74933958,114871749.00389206,229743462.75323164,True,114871731.37661582,0.1
16.404.287/0001-55,2025-06-30 03:00:00,2025,TARGET_DRE_3.01_ITR_T2,Receita Líquida,ITRT2,GradientBoosting,6e34189151ae,154,raw,10968416.0,16.59007126680066,-114871714.78654456,114871747.96668708,229743462.75323164,True,114871731.37661582,0.1
16.590.234/0001-76,2025-03-31 03:00:00,2025,TARGET_DRE_3.01_ITR_T2,Receita Líquida,ITRT2,GradientBoosting,6e34189151ae,154,raw,8556113.0,15.487372586223179,-114871715.88924323,114871746.86398841,229743462.75323164,True,114871731.37661582,0.1
16.590.234/0001-76,2025-06-30 03:00:00,2025,TARGET_DRE_3.01_ITR_T2,Receita Líquida,ITRT2,GradientBoosting,6e34189151ae,154,raw,2479523.0,14.6726892861767,-114871716.70392653,114871746.04930511,229743462.75323164,True,114871731.37661582,0.1
24.990.777/0001-09,2025-03-31 03:00:00,2025,TARGET_DRE_3.01_ITR_T2,Receita Líquida,ITRT2,GradientBoosting,6e34189151ae,154,raw,27874479.0,17.060198435273087,-114871714.31641738,114871748.43681426,229743462.75323164,True,114871731.37661582,0.1
24.990.777/0001-09,2025-06-30 03:00:00,2025,TARGET_DRE_3.01_ITR_T2,Receita Líquida,ITRT2,GradientBoosting,6e34189151ae,154,raw,9402270.0,16.127417407299717,-114871715.24919842,114871747.50403322,229743462.75323164,True,114871731.37661582,0.1
33.000.167/0001-01,2025-03-31 03:00:00,2025,TARGET_DRE_3.01_ITR_T2,Receita Líquida,ITRT2,GradientBoosting,6e34189151ae,154,raw,370178000.0,19.6167568271301,-114871711.759859,114871750.99337265,229743462.75323164,False,114871731.37661582,0.1
33.000.167/0001-01,2025-06-30 03:00:00,2025,TARGET_DRE_3.01_ITR_T2,Receita Líquida,ITRT2,GradientBoosting,6e34189151ae,154,raw,123686000.0,18.72709706026947,-114871712.64951876,114871750.10371289,229743462.75323164,False,114871731.37661582,0.1
33.042.730/0001-04,2025-03-31 03:00:00,2025,TARGET_DRE_3.01_ITR_T2,Receita Líquida,ITRT2,GradientBoosting,6e34189151ae,154,raw,33394783.0,17.48241110385684,-114871713.89420472,114871748.85902692,229743462.75323164,True,114871731.37661582,0.1
33.042.730/0001-04,2025-06-30 03:00:00,2025,TARGET_DRE_3.01_ITR_T2,Receita Líquida,ITRT2,GradientBoosting,6e34189151ae,154,raw,10603772.0,16.350878888320167,-114871715.02573693,114871747.72749472,229743462.75323164,True,114871731.37661582,0.1
33.256.439/0001-39,2025-03-31 03:00:00,2025,TARGET_DRE_3.01_ITR_T2,Receita Líquida,ITRT2,GradientBoosting,6e34189151ae,154,raw,104418160.0,18.41982125094526,-114871712.95679457,114871749.79643707,229743462.75323164,True,114871731.37661582,0.1
33.256.439/0001-39,2025-06-30 03:00:00,2025,TARGET_DRE_3.01_ITR_T2,Receita Líquida,ITRT2,GradientBoosting,6e34189151ae,154,raw,36751570.0,17.533913485767247,-114871713.84270233,114871748.91052932,229743462.75323164,True,114871731.37661582,0.1
33.453.598/0001-23,2025-03-31 03:00:00,2025,TARGET_DRE_3.01_ITR_T2,Receita Líquida,ITRT2,GradientBoosting,6e34189151ae,154,raw,114128177.0,18.658867136792143,-114871712.71774869,114871750.03548296,229743462.75323164,True,114871731.37661582,0.1
33.453.598/0001-23,2025-06-30 03:00:00,2025,TARGET_DRE_3.01_ITR_T2,Receita Líquida,ITRT2,GradientBoosting,6e34189151ae,154,raw,174519900.0,19.085271242738386,-114871712.29134458,114871750.46188706,229743462.75323164,False,114871731.37661582,0.1
33.592.510/0001-54,2025-03-31 03:00:00,2025,TARGET_DRE_3.01_ITR_T2,Receita Líquida,ITRT2,GradientBoosting,6e34189151ae,154,raw,153919000.0,18.708116021942097,-114871712.6684998,114871750.08473185,229743462.75323164,False,114871731.37661582,0.1
33.592.510/0001-54,2025-06-30 03:00:00,2025,TARGET_DRE_3.01_ITR_T2,Receita Líquida,ITRT2,GradientBoosting,6e34189151ae,154,raw,48680000.0,17.59207273614022,-114871713.78454308,114871748.96868856,229743462.75323164,True,114871731.37661582,0.1
33.611.500/0001-19,2025-03-31 03:00:00,2025,TARGET_DRE_3.01_ITR_T2,Receita Líquida,ITRT2,GradientBoosting,6e34189151ae,154,raw,52884229.0,17.945974179744443,-114871713.43064164,114871749.32259001,229743462.75323164,True,114871731.37661582,0.1
33.611.500/0001-19,2025-06-30 03:00:00,2025,TARGET_DRE_3.01_ITR_T2,Receita Líquida,ITRT2,GradientBoosting,6e34189151ae,154,raw,16715661.0,16.776808432127144,-114871714.5998074,114871748.15342425,229743462.75323164,True,114871731.37661582,0.1
34.274.233/0001-02,2025-03-31 03:00:00,2025,TARGET_DRE_3.01_ITR_T2,Receita Líquida,ITRT2,GradientBoosting,6e34189151ae,154,raw,138749000.0,18.683012511487057,-114871712.6936033,114871750.05962834,229743462.75323164,False,114871731.37661582,0.1
34.274.233/0001-02,2025-06-30 03:00:00,2025,TARGET_DRE_3.01_ITR_T2,Receita Líquida,ITRT2,GradientBoosting,6e34189151ae,154,raw,48004000.0,17.580930183104414,-114871713.79568563,114871748.95754601,229743462.75323164,True,114871731.37661582,0.1
47.960.950/0001-21,2025-03-31 03:00:00,2025,TARGET_DRE_3.01_ITR_T2,Receita Líquida,ITRT2,GradientBoosting,6e34189151ae,154,raw,27550302.0,17.109670242862805,-114871714.26694559,114871748.48628606,229743462.75323164,True,114871731.37661582,0.1
47.960.950/0001-21,2025-06-30 03:00:00,2025,TARGET_DRE_3.01_ITR_T2,Receita Líquida,ITRT2,GradientBoosting,6e34189151ae,154,raw,9205731.0,16.084496631188216,-114871715.29211919,114871747.46111245,229743462.75323164,True,114871731.37661582,0.1
53.113.791/0001-22,2025-03-31 03:00:00,2025,TARGET_DRE_3.01_ITR_T2,Receita Líquida,ITRT2,GradientBoosting,6e34189151ae,154,raw,4512398.0,15.149241670572499,-114871716.22737415,114871746.5258575,229743462.75323164,True,114871731.37661582,0.1
53.113.791/0001-22,2025-06-30 03:00:00,2025,TARGET_DRE_3.01_ITR_T2,Receita Líquida,ITRT2,GradientBoosting,6e34189151ae,154,raw,1697046.0,14.369906991754283,-114871717.00670883,114871745.74652281,229743462.75323164,True,114871731.37661582,0.1
61.079.117/0001-05,2025-03-31 03:00:00,2025,TARGET_DRE_3.01_ITR_T2,Receita Líquida,ITRT2,GradientBoosting,6e34189151ae,154,raw,3309646.0,14.722556629739472,-114871716.65405919,114871746.09917246,229743462.75323164,True,114871731.37661582,0.1
61.079.117/0001-05,2025-06-30 03:00:00,2025,TARGET_DRE_3.01_ITR_T2,Receita Líquida,ITRT2,GradientBoosting,6e34189151ae,154,raw,1229460.0,13.838901295509308,-114871717.53771453,114871745.21551712,229743462.75323164,True,114871731.37661582,0.1
81.243.735/0001-48,2025-03-31 03:00:00,2025,TARGET_DRE_3.01_ITR_T2,Receita Líquida,ITRT2,GradientBoosting,6e34189151ae,154,raw,2363294.0,14.390928820006629,-114871716.985687,114871745.76754464,229743462.75323164,True,114871731.37661582,0.1
81.243.735/0001-48,2025-06-30 03:00:00,2025,TARGET_DRE_3.01_ITR_T2,Receita Líquida,ITRT2,GradientBoosting,6e34189151ae,154,raw,741387.0,13.588047380166444,-114871717.78856844,114871744.96466321,229743462.75323164,True,114871731.37661582,0.1
82.901.000/0001-27,2025-03-31 03:00:00,2025,TARGET_DRE_3.01_ITR_T2,Receita Líquida,ITRT2,GradientBoosting,6e34189151ae,154,raw,3292404.0,14.912917243612807,-114871716.46369858,114871746.28953306,229743462.75323164,True,114871731.37661582,0.1
82.901.000/0001-27,2025-06-30 03:00:00,2025,TARGET_DRE_3.01_ITR_T2,Receita Líquida,ITRT2,GradientBoosting,6e34189151ae,154,raw,1110638.0,13.809469367742333,-114871717.56714645,114871745.1860852,229743462.75323164,True,114871731.37661582,0.1
84.429.695/0001-11,2025-03-31 03:00:00,2025,TARGET_DRE_3.01_ITR_T2,Receita Líquida,ITRT2,GradientBoosting,6e34189151ae,154,raw,30557320.0,17.056198963952127,-114871714.32041685,114871748.43281479,229743462.75323164,True,114871731.37661582,0.1
84.429.695/0001-11,2025-06-30 03:00:00,2025,TARGET_DRE_3.01_ITR_T2,Receita Líquida,ITRT2,GradientBoosting,6e34189151ae,154,raw,9468313.0,16.217151300130805,-114871715.15946452,114871747.59376712,229743462.75323164,True,114871731.37661582,0.1
89.637.490/0001-45,2025-03-31 03:00:00,2025,TARGET_DRE_3.01_ITR_T2,Receita Líquida,ITRT2,GradientBoosting,6e34189151ae,154,raw,15532203.0,16.58268974402202,-114871714.79392608,114871747.95930557,229743462.75323164,True,114871731.37661582,0.1
89.637.490/0001-45,2025-06-30 03:00:00,2025,TARGET_DRE_3.01_ITR_T2,Receita Líquida,ITRT2,GradientBoosting,6e34189151ae,154,raw,4945957.0,15.470423127580242,-114871715.90619269,114871746.84703895,229743462.75323164,True,114871731.37661582,0.1
92.754.738/0001-62,2025-03-31 03:00:00,2025,TARGET_DRE_3.01_ITR_T2,Receita Líquida,ITRT2,GradientBoosting,6e34189151ae,154,raw,10988614.0,16.324546278528054,-114871715.05206954,114871747.7011621,229743462.75323164,True,114871731.37661582,0.1
92.754.738/0001-62,2025-06-30 03:00:00,2025,TARGET_DRE_3.01_ITR_T2,Receita Líquida,ITRT2,GradientBoosting,6e34189151ae,154,raw,3365695.0,15.213350463011844,-114871716.16326536,114871746.58996628,229743462.75323164,True,114871731.37661582,0.1
02.429.144/0001-93,2025-03-31 03:00:00,2025,TARGET_DRE_3.01_ITR_T3,Receita Líquida,ITRT3,GradientBoosting,634487118887,155,raw,11341533.0,16.258818610349905,-138748965.06402212,138748997.58165932,277497962.64568144,True,138748981.32284072,0.1
02.474.103/0001-19,2025-03-31 03:00:00,2025,TARGET_DRE_3.01_ITR_T3,Receita Líquida,ITRT3,GradientBoosting,634487118887,155,raw,3408657.0,15.110372583239924,-138748966.21246815,138748996.4332133,277497962.64568144,True,138748981.32284072,0.1
02.998.611/0001-04,2025-03-31 03:00:00,2025,TARGET_DRE_3.01_ITR_T3,Receita Líquida,ITRT3,GradientBoosting,634487118887,155,raw,2510755.0,14.470286879655731,-138748966.85255384,138748995.7931276,277497962.64568144,True,138748981.32284072,0.1
03.220.438/0001-73,2025-03-31 03:00:00,2025,TARGET_DRE_3.01_ITR_T3,Receita Líquida,ITRT3,GradientBoosting,634487118887,155,raw,12749940.0,16.80496184119165,-138748964.5178789,138748998.12780255,277497962.64568144,True,138748981.32284072,0.1
07.859.971/0001-30,2025-03-31 03:00:00,2025,TARGET_DRE_3.01_ITR_T3,Receita Líquida,ITRT3,GradientBoosting,634487118887,155,raw,1037354.0,14.159053233993093,-138748967.16378748,138748995.48189396,277497962.64568144,True,138748981.32284072,0.1
10.629.105/0001-68,2025-03-31 03:00:00,2025,TARGET_DRE_3.01_ITR_T3,Receita Líquida,ITRT3,GradientBoosting,634487118887,155,raw,6529947.0,15.355554980004932,-138748965.96728575,138748996.6783957,277497962.64568144,True,138748981.32284072,0.1
16.404.287/0001-55,2025-03-31 03:00:00,2025,TARGET_DRE_3.01_ITR_T3,Receita Líquida,ITRT3,GradientBoosting,634487118887,155,raw,10968416.0,16.437934451726772,-138748964.88490626,138748997.76077518,277497962.64568144,True,138748981.32284072,0.1
16.590.234/0001-76,2025-03-31 03:00:00,2025,TARGET_DRE_3.01_ITR_T3,Receita Líquida,ITRT3,GradientBoosting,634487118887,155,raw,2479523.0,14.82386243047114,-138748966.4989783,138748996.14670315,277497962.64568144,True,138748981.32284072,0.1
24.990.777/0001-09,2025-03-31 03:00:00,2025,TARGET_DRE_3.01_ITR_T3,Receita Líquida,ITRT3,GradientBoosting,634487118887,155,raw,9402270.0,15.865094594013675,-138748965.45774612,138748997.18793532,277497962.64568144,True,138748981.32284072,0.1
33.000.167/0001-01,2025-03-31 03:00:00,2025,TARGET_DRE_3.01_ITR_T3,Receita Líquida,ITRT3,GradientBoosting,634487118887,155,raw,123686000.0,18.518463180631418,-138748962.80437753,138748999.8413039,277497962.64568144,True,138748981.32284072,0.1
33.042.730/0001-04,2025-03-31 03:00:00,2025,TARGET_DRE_3.01_ITR_T3,Receita Líquida,ITRT3,GradientBoosting,634487118887,155,raw,10603772.0,16.189836508099646,-138748965.13300422,138748997.51267722,277497962.64568144,True,138748981.32284072,0.1
33.256.439/0001-39,2025-03-31 03:00:00,2025,TARGET_DRE_3.01_ITR_T3,Receita Líquida,ITRT3,GradientBoosting,634487118887,155,raw,36751570.0,17.33409020599568,-138748963.98875052,138748998.65693092,277497962.64568144,True,138748981.32284072,0.1
33.453.598/0001-23,2025-03-31 03:00:00,2025,TARGET_DRE_3.01_ITR_T3,Receita Líquida,ITRT3,GradientBoosting,634487118887,155,raw,174519900.0,18.995513052018154,-138748962.32732767,138749000.31835377,277497962.64568144,False,138748981.32284072,0.1
33.592.510/0001-54,2025-03-31 03:00:00,2025,TARGET_DRE_3.01_ITR_T3,Receita Líquida,ITRT3,GradientBoosting,634487118887,155,raw,48680000.0,17.88768783643224,-138748963.4351529,138748999.21052855,277497962.64568144,True,138748981.32284072,0.1
33.611.500/0001-19,2025-03-31 03:00:00,2025,TARGET_DRE_3.01_ITR_T3,Receita Líquida,ITRT3,GradientBoosting,634487118887,155,raw,16715661.0,16.82415459846414,-138748964.49868613,138748998.1469953,277497962.64568144,True,138748981.32284072,0.1
34.274.233/0001-02,2025-03-31 03:00:00,2025,TARGET_DRE_3.01_ITR_T3,Receita Líquida,ITRT3,GradientBoosting,634487118887,155,raw,48004000.0,17.45607624850074,-138748963.8667645,138748998.77891695,277497962.64568144,True,138748981.32284072,0.1
47.960.950/0001-21,2025-03-31 03:00:00,2025,TARGET_DRE_3.01_ITR_T3,Receita Líquida,ITRT3,GradientBoosting,634487118887,155,raw,9205731.0,16.021335668047364,-138748965.30150506,138748997.34417638,277497962.64568144,True,138748981.32284072,0.1
53.113.791/0001-22,2025-03-31 03:00:00,2025,TARGET_DRE_3.01_ITR_T3,Receita Líquida,ITRT3,GradientBoosting,634487118887,155,raw,1697046.0,14.322700673391816,-138748967.00014004,138748995.6455414,277497962.64568144,True,138748981.32284072,0.1
61.079.117/0001-05,2025-03-31 03:00:00,2025,TARGET_DRE_3.01_ITR_T3,Receita Líquida,ITRT3,GradientBoosting,634487118887,155,raw,1229460.0,14.047132492284183,-138748967.27570823,138748995.3699732,277497962.64568144,True,138748981.32284072,0.1
81.243.735/0001-48,2025-03-31 03:00:00,2025,TARGET_DRE_3.01_ITR_T3,Receita Líquida,ITRT3,GradientBoosting,634487118887,155,raw,741387.0,13.441066381428605,-138748967.88177434,138748994.7639071,277497962.64568144,True,138748981.32284072,0.1
82.901.000/0001-27,2025-03-31 03:00:00,2025,TARGET_DRE_3.01_ITR_T3,Receita Líquida,ITRT3,GradientBoosting,634487118887,155,raw,1110638.0,13.994205964625563,-138748967.32863477,138748995.31704667,277497962.64568144,True,138748981.32284072,0.1
84.429.695/0001-11,2025-03-31 03:00:00,2025,TARGET_DRE_3.01_ITR_T3,Receita Líquida,ITRT3,GradientBoosting,634487118887,155,raw,9468313.0,16.399329634342966,-138748964.9235111,138748997.72217035,277497962.64568144,True,138748981.32284072,0.1
89.637.490/0001-45,2025-03-31 03:00:00,2025,TARGET_DRE_3.01_ITR_T3,Receita Líquida,ITRT3,GradientBoosting,634487118887,155,raw,4945957.0,15.567289820920779,-138748965.7555509,138748996.89013055,277497962.64568144,True,138748981.32284072,0.1
92.754.738/0001-62,2025-03-31 03:00:00,2025,TARGET_DRE_3.01_ITR_T3,Receita Líquida,ITRT3,GradientBoosting,634487118887,155,raw,3365695.0,15.157801305706919,-138748966.16503942,138748996.48064202,277497962.64568144,True,138748981.32284072,0.1
02.429.144/0001-93,2025-03-31 03:00:00,2025,TARGET_DRE_3.01_DFP,Receita Líquida,DFP,GradientBoosting,185060586427,155,raw,44367780.0,17.6634757430553,-217067751.0484926,217067786.3754441,434135537.4239367,True,217067768.71196836,0.1
02.429.144/0001-93,2025-06-30 03:00:00,2025,TARGET_DRE_3.01_DFP,Receita Líquida,DFP,GradientBoosting,185060586427,155,raw,44367780.0,17.556324278805757,-217067751.1556441,217067786.26829264,434135537.4239367,True,217067768.71196836,0.1
02.429.144/0001-93,2025-09-30 03:00:00,2025,TARGET_DRE_3.01_DFP,Receita Líquida,DFP,GradientBoosting,185060586427,155,raw,44367780.0,16.55222469323402,-217067752.15974367,217067785.26419306,434135537.4239367,True,217067768.71196836,0.1
02.474.103/0001-19,2025-03-31 03:00:00,2025,TARGET_DRE_3.01_DFP,Receita Líquida,DFP,GradientBoosting,185060586427,155,raw,12860075.0,16.50034028984905,-217067752.21162808,217067785.21230865,434135537.4239367,True,217067768.71196836,0.1
02.474.103/0001-19,2025-06-30 03:00:00,2025,TARGET_DRE_3.01_DFP,Receita Líquida,DFP,GradientBoosting,185060586427,155,raw,12860075.0,16.36649045766358,-217067752.3454779,217067785.07845882,434135537.4239367,True,217067768.71196836,0.1
02.474.103/0001-19,2025-09-30 03:00:00,2025,TARGET_DRE_3.01_DFP,Receita Líquida,DFP,GradientBoosting,185060586427,155,raw,12860075.0,16.246697473528638,-217067752.46527088,217067784.95866585,434135537.4239367,True,217067768.71196836,0.1
02.998.611/0001-04,2025-03-31 03:00:00,2025,TARGET_DRE_3.01_DFP,Receita Líquida,DFP,GradientBoosting,185060586427,155,raw,9411153.0,15.943748646515782,-217067752.7682197,217067784.65571702,434135537.4239367,True,217067768.71196836,0.1
02.998.611/0001-04,2025-06-30 03:00:00,2025,TARGET_DRE_3.01_DFP,Receita Líquida,DFP,GradientBoosting,185060586427,155,raw,9411153.0,15.796788057614618,-217067752.9151803,217067784.50875643,434135537.4239367,True,217067768.71196836,0.1
02.998.611/0001-04,2025-09-30 03:00:00,2025,TARGET_DRE_3.01_DFP,Receita Líquida,DFP,GradientBoosting,185060586427,155,raw,9411153.0,16.007743351412053,-217067752.704225,217067784.71971172,434135537.4239367,True,217067768.71196836,0.1
03.220.438/0001-73,2025-03-31 03:00:00,2025,TARGET_DRE_3.01_DFP,Receita Líquida,DFP,GradientBoosting,185060586427,155,raw,52073804.0,18.303816442812728,-217067750.40815192,217067787.0157848,434135537.4239367,True,217067768.71196836,0.1
03.220.438/0001-73,2025-06-30 03:00:00,2025,TARGET_DRE_3.01_DFP,Receita Líquida,DFP,GradientBoosting,185060586427,155,raw,52073804.0,17.54074002351756,-217067751.17122835,217067786.25270838,434135537.4239367,True,217067768.71196836,0.1
03.220.438/0001-73,2025-09-30 03:00:00,2025,TARGET_DRE_3.01_DFP,Receita Líquida,DFP,GradientBoosting,185060586427,155,raw,52073804.0,16.564210260554347,-217067752.1477581,217067785.27617863,434135537.4239367,True,217067768.71196836,0.1
07.859.971/0001-30,2025-03-31 03:00:00,2025,TARGET_DRE_3.01_DFP,Receita Líquida,DFP,GradientBoosting,185060586427,155,raw,4624113.0,15.644950490948395,-217067753.06701788,217067784.35691884,434135537.4239367,True,217067768.71196836,0.1
07.859.971/0001-30,2025-06-30 03:00:00,2025,TARGET_DRE_3.01_DFP,Receita Líquida,DFP,GradientBoosting,185060586427,155,raw,4624113.0,15.4508490197325,-217067753.26111934,217067784.1628174,434135537.4239367,True,217067768.71196836,0.1
07.859.971/0001-30,2025-09-30 03:00:00,2025,TARGET_DRE_3.01_DFP,Receita Líquida,DFP,GradientBoosting,185060586427,155,raw,4624113.0,15.960156407394484,-217067752.75181195,217067784.67212477,434135537.4239367,True,217067768.71196836,0.1
10.629.105/0001-68,2025-03-31 03:00:00,2025,TARGET_DRE_3.01_DFP,Receita Líquida,DFP,GradientBoosting,185060586427,155,raw,15583960.0,16.54090626984549,-217067752.17106208,217067785.25287464,434135537.4239367,True,217067768.71196836,0.1
10.629.105/0001-68,2025-06-30 03:00:00,2025,TARGET_DRE_3.01_DFP,Receita Líquida,DFP,GradientBoosting,185060586427,155,raw,15583960.0,16.3005448906742,-217067752.41142347,217067785.01251325,434135537.4239367,True,217067768.71196836,0.1
10.629.105/0001-68,2025-09-30 03:00:00,2025,TARGET_DRE_3.01_DFP,Receita Líquida,DFP,GradientBoosting,185060586427,155,raw,15583960.0,15.949448007148508,-217067752.76252034,217067784.66141638,434135537.4239367,True,217067768.71196836,0.1
16.404.287/0001-55,2025-03-31 03:00:00,2025,TARGET_DRE_3.01_DFP,Receita Líquida,DFP,GradientBoosting,185060586427,155,raw,50115679.0,17.931650226920954,-217067750.78031814,217067786.64361858,434135537.4239367,True,217067768.71196836,0.1
16.404.287/0001-55,2025-06-30 03:00:00,2025,TARGET_DRE_3.01_DFP,Receita Líquida,DFP,GradientBoosting,185060586427,155,raw,50115679.0,17.5796140771321,-217067751.1323543,217067786.29158244,434135537.4239367,True,217067768.71196836,0.1
16.404.287/0001-55,2025-09-30 03:00:00,2025,TARGET_DRE_3.01_DFP,Receita Líquida,DFP,GradientBoosting,185060586427,155,raw,50115679.0,16.504986027608563,-217067752.20698234,217067785.21695438,434135537.4239367,True,217067768.71196836,0.1
16.590.234/0001-76,2025-03-31 03:00:00,2025,TARGET_DRE_3.01_DFP,Receita Líquida,DFP,GradientBoosting,185060586427,155,raw,11819492.0,15.97078896127152,-217067752.7411794,217067784.68275732,434135537.4239367,True,217067768.71196836,0.1
16.590.234/0001-76,2025-06-30 03:00:00,2025,TARGET_DRE_3.01_DFP,Receita Líquida,DFP,GradientBoosting,185060586427,155,raw,11819492.0,15.696529907776172,-217067753.01543847,217067784.40849826,434135537.4239367,True,217067768.71196836,0.1
16.590.234/0001-76,2025-09-30 03:00:00,2025,TARGET_DRE_3.01_DFP,Receita Líquida,DFP,GradientBoosting,185060586427,155,raw,11819492.0,15.7104347610494,-217067753.0015336,217067784.42240313,434135537.4239367,True,217067768.71196836,0.1
24.990.777/0001-09,2025-03-31 03:00:00,2025,TARGET_DRE_3.01_DFP,Receita Líquida,DFP,GradientBoosting,185060586427,155,raw,38424403.0,17.407834165247408,-217067751.3041342,217067786.11980253,434135537.4239367,True,217067768.71196836,0.1
24.990.777/0001-09,2025-06-30 03:00:00,2025,TARGET_DRE_3.01_DFP,Receita Líquida,DFP,GradientBoosting,185060586427,155,raw,38424403.0,17.468007702634928,-217067751.24396065,217067786.17997608,434135537.4239367,True,217067768.71196836,0.1
24.990.777/0001-09,2025-09-30 03:00:00,2025,TARGET_DRE_3.01_DFP,Receita Líquida,DFP,GradientBoosting,185060586427,155,raw,38424403.0,16.548306852543124,-217067752.1636615,217067785.26027521,434135537.4239367,True,217067768.71196836,0.1
33.000.167/0001-01,2025-03-31 03:00:00,2025,TARGET_DRE_3.01_DFP,Receita Líquida,DFP,GradientBoosting,185060586427,155,raw,497549000.0,19.94901656736023,-217067748.7629518,217067788.66098493,434135537.4239367,False,217067768.71196836,0.1
33.000.167/0001-01,2025-06-30 03:00:00,2025,TARGET_DRE_3.01_DFP,Receita Líquida,DFP,GradientBoosting,185060586427,155,raw,497549000.0,20.035390792678935,-217067748.67657757,217067788.74735916,434135537.4239367,False,217067768.71196836,0.1
33.000.167/0001-01,2025-09-30 03:00:00,2025,TARGET_DRE_3.01_DFP,Receita Líquida,DFP,GradientBoosting,185060586427,155,raw,497549000.0,18.124272885703615,-217067750.58769548,217067786.83624125,434135537.4239367,False,217067768.71196836,0.1
33.042.730/0001-04,2025-03-31 03:00:00,2025,TARGET_DRE_3.01_DFP,Receita Líquida,DFP,GradientBoosting,185060586427,155,raw,44797946.0,17.607950146505438,-217067751.1040182,217067786.3199185,434135537.4239367,True,217067768.71196836,0.1
33.042.730/0001-04,2025-06-30 03:00:00,2025,TARGET_DRE_3.01_DFP,Receita Líquida,DFP,GradientBoosting,185060586427,155,raw,44797946.0,17.50159041740871,-217067751.21037793,217067786.2135588,434135537.4239367,True,217067768.71196836,0.1
33.042.730/0001-04,2025-09-30 03:00:00,2025,TARGET_DRE_3.01_DFP,Receita Líquida,DFP,GradientBoosting,185060586427,155,raw,44797946.0,16.42755632844439,-217067752.28441203,217067785.1395247,434135537.4239367,True,217067768.71196836,0.1
33.256.439/0001-39,2025-03-31 03:00:00,2025,TARGET_DRE_3.01_DFP,Receita Líquida,DFP,GradientBoosting,185060586427,155,raw,142369540.0,18.63581418705689,-217067750.07615417,217067787.34778255,434135537.4239367,True,217067768.71196836,0.1
33.256.439/0001-39,2025-06-30 03:00:00,2025,TARGET_DRE_3.01_DFP,Receita Líquida,DFP,GradientBoosting,185060586427,155,raw,142369540.0,18.448042576935155,-217067750.2639258,217067787.16001093,434135537.4239367,True,217067768.71196836,0.1
33.256.439/0001-39,2025-09-30 03:00:00,2025,TARGET_DRE_3.01_DFP,Receita Líquida,DFP,GradientBoosting,185060586427,155,raw,142369540.0,17.5083799479498,-217067751.20358843,217067786.2203483,434135537.4239367,True,217067768.71196836,0.1
33.592.510/0001-54,2025-03-31 03:00:00,2025,TARGET_DRE_3.01_DFP,Receita Líquida,DFP,GradientBoosting,185060586427,155,raw,213595000.0,19.055959822066328,-217067749.65600854,217067787.76792818,434135537.4239367,True,217067768.71196836,0.1
33.592.510/0001-54,2025-06-30 03:00:00,2025,TARGET_DRE_3.01_DFP,Receita Líquida,DFP,GradientBoosting,185060586427,155,raw,213595000.0,18.983472096187555,-217067749.72849625,217067787.69544047,434135537.4239367,True,217067768.71196836,0.1
33.592.510/0001-54,2025-09-30 03:00:00,2025,TARGET_DRE_3.01_DFP,Receita Líquida,DFP,GradientBoosting,185060586427,155,raw,213595000.0,16.907611445766133,-217067751.8043569,217067785.61957982,434135537.4239367,True,217067768.71196836,0.1
33.611.500/0001-19,2025-03-31 03:00:00,2025,TARGET_DRE_3.01_DFP,Receita Líquida,DFP,GradientBoosting,185060586427,155,raw,69858532.0,18.16891444367423,-217067750.54305393,217067786.8808828,434135537.4239367,True,217067768.71196836,0.1
33.611.500/0001-19,2025-06-30 03:00:00,2025,TARGET_DRE_3.01_DFP,Receita Líquida,DFP,GradientBoosting,185060586427,155,raw,69858532.0,17.94853746032322,-217067750.7634309,217067786.66050583,434135537.4239367,True,217067768.71196836,0.1
33.611.500/0001-19,2025-09-30 03:00:00,2025,TARGET_DRE_3.01_DFP,Receita Líquida,DFP,GradientBoosting,185060586427,155,raw,69858532.0,17.15829520612552,-217067751.55367315,217067785.87026358,434135537.4239367,True,217067768.71196836,0.1
34.274.233/0001-02,2025-03-31 03:00:00,2025,TARGET_DRE_3.01_DFP,Receita Líquida,DFP,GradientBoosting,185060586427,155,raw,189075000.0,18.964114758567067,-217067749.7478536,217067787.67608312,434135537.4239367,True,217067768.71196836,0.1
34.274.233/0001-02,2025-06-30 03:00:00,2025,TARGET_DRE_3.01_DFP,Receita Líquida,DFP,GradientBoosting,185060586427,155,raw,189075000.0,18.931536624709445,-217067749.78043175,217067787.64350498,434135537.4239367,True,217067768.71196836,0.1
34.274.233/0001-02,2025-09-30 03:00:00,2025,TARGET_DRE_3.01_DFP,Receita Líquida,DFP,GradientBoosting,185060586427,155,raw,189075000.0,18.12027128151641,-217067750.59169707,217067786.83223966,434135537.4239367,True,217067768.71196836,0.1
47.960.950/0001-21,2025-03-31 03:00:00,2025,TARGET_DRE_3.01_DFP,Receita Líquida,DFP,GradientBoosting,185060586427,155,raw,38703387.0,17.42810915861983,-217067751.2838592,217067786.14007753,434135537.4239367,True,217067768.71196836,0.1
47.960.950/0001-21,2025-06-30 03:00:00,2025,TARGET_DRE_3.01_DFP,Receita Líquida,DFP,GradientBoosting,185060586427,155,raw,38703387.0,17.472161128940357,-217067751.23980725,217067786.18412948,434135537.4239367,True,217067768.71196836,0.1
47.960.950/0001-21,2025-09-30 03:00:00,2025,TARGET_DRE_3.01_DFP,Receita Líquida,DFP,GradientBoosting,185060586427,155,raw,38703387.0,16.534678246587706,-217067752.1772901,217067785.2466466,434135537.4239367,True,217067768.71196836,0.1
53.113.791/0001-22,2025-03-31 03:00:00,2025,TARGET_DRE_3.01_DFP,Receita Líquida,DFP,GradientBoosting,185060586427,155,raw,5771867.0,15.495811505995741,-217067753.21615687,217067784.20777985,434135537.4239367,True,217067768.71196836,0.1
53.113.791/0001-22,2025-06-30 03:00:00,2025,TARGET_DRE_3.01_DFP,Receita Líquida,DFP,GradientBoosting,185060586427,155,raw,5771867.0,15.371352226559674,-217067753.34061614,217067784.0833206,434135537.4239367,True,217067768.71196836,0.1
53.113.791/0001-22,2025-09-30 03:00:00,2025,TARGET_DRE_3.01_DFP,Receita Líquida,DFP,GradientBoosting,185060586427,155,raw,5771867.0,15.517730837326994,-217067753.19423753,217067784.2296992,434135537.4239367,True,217067768.71196836,0.1
61.079.117/0001-05,2025-03-31 03:00:00,2025,TARGET_DRE_3.01_DFP,Receita Líquida,DFP,GradientBoosting,185060586427,155,raw,4564874.0,15.170067001343176,-217067753.54190135,217067783.88203537,434135537.4239367,True,217067768.71196836,0.1
61.079.117/0001-05,2025-06-30 03:00:00,2025,TARGET_DRE_3.01_DFP,Receita Líquida,DFP,GradientBoosting,185060586427,155,raw,4564874.0,15.120037009370117,-217067753.59193134,217067783.83200538,434135537.4239367,True,217067768.71196836,0.1
61.079.117/0001-05,2025-09-30 03:00:00,2025,TARGET_DRE_3.01_DFP,Receita Líquida,DFP,GradientBoosting,185060586427,155,raw,4564874.0,15.175635642240238,-217067753.53633273,217067783.887604,434135537.4239367,True,217067768.71196836,0.1
81.243.735/0001-48,2025-03-31 03:00:00,2025,TARGET_DRE_3.01_DFP,Receita Líquida,DFP,GradientBoosting,185060586427,155,raw,3354898.0,15.068199898622161,-217067753.64376846,217067783.78016827,434135537.4239367,True,217067768.71196836,0.1
81.243.735/0001-48,2025-06-30 03:00:00,2025,TARGET_DRE_3.01_DFP,Receita Líquida,DFP,GradientBoosting,185060586427,155,raw,3354898.0,15.004707340300584,-217067753.70726103,217067783.7166757,434135537.4239367,True,217067768.71196836,0.1
81.243.735/0001-48,2025-09-30 03:00:00,2025,TARGET_DRE_3.01_DFP,Receita Líquida,DFP,GradientBoosting,185060586427,155,raw,3354898.0,15.364506651695606,-217067753.3474617,217067784.07647502,434135537.4239367,True,217067768.71196836,0.1
82.901.000/0001-27,2025-03-31 03:00:00,2025,TARGET_DRE_3.01_DFP,Receita Líquida,DFP,GradientBoosting,185060586427,155,raw,4460379.0,15.231469049985975,-217067753.48049933,217067783.9434374,434135537.4239367,True,217067768.71196836,0.1
82.901.000/0001-27,2025-06-30 03:00:00,2025,TARGET_DRE_3.01_DFP,Receita Líquida,DFP,GradientBoosting,185060586427,155,raw,4460379.0,15.238456468369137,-217067753.4735119,217067783.95042482,434135537.4239367,True,217067768.71196836,0.1
82.901.000/0001-27,2025-09-30 03:00:00,2025,TARGET_DRE_3.01_DFP,Receita Líquida,DFP,GradientBoosting,185060586427,155,raw,4460379.0,15.501066302154005,-217067753.21090207,217067784.21303466,434135537.4239367,True,217067768.71196836,0.1
84.429.695/0001-11,2025-03-31 03:00:00,2025,TARGET_DRE_3.01_DFP,Receita Líquida,DFP,GradientBoosting,185060586427,155,raw,40804110.0,17.778515843353734,-217067750.93345252,217067786.4904842,434135537.4239367,True,217067768.71196836,0.1
84.429.695/0001-11,2025-06-30 03:00:00,2025,TARGET_DRE_3.01_DFP,Receita Líquida,DFP,GradientBoosting,185060586427,155,raw,40804110.0,17.636760259223696,-217067751.0752081,217067786.34872863,434135537.4239367,True,217067768.71196836,0.1
84.429.695/0001-11,2025-09-30 03:00:00,2025,TARGET_DRE_3.01_DFP,Receita Líquida,DFP,GradientBoosting,185060586427,155,raw,40804110.0,16.55071858248838,-217067752.1612498,217067785.26268694,434135537.4239367,True,217067768.71196836,0.1
89.637.490/0001-45,2025-03-31 03:00:00,2025,TARGET_DRE_3.01_DFP,Receita Líquida,DFP,GradientBoosting,185060586427,155,raw,20697507.0,16.95094250708203,-217067751.76102585,217067785.66291088,434135537.4239367,True,217067768.71196836,0.1
89.637.490/0001-45,2025-06-30 03:00:00,2025,TARGET_DRE_3.01_DFP,Receita Líquida,DFP,GradientBoosting,185060586427,155,raw,20697507.0,16.629941250556936,-217067752.0820271,217067785.34190962,434135537.4239367,True,217067768.71196836,0.1
89.637.490/0001-45,2025-09-30 03:00:00,2025,TARGET_DRE_3.01_DFP,Receita Líquida,DFP,GradientBoosting,185060586427,155,raw,20697507.0,16.280779872694993,-217067752.4311885,217067784.99274823,434135537.4239367,True,217067768.71196836,0.1
92.754.738/0001-62,2025-03-31 03:00:00,2025,TARGET_DRE_3.01_DFP,Receita Líquida,DFP,GradientBoosting,185060586427,155,raw,15829460.0,16.562955047127,-217067752.1490133,217067785.2749234,434135537.4239367,True,217067768.71196836,0.1
92.754.738/0001-62,2025-06-30 03:00:00,2025,TARGET_DRE_3.01_DFP,Receita Líquida,DFP,GradientBoosting,185060586427,155,raw,15829460.0,16.299002652131602,-217067752.41296571,217067785.010971,434135537.4239367,True,217067768.71196836,0.1
92.754.738/0001-62,2025-09-30 03:00:00,2025,TARGET_DRE_3.01_DFP,Receita Líquida,DFP,GradientBoosting,185060586427,155,raw,15829460.0,16.140282550358506,-217067752.57168582,217067784.8522509,434135537.4239367,True,217067768.71196836,0.1
02.429.144/0001-93,2025-03-31 03:00:00,2025,TARGET_DRE_3.11_ITR_T1,Lucro Líquido,ITRT1,GradientBoosting,02ec885da117,159,raw,2801195.0,15.459701131480257,-6497112.597618127,6497143.517020389,12994256.114638517,True,6497128.057319258,0.1
02.429.144/0001-93,2025-06-30 03:00:00,2025,TARGET_DRE_3.11_ITR_T1,Lucro Líquido,ITRT1,GradientBoosting,02ec885da117,159,raw,4177580.0,15.690927287946282,-6497112.366391971,6497143.748246546,12994256.114638517,True,6497128.057319258,0.1
02.429.144/0001-93,2025-09-30 03:00:00,2025,TARGET_DRE_3.11_ITR_T1,Lucro Líquido,ITRT1,GradientBoosting,02ec885da117,159,raw,1909455.0,15.0189056416082,-6497113.038413617,6497143.0762249,12994256.114638517,True,6497128.057319258,0.1
02.429.144/0001-93,2025-12-31 03:00:00,2025,TARGET_DRE_3.11_ITR_T1,Lucro Líquido,ITRT1,GradientBoosting,02ec885da117,159,raw,1909455.0,12.37803751778963,-6497115.67928174,6497140.435356776,12994256.114638517,True,6497128.057319258,0.1
02.474.103/0001-19,2025-03-31 03:00:00,2025,TARGET_DRE_3.11_ITR_T1,Lucro Líquido,ITRT1,GradientBoosting,02ec885da117,159,raw,1393805.0,15.211979077657698,-6497112.845340181,6497143.269298336,12994256.114638517,True,6497128.057319258,0.1
02.474.103/0001-19,2025-06-30 03:00:00,2025,TARGET_DRE_3.11_ITR_T1,Lucro Líquido,ITRT1,GradientBoosting,02ec885da117,159,raw,2131910.0,15.362881988760636,-6497112.694437269,6497143.420201248,12994256.114638517,True,6497128.057319258,0.1
02.474.103/0001-19,2025-09-30 03:00:00,2025,TARGET_DRE_3.11_ITR_T1,Lucro Líquido,ITRT1,GradientBoosting,02ec885da117,159,raw,792058.0,14.51289254972132,-6497113.5444267085,6497142.570211808,12994256.114638517,True,6497128.057319258,0.1
02.474.103/0001-19,2025-12-31 03:00:00,2025,TARGET_DRE_3.11_ITR_T1,Lucro Líquido,ITRT1,GradientBoosting,02ec885da117,159,raw,792058.0,12.33856045038861,-6497115.7187588075,6497140.395879709,12994256.114638517,True,6497128.057319258,0.1
02.998.611/0001-04,2025-03-31 03:00:00,2025,TARGET_DRE_3.11_ITR_T1,Lucro Líquido,ITRT1,GradientBoosting,02ec885da117,159,raw,956980.0,14.477763513515137,-6497113.579555745,6497142.535082771,12994256.114638517,True,6497128.057319258,0.1
02.998.611/0001-04,2025-06-30 03:00:00,2025,TARGET_DRE_3.11_ITR_T1,Lucro Líquido,ITRT1,GradientBoosting,02ec885da117,159,raw,1759777.0,14.610605559549946,-6497113.446713699,6497142.667924818,12994256.114638517,True,6497128.057319258,0.1
02.998.611/0001-04,2025-09-30 03:00:00,2025,TARGET_DRE_3.11_ITR_T1,Lucro Líquido,ITRT1,GradientBoosting,02ec885da117,159,raw,619149.0,14.441794939502286,-6497113.615524319,6497142.499114198,12994256.114638517,True,6497128.057319258,0.1
02.998.611/0001-04,2025-12-31 03:00:00,2025,TARGET_DRE_3.11_ITR_T1,Lucro Líquido,ITRT1,GradientBoosting,02ec885da117,159,raw,619149.0,12.218782966733158,-6497115.838536291,6497140.276102225,12994256.114638517,True,6497128.057319258,0.1
03.220.438/0001-73,2025-03-31 03:00:00,2025,TARGET_DRE_3.11_ITR_T1,Lucro Líquido,ITRT1,GradientBoosting,02ec885da117,159,raw,1995916.0,15.13783688586366,-6497112.919482373,6497143.195156144,12994256.114638517,True,6497128.057319258,0.1
03.220.438/0001-73,2025-06-30 03:00:00,2025,TARGET_DRE_3.11_ITR_T1,Lucro Líquido,ITRT1,GradientBoosting,02ec885da117,159,raw,2605721.0,15.356220432480665,-6497112.701098826,6497143.413539691,12994256.114638517,True,6497128.057319258,0.1
03.220.438/0001-73,2025-09-30 03:00:00,2025,TARGET_DRE_3.11_ITR_T1,Lucro Líquido,ITRT1,GradientBoosting,02ec885da117,159,raw,606756.0,14.533392200587368,-6497113.523927058,6497142.590711459,12994256.114638517,True,6497128.057319258,0.1
03.220.438/0001-73,2025-12-31 03:00:00,2025,TARGET_DRE_3.11_ITR_T1,Lucro Líquido,ITRT1,GradientBoosting,02ec885da117,159,raw,606756.0,12.30676344652366,-6497115.750555811,6497140.364082705,12994256.114638517,True,6497128.057319258,0.1
07.859.971/0001-30,2025-03-31 03:00:00,2025,TARGET_DRE_3.11_ITR_T1,Lucro Líquido,ITRT1,GradientBoosting,02ec885da117,159,raw,875180.0,14.58052280269527,-6497113.476796456,6497142.637842061,12994256.114638517,True,6497128.057319258,0.1
07.859.971/0001-30,2025-06-30 03:00:00,2025,TARGET_DRE_3.11_ITR_T1,Lucro Líquido,ITRT1,GradientBoosting,02ec885da117,159,raw,1215786.0,15.09752652732404,-6497112.959792731,6497143.154845785,12994256.114638517,True,6497128.057319258,0.1
07.859.971/0001-30,2025-09-30 03:00:00,2025,TARGET_DRE_3.11_ITR_T1,Lucro Líquido,ITRT1,GradientBoosting,02ec885da117,159,raw,353646.0,13.325168420577485,-6497114.732150838,6497141.382487679,12994256.114638517,True,6497128.057319258,0.1
07.859.971/0001-30,2025-12-31 03:00:00,2025,TARGET_DRE_3.11_ITR_T1,Lucro Líquido,ITRT1,GradientBoosting,02ec885da117,159,raw,353646.0,12.42839199450098,-6497115.628927263,6497140.485711253,12994256.114638517,True,6497128.057319258,0.1
10.629.105/0001-68,2025-03-31 03:00:00,2025,TARGET_DRE_3.11_ITR_T1,Lucro Líquido,ITRT1,GradientBoosting,02ec885da117,159,raw,2753333.0,15.300814653892473,-6497112.756504605,6497143.358133912,12994256.114638517,True,6497128.057319258,0.1
10.629.105/0001-68,2025-06-30 03:00:00,2025,TARGET_DRE_3.11_ITR_T1,Lucro Líquido,ITRT1,GradientBoosting,02ec885da117,159,raw,3102038.0,15.566669167572247,-6497112.49065009,6497143.623988426,12994256.114638517,True,6497128.057319258,0.1
10.629.105/0001-68,2025-09-30 03:00:00,2025,TARGET_DRE_3.11_ITR_T1,Lucro Líquido,ITRT1,GradientBoosting,02ec885da117,159,raw,2410883.0,14.96104458365522,-6497113.096274675,6497143.018363842,12994256.114638517,True,6497128.057319258,0.1
10.629.105/0001-68,2025-12-31 03:00:00,2025,TARGET_DRE_3.11_ITR_T1,Lucro Líquido,ITRT1,GradientBoosting,02ec885da117,159,raw,2410883.0,12.307918276040226,-6497115.749400983,6497140.365237534,12994256.114638517,True,6497128.057319258,0.1
16.404.287/0001-55,2025-03-31 03:00:00,2025,TARGET_DRE_3.11_ITR_T1,Lucro Líquido,ITRT1,GradientBoosting,02ec885da117,159,raw,11360131.0,16.27756881127318,-6497111.779750447,6497144.33488807,12994256.114638517,False,6497128.057319258,0.1
16.404.287/0001-55,2025-06-30 03:00:00,2025,TARGET_DRE_3.11_ITR_T1,Lucro Líquido,ITRT1,GradientBoosting,02ec885da117,159,raw,13321518.0,17.12928088131693,-6497110.928038377,6497145.186600139,12994256.114638517,False,6497128.057319258,0.1
16.404.287/0001-55,2025-09-30 03:00:00,2025,TARGET_DRE_3.11_ITR_T1,Lucro Líquido,ITRT1,GradientBoosting,02ec885da117,159,raw,4311991.0,16.034702025496138,-6497112.022617233,6497144.092021284,12994256.114638517,True,6497128.057319258,0.1
16.404.287/0001-55,2025-12-31 03:00:00,2025,TARGET_DRE_3.11_ITR_T1,Lucro Líquido,ITRT1,GradientBoosting,02ec885da117,159,raw,4311991.0,10.951806715729374,-6497117.105512543,6497139.009125974,12994256.114638517,True,6497128.057319258,0.1
16.590.234/0001-76,2025-03-31 03:00:00,2025,TARGET_DRE_3.11_ITR_T1,Lucro Líquido,ITRT1,GradientBoosting,02ec885da117,159,raw,655480.0,13.898590145770207,-6497114.158729113,6497141.955909404,12994256.114638517,True,6497128.057319258,0.1
16.590.234/0001-76,2025-06-30 03:00:00,2025,TARGET_DRE_3.11_ITR_T1,Lucro Líquido,ITRT1,GradientBoosting,02ec885da117,159,raw,820432.0,14.849183461931721,-6497113.208135797,6497142.90650272,12994256.114638517,True,6497128.057319258,0.1
16.590.234/0001-76,2025-09-30 03:00:00,2025,TARGET_DRE_3.11_ITR_T1,Lucro Líquido,ITRT1,GradientBoosting,02ec885da117,159,raw,38596.0,11.998620836310135,-6497116.058698422,6497140.055940094,12994256.114638517,True,6497128.057319258,0.1
16.590.234/0001-76,2025-12-31 03:00:00,2025,TARGET_DRE_3.11_ITR_T1,Lucro Líquido,ITRT1,GradientBoosting,02ec885da117,159,raw,38596.0,11.529227575133298,-6497116.528091683,6497139.586546834,12994256.114638517,True,6497128.057319258,0.1
24.990.777/0001-09,2025-03-31 03:00:00,2025,TARGET_DRE_3.11_ITR_T1,Lucro Líquido,ITRT1,GradientBoosting,02ec885da117,159,raw,667768.0,14.367036062999121,-6497113.690283195,6497142.424355322,12994256.114638517,True,6497128.057319258,0.1
24.990.777/0001-09,2025-06-30 03:00:00,2025,TARGET_DRE_3.11_ITR_T1,Lucro Líquido,ITRT1,GradientBoosting,02ec885da117,159,raw,1514341.0,14.885698774107716,-6497113.171620484,6497142.943018032,12994256.114638517,True,6497128.057319258,0.1
24.990.777/0001-09,2025-09-30 03:00:00,2025,TARGET_DRE_3.11_ITR_T1,Lucro Líquido,ITRT1,GradientBoosting,02ec885da117,159,raw,190922.0,13.259854817570789,-6497114.797464441,6497141.317174076,12994256.114638517,True,6497128.057319258,0.1
24.990.777/0001-09,2025-12-31 03:00:00,2025,TARGET_DRE_3.11_ITR_T1,Lucro Líquido,ITRT1,GradientBoosting,02ec885da117,159,raw,190922.0,11.530423591412008,-6497116.5268956665,6497139.58774285,12994256.114638517,True,6497128.057319258,0.1
33.000.167/0001-01,2025-03-31 03:00:00,2025,TARGET_DRE_3.11_ITR_T1,Lucro Líquido,ITRT1,GradientBoosting,02ec885da117,159,raw,62105000.0,17.499341936510415,-6497110.557977322,6497145.556661195,12994256.114638517,False,6497128.057319258,0.1
33.000.167/0001-01,2025-06-30 03:00:00,2025,TARGET_DRE_3.11_ITR_T1,Lucro Líquido,ITRT1,GradientBoosting,02ec885da117,159,raw,94952000.0,16.652012572639226,-6497111.405306686,6497144.709331831,12994256.114638517,False,6497128.057319258,0.1
33.000.167/0001-01,2025-09-30 03:00:00,2025,TARGET_DRE_3.11_ITR_T1,Lucro Líquido,ITRT1,GradientBoosting,02ec885da117,159,raw,32761000.0,16.605948512518594,-6497111.451370746,6497144.663267771,12994256.114638517,False,6497128.057319258,0.1
33.000.167/0001-01,2025-12-31 03:00:00,2025,TARGET_DRE_3.11_ITR_T1,Lucro Líquido,ITRT1,GradientBoosting,02ec885da117,159,raw,32761000.0,10.051366049904695,-6497118.005953209,6497138.108685308,12994256.114638517,False,6497128.057319258,0.1
33.042.730/0001-04,2025-03-31 03:00:00,2025,TARGET_DRE_3.11_ITR_T1,Lucro Líquido,ITRT1,GradientBoosting,02ec885da117,159,raw,-861949.0,-14.152809462964063,-6497142.210128721,6497113.904509796,12994256.114638517,True,6497128.057319258,0.1
33.042.730/0001-04,2025-06-30 03:00:00,2025,TARGET_DRE_3.11_ITR_T1,Lucro Líquido,ITRT1,GradientBoosting,02ec885da117,159,raw,-785511.0,-14.32278627248421,-6497142.380105531,6497113.734532986,12994256.114638517,True,6497128.057319258,0.1
33.042.730/0001-04,2025-09-30 03:00:00,2025,TARGET_DRE_3.11_ITR_T1,Lucro Líquido,ITRT1,GradientBoosting,02ec885da117,159,raw,-555023.0,-14.081265709357288,-6497142.138584968,6497113.976053549,12994256.114638517,True,6497128.057319258,0.1
33.042.730/0001-04,2025-12-31 03:00:00,2025,TARGET_DRE_3.11_ITR_T1,Lucro Líquido,ITRT1,GradientBoosting,02ec885da117,159,raw,-555023.0,8.095338503996683,-6497119.9619807545,6497136.152657762,12994256.114638517,True,6497128.057319258,0.1
33.256.439/0001-39,2025-03-31 03:00:00,2025,TARGET_DRE_3.11_ITR_T1,Lucro Líquido,ITRT1,GradientBoosting,02ec885da117,159,raw,1513716.0,14.75985277080786,-6497113.297466488,6497142.817172029,12994256.114638517,True,6497128.057319258,0.1
33.256.439/0001-39,2025-06-30 03:00:00,2025,TARGET_DRE_3.11_ITR_T1,Lucro Líquido,ITRT1,GradientBoosting,02ec885da117,159,raw,2286121.0,15.188699928199998,-6497112.86861933,6497143.246019186,12994256.114638517,True,6497128.057319258,0.1
33.256.439/0001-39,2025-09-30 03:00:00,2025,TARGET_DRE_3.11_ITR_T1,Lucro Líquido,ITRT1,GradientBoosting,02ec885da117,159,raw,914158.0,14.535134898847804,-6497113.52218436,6497142.592454157,12994256.114638517,True,6497128.057319258,0.1
33.256.439/0001-39,2025-12-31 03:00:00,2025,TARGET_DRE_3.11_ITR_T1,Lucro Líquido,ITRT1,GradientBoosting,02ec885da117,159,raw,914158.0,12.24871983498165,-6497115.808599424,6497140.306039093,12994256.114638517,True,6497128.057319258,0.1
33.453.598/0001-23,2025-03-31 03:00:00,2025,TARGET_DRE_3.11_ITR_T1,Lucro Líquido,ITRT1,GradientBoosting,02ec885da117,159,raw,-1843886.0,-12.422303182316766,-6497140.47962244,6497115.635016076,12994256.114638517,True,6497128.057319258,0.1
33.453.598/0001-23,2025-06-30 03:00:00,2025,TARGET_DRE_3.11_ITR_T1,Lucro Líquido,ITRT1,GradientBoosting,02ec885da117,159,raw,-4155956.0,-13.96984171375386,-6497142.027160972,6497114.087477544,12994256.114638517,True,6497128.057319258,0.1
33.453.598/0001-23,2025-09-30 03:00:00,2025,TARGET_DRE_3.11_ITR_T1,Lucro Líquido,ITRT1,GradientBoosting,02ec885da117,159,raw,-19801008.0,-14.91463165914862,-6497142.9719509175,6497113.142687599,12994256.114638517,False,6497128.057319258,0.1
33.592.510/0001-54,2025-03-31 03:00:00,2025,TARGET_DRE_3.11_ITR_T1,Lucro Líquido,ITRT1,GradientBoosting,02ec885da117,159,raw,20360000.0,16.934136385491936,-6497111.123182873,6497144.991455643,12994256.114638517,False,6497128.057319258,0.1
33.592.510/0001-54,2025-06-30 03:00:00,2025,TARGET_DRE_3.11_ITR_T1,Lucro Líquido,ITRT1,GradientBoosting,02ec885da117,159,raw,35031000.0,17.312091363559066,-6497110.745227895,6497145.369410622,12994256.114638517,False,6497128.057319258,0.1
33.592.510/0001-54,2025-09-30 03:00:00,2025,TARGET_DRE_3.11_ITR_T1,Lucro Líquido,ITRT1,GradientBoosting,02ec885da117,159,raw,10199000.0,16.79732744876606,-6497111.25999181,6497144.854646707,12994256.114638517,False,6497128.057319258,0.1
33.592.510/0001-54,2025-12-31 03:00:00,2025,TARGET_DRE_3.11_ITR_T1,Lucro Líquido,ITRT1,GradientBoosting,02ec885da117,159,raw,10199000.0,12.62431413294804,-6497115.433005125,6497140.681633391,12994256.114638517,False,6497128.057319258,0.1
33.611.500/0001-19,2025-03-31 03:00:00,2025,TARGET_DRE_3.11_ITR_T1,Lucro Líquido,ITRT1,GradientBoosting,02ec885da117,159,raw,1622301.0,15.020821444632324,-6497113.036497814,6497143.078140703,12994256.114638517,True,6497128.057319258,0.1
33.611.500/0001-19,2025-06-30 03:00:00,2025,TARGET_DRE_3.11_ITR_T1,Lucro Líquido,ITRT1,GradientBoosting,02ec885da117,159,raw,2712181.0,15.261035304762526,-6497112.796283954,6497143.318354563,12994256.114638517,True,6497128.057319258,0.1
33.611.500/0001-19,2025-09-30 03:00:00,2025,TARGET_DRE_3.11_ITR_T1,Lucro Líquido,ITRT1,GradientBoosting,02ec885da117,159,raw,1013355.0,14.567263433871222,-6497113.490055825,6497142.624582692,12994256.114638517,True,6497128.057319258,0.1
33.611.500/0001-19,2025-12-31 03:00:00,2025,TARGET_DRE_3.11_ITR_T1,Lucro Líquido,ITRT1,GradientBoosting,02ec885da117,159,raw,1013355.0,12.236855440715855,-6497115.820463818,6497140.294174699,12994256.114638517,True,6497128.057319258,0.1
34.274.233/0001-02,2025-03-31 03:00:00,2025,TARGET_DRE_3.11_ITR_T1,Lucro Líquido,ITRT1,GradientBoosting,02ec885da117,159,raw,893000.0,14.934680941938687,-6497113.122638317,6497142.9920002,12994256.114638517,True,6497128.057319258,0.1
34.274.233/0001-02,2025-06-30 03:00:00,2025,TARGET_DRE_3.11_ITR_T1,Lucro Líquido,ITRT1,GradientBoosting,02ec885da117,159,raw,1300000.0,14.380765281187333,-6497113.676553977,6497142.43808454,12994256.114638517,True,6497128.057319258,0.1
34.274.233/0001-02,2025-09-30 03:00:00,2025,TARGET_DRE_3.11_ITR_T1,Lucro Líquido,ITRT1,GradientBoosting,02ec885da117,159,raw,1613000.0,14.66207437582386,-6497113.395244882,6497142.719393634,12994256.114638517,True,6497128.057319258,0.1
34.274.233/0001-02,2025-12-31 03:00:00,2025,TARGET_DRE_3.11_ITR_T1,Lucro Líquido,ITRT1,GradientBoosting,02ec885da117,159,raw,1613000.0,12.305709217717808,-6497115.751610041,6497140.363028476,12994256.114638517,True,6497128.057319258,0.1
47.960.950/0001-21,2025-03-31 03:00:00,2025,TARGET_DRE_3.11_ITR_T1,Lucro Líquido,ITRT1,GradientBoosting,02ec885da117,159,raw,-11588.0,11.166196969161321,-6497116.891122289,6497139.223516228,12994256.114638517,True,6497128.057319258,0.1
47.960.950/0001-21,2025-06-30 03:00:00,2025,TARGET_DRE_3.11_ITR_T1,Lucro Líquido,ITRT1,GradientBoosting,02ec885da117,159,raw,72997.0,9.951315537912917,-6497118.10600372,6497138.008634796,12994256.114638517,True,6497128.057319258,0.1
47.960.950/0001-21,2025-09-30 03:00:00,2025,TARGET_DRE_3.11_ITR_T1,Lucro Líquido,ITRT1,GradientBoosting,02ec885da117,159,raw,-55220.0,-6.037326511766847,-6497134.09464577,6497122.019992746,12994256.114638517,True,6497128.057319258,0.1
47.960.950/0001-21,2025-12-31 03:00:00,2025,TARGET_DRE_3.11_ITR_T1,Lucro Líquido,ITRT1,GradientBoosting,02ec885da117,159,raw,-55220.0,8.255300316271109,-6497119.802018942,6497136.312619574,12994256.114638517,True,6497128.057319258,0.1
53.113.791/0001-22,2025-03-31 03:00:00,2025,TARGET_DRE_3.11_ITR_T1,Lucro Líquido,ITRT1,GradientBoosting,02ec885da117,159,raw,395682.0,13.65010999105679,-6497114.407209267,6497141.70742925,12994256.114638517,True,6497128.057319258,0.1
53.113.791/0001-22,2025-06-30 03:00:00,2025,TARGET_DRE_3.11_ITR_T1,Lucro Líquido,ITRT1,GradientBoosting,02ec885da117,159,raw,647224.0,13.913783281714714,-6497114.143535976,6497141.97110254,12994256.114638517,True,6497128.057319258,0.1
53.113.791/0001-22,2025-09-30 03:00:00,2025,TARGET_DRE_3.11_ITR_T1,Lucro Líquido,ITRT1,GradientBoosting,02ec885da117,159,raw,232010.0,12.866360741887256,-6497115.190958517,6497140.92368,12994256.114638517,True,6497128.057319258,0.1
53.113.791/0001-22,2025-12-31 03:00:00,2025,TARGET_DRE_3.11_ITR_T1,Lucro Líquido,ITRT1,GradientBoosting,02ec885da117,159,raw,232010.0,11.078909871156098,-6497116.978409387,6497139.1362291295,12994256.114638517,True,6497128.057319258,0.1
61.079.117/0001-05,2025-03-31 03:00:00,2025,TARGET_DRE_3.11_ITR_T1,Lucro Líquido,ITRT1,GradientBoosting,02ec885da117,159,raw,199376.0,12.456693443291275,-6497115.600625815,6497140.514012702,12994256.114638517,True,6497128.057319258,0.1
61.079.117/0001-05,2025-06-30 03:00:00,2025,TARGET_DRE_3.11_ITR_T1,Lucro Líquido,ITRT1,GradientBoosting,02ec885da117,159,raw,370675.0,12.27505396838028,-6497115.78226529,6497140.332373227,12994256.114638517,True,6497128.057319258,0.1
61.079.117/0001-05,2025-09-30 03:00:00,2025,TARGET_DRE_3.11_ITR_T1,Lucro Líquido,ITRT1,GradientBoosting,02ec885da117,159,raw,162807.0,12.400443818627242,-6497115.65687544,6497140.457763077,12994256.114638517,True,6497128.057319258,0.1
61.079.117/0001-05,2025-12-31 03:00:00,2025,TARGET_DRE_3.11_ITR_T1,Lucro Líquido,ITRT1,GradientBoosting,02ec885da117,159,raw,162807.0,11.319369294850894,-6497116.737949964,6497139.376688553,12994256.114638517,True,6497128.057319258,0.1
81.243.735/0001-48,2025-03-31 03:00:00,2025,TARGET_DRE_3.11_ITR_T1,Lucro Líquido,ITRT1,GradientBoosting,02ec885da117,159,raw,-10357.0,-8.278992736062293,-6497136.336311994,6497119.778326523,12994256.114638517,True,6497128.057319258,0.1
81.243.735/0001-48,2025-06-30 03:00:00,2025,TARGET_DRE_3.11_ITR_T1,Lucro Líquido,ITRT1,GradientBoosting,02ec885da117,159,raw,-9259.0,-10.93553575961441,-6497138.992855018,6497117.121783499,12994256.114638517,True,6497128.057319258,0.1
81.243.735/0001-48,2025-09-30 03:00:00,2025,TARGET_DRE_3.11_ITR_T1,Lucro Líquido,ITRT1,GradientBoosting,02ec885da117,159,raw,-12305.0,-10.624383696451272,-6497138.681702955,6497117.432935562,12994256.114638517,True,6497128.057319258,0.1
81.243.735/0001-48,2025-12-31 03:00:00,2025,TARGET_DRE_3.11_ITR_T1,Lucro Líquido,ITRT1,GradientBoosting,02ec885da117,159,raw,-12305.0,8.12160910795434,-6497119.935710151,6497136.178928366,12994256.114638517,True,6497128.057319258,0.1
82.901.000/0001-27,2025-03-31 03:00:00,2025,TARGET_DRE_3.11_ITR_T1,Lucro Líquido,ITRT1,GradientBoosting,02ec885da117,159,raw,197889.0,13.453680757674794,-6497114.603638501,6497141.511000016,12994256.114638517,True,6497128.057319258,0.1
82.901.000/0001-27,2025-06-30 03:00:00,2025,TARGET_DRE_3.11_ITR_T1,Lucro Líquido,ITRT1,GradientBoosting,02ec885da117,159,raw,345793.0,12.50006762655437,-6497115.557251632,6497140.5573868845,12994256.114638517,True,6497128.057319258,0.1
82.901.000/0001-27,2025-09-30 03:00:00,2025,TARGET_DRE_3.11_ITR_T1,Lucro Líquido,ITRT1,GradientBoosting,02ec885da117,159,raw,153090.0,12.298612718344597,-6497115.75870654,6497140.355931977,12994256.114638517,True,6497128.057319258,0.1
82.901.000/0001-27,2025-12-31 03:00:00,2025,TARGET_DRE_3.11_ITR_T1,Lucro Líquido,ITRT1,GradientBoosting,02ec885da117,159,raw,153090.0,11.020782027133512,-6497117.036537231,6497139.078101286,12994256.114638517,True,6497128.057319258,0.1
84.429.695/0001-11,2025-03-31 03:00:00,2025,TARGET_DRE_3.11_ITR_T1,Lucro Líquido,ITRT1,GradientBoosting,02ec885da117,159,raw,3329842.0,15.851226683519844,-6497112.206092575,6497143.908545942,12994256.114638517,True,6497128.057319258,0.1
84.429.695/0001-11,2025-06-30 03:00:00,2025,TARGET_DRE_3.11_ITR_T1,Lucro Líquido,ITRT1,GradientBoosting,02ec885da117,159,raw,5074596.0,15.627789884042468,-6497112.429529374,6497143.685109142,12994256.114638517,True,6497128.057319258,0.1
84.429.695/0001-11,2025-09-30 03:00:00,2025,TARGET_DRE_3.11_ITR_T1,Lucro Líquido,ITRT1,GradientBoosting,02ec885da117,159,raw,1579701.0,14.714898122080383,-6497113.342421136,6497142.772217381,12994256.114638517,True,6497128.057319258,0.1
84.429.695/0001-11,2025-12-31 03:00:00,2025,TARGET_DRE_3.11_ITR_T1,Lucro Líquido,ITRT1,GradientBoosting,02ec885da117,159,raw,1579701.0,9.745894010244474,-6497118.311425248,6497137.8032132685,12994256.114638517,True,6497128.057319258,0.1
89.637.490/0001-45,2025-03-31 03:00:00,2025,TARGET_DRE_3.11_ITR_T1,Lucro Líquido,ITRT1,GradientBoosting,02ec885da117,159,raw,1031828.0,14.775843249229782,-6497113.281476009,6497142.833162508,12994256.114638517,True,6497128.057319258,0.1
89.637.490/0001-45,2025-06-30 03:00:00,2025,TARGET_DRE_3.11_ITR_T1,Lucro Líquido,ITRT1,GradientBoosting,02ec885da117,159,raw,1509712.0,15.125229003615082,-6497112.9320902545,6497143.182548262,12994256.114638517,True,6497128.057319258,0.1
89.637.490/0001-45,2025-09-30 03:00:00,2025,TARGET_DRE_3.11_ITR_T1,Lucro Líquido,ITRT1,GradientBoosting,02ec885da117,159,raw,-496976.0,-8.20953765255722,-6497136.266856911,6497119.847781606,12994256.114638517,True,6497128.057319258,0.1
89.637.490/0001-45,2025-12-31 03:00:00,2025,TARGET_DRE_3.11_ITR_T1,Lucro Líquido,ITRT1,GradientBoosting,02ec885da117,159,raw,-496976.0,2.6871251465865686,-6497125.370194112,6497130.744444405,12994256.114638517,True,6497128.057319258,0.1
92.754.738/0001-62,2025-03-31 03:00:00,2025,TARGET_DRE_3.11_ITR_T1,Lucro Líquido,ITRT1,GradientBoosting,02ec885da117,159,raw,625529.0,13.391668532838594,-6497114.665650725,6497141.448987791,12994256.114638517,True,6497128.057319258,0.1
92.754.738/0001-62,2025-06-30 03:00:00,2025,TARGET_DRE_3.11_ITR_T1,Lucro Líquido,ITRT1,GradientBoosting,02ec885da117,159,raw,904924.0,14.522503994641081,-6497113.534815264,6497142.579823253,12994256.114638517,True,6497128.057319258,0.1
92.754.738/0001-62,2025-09-30 03:00:00,2025,TARGET_DRE_3.11_ITR_T1,Lucro Líquido,ITRT1,GradientBoosting,02ec885da117,159,raw,257251.0,13.025651878995985,-6497115.03166738,6497141.082971137,12994256.114638517,True,6497128.057319258,0.1
92.754.738/0001-62,2025-12-31 03:00:00,2025,TARGET_DRE_3.11_ITR_T1,Lucro Líquido,ITRT1,GradientBoosting,02ec885da117,159,raw,257251.0,11.390680127430768,-6497116.666639131,6497139.447999386,12994256.114638517,True,6497128.057319258,0.1
02.429.144/0001-93,2025-03-31 03:00:00,2025,TARGET_DRE_3.11_ITR_T2,Lucro Líquido,ITRT2,GradientBoosting,5912d5814096,159,raw,4177580.0,15.565610357736576,-11360099.465325758,11360130.596546475,22720230.061872233,True,11360115.030936116,0.1
02.429.144/0001-93,2025-06-30 03:00:00,2025,TARGET_DRE_3.11_ITR_T2,Lucro Líquido,ITRT2,GradientBoosting,5912d5814096,159,raw,1909455.0,14.36643326712295,-11360100.66450285,11360129.397369383,22720230.061872233,True,11360115.030936116,0.1
02.474.103/0001-19,2025-03-31 03:00:00,2025,TARGET_DRE_3.11_ITR_T2,Lucro Líquido,ITRT2,GradientBoosting,5912d5814096,159,raw,2131910.0,14.623459870638001,-11360100.407476246,11360129.654395986,22720230.061872233,True,11360115.030936116,0.1
02.474.103/0001-19,2025-06-30 03:00:00,2025,TARGET_DRE_3.11_ITR_T2,Lucro Líquido,ITRT2,GradientBoosting,5912d5814096,159,raw,792058.0,14.580214653155755,-11360100.450721463,11360129.61115077,22720230.061872233,True,11360115.030936116,0.1
02.998.611/0001-04,2025-03-31 03:00:00,2025,TARGET_DRE_3.11_ITR_T2,Lucro Líquido,ITRT2,GradientBoosting,5912d5814096,159,raw,1759777.0,15.143872528212723,-11360099.887063589,11360130.174808644,22720230.061872233,True,11360115.030936116,0.1
02.998.611/0001-04,2025-06-30 03:00:00,2025,TARGET_DRE_3.11_ITR_T2,Lucro Líquido,ITRT2,GradientBoosting,5912d5814096,159,raw,619149.0,14.725197697056164,-11360100.30573842,11360129.756133813,22720230.061872233,True,11360115.030936116,0.1
03.220.438/0001-73,2025-03-31 03:00:00,2025,TARGET_DRE_3.11_ITR_T2,Lucro Líquido,ITRT2,GradientBoosting,5912d5814096,159,raw,2605721.0,15.639147369363688,-11360099.391788747,11360130.670083486,22720230.061872233,True,11360115.030936116,0.1
03.220.438/0001-73,2025-06-30 03:00:00,2025,TARGET_DRE_3.11_ITR_T2,Lucro Líquido,ITRT2,GradientBoosting,5912d5814096,159,raw,606756.0,14.665099176504437,-11360100.36583694,11360129.696035292,22720230.061872233,True,11360115.030936116,0.1
07.859.971/0001-30,2025-03-31 03:00:00,2025,TARGET_DRE_3.11_ITR_T2,Lucro Líquido,ITRT2,GradientBoosting,5912d5814096,159,raw,1215786.0,15.069299451895146,-11360099.961636664,11360130.100235568,22720230.061872233,True,11360115.030936116,0.1
07.859.971/0001-30,2025-06-30 03:00:00,2025,TARGET_DRE_3.11_ITR_T2,Lucro Líquido,ITRT2,GradientBoosting,5912d5814096,159,raw,353646.0,14.11512000273006,-11360100.915816113,11360129.14605612,22720230.061872233,True,11360115.030936116,0.1
10.629.105/0001-68,2025-03-31 03:00:00,2025,TARGET_DRE_3.11_ITR_T2,Lucro Líquido,ITRT2,GradientBoosting,5912d5814096,159,raw,3102038.0,16.220163201602677,-11360098.810772914,11360131.251099318,22720230.061872233,True,11360115.030936116,0.1
10.629.105/0001-68,2025-06-30 03:00:00,2025,TARGET_DRE_3.11_ITR_T2,Lucro Líquido,ITRT2,GradientBoosting,5912d5814096,159,raw,2410883.0,4.790668876052218,-11360110.24026724,11360119.821604993,22720230.061872233,True,11360115.030936116,0.1
16.404.287/0001-55,2025-03-31 03:00:00,2025,TARGET_DRE_3.11_ITR_T2,Lucro Líquido,ITRT2,GradientBoosting,5912d5814096,159,raw,13321518.0,17.48318871460984,-11360097.547747402,11360132.514124831,22720230.061872233,False,11360115.030936116,0.1
16.404.287/0001-55,2025-06-30 03:00:00,2025,TARGET_DRE_3.11_ITR_T2,Lucro Líquido,ITRT2,GradientBoosting,5912d5814096,159,raw,4311991.0,18.334602274836232,-11360096.696333842,11360133.36553839,22720230.061872233,True,11360115.030936116,0.1
16.590.234/0001-76,2025-03-31 03:00:00,2025,TARGET_DRE_3.11_ITR_T2,Lucro Líquido,ITRT2,GradientBoosting,5912d5814096,159,raw,820432.0,14.107656306011691,-11360100.92327981,11360129.138592422,22720230.061872233,True,11360115.030936116,0.1
16.590.234/0001-76,2025-06-30 03:00:00,2025,TARGET_DRE_3.11_ITR_T2,Lucro Líquido,ITRT2,GradientBoosting,5912d5814096,159,raw,38596.0,13.185897381149974,-11360101.845038734,11360128.216833498,22720230.061872233,True,11360115.030936116,0.1
24.990.777/0001-09,2025-03-31 03:00:00,2025,TARGET_DRE_3.11_ITR_T2,Lucro Líquido,ITRT2,GradientBoosting,5912d5814096,159,raw,1514341.0,14.629213389743148,-11360100.401722727,11360129.660149505,22720230.061872233,True,11360115.030936116,0.1
24.990.777/0001-09,2025-06-30 03:00:00,2025,TARGET_DRE_3.11_ITR_T2,Lucro Líquido,ITRT2,GradientBoosting,5912d5814096,159,raw,190922.0,14.10643475037917,-11360100.924501365,11360129.137370868,22720230.061872233,True,11360115.030936116,0.1
33.000.167/0001-01,2025-03-31 03:00:00,2025,TARGET_DRE_3.11_ITR_T2,Lucro Líquido,ITRT2,GradientBoosting,5912d5814096,159,raw,94952000.0,16.366962764420073,-11360098.663973352,11360131.39789888,22720230.061872233,False,11360115.030936116,0.1
33.000.167/0001-01,2025-06-30 03:00:00,2025,TARGET_DRE_3.11_ITR_T2,Lucro Líquido,ITRT2,GradientBoosting,5912d5814096,159,raw,32761000.0,16.76794930136311,-11360098.262986815,11360131.798885418,22720230.061872233,False,11360115.030936116,0.1
33.042.730/0001-04,2025-03-31 03:00:00,2025,TARGET_DRE_3.11_ITR_T2,Lucro Líquido,ITRT2,GradientBoosting,5912d5814096,159,raw,-785511.0,-8.180816592866405,-11360123.211752709,11360106.850119524,22720230.061872233,True,11360115.030936116,0.1
33.042.730/0001-04,2025-06-30 03:00:00,2025,TARGET_DRE_3.11_ITR_T2,Lucro Líquido,ITRT2,GradientBoosting,5912d5814096,159,raw,-555023.0,-8.487639611808559,-11360123.518575728,11360106.543296505,22720230.061872233,True,11360115.030936116,0.1
33.256.439/0001-39,2025-03-31 03:00:00,2025,TARGET_DRE_3.11_ITR_T2,Lucro Líquido,ITRT2,GradientBoosting,5912d5814096,159,raw,2286121.0,15.439250573705113,-11360099.591685543,11360130.47018669,22720230.061872233,True,11360115.030936116,0.1
33.256.439/0001-39,2025-06-30 03:00:00,2025,TARGET_DRE_3.11_ITR_T2,Lucro Líquido,ITRT2,GradientBoosting,5912d5814096,159,raw,914158.0,14.327300875052003,-11360100.703635242,11360129.35823699,22720230.061872233,True,11360115.030936116,0.1
33.453.598/0001-23,2025-03-31 03:00:00,2025,TARGET_DRE_3.11_ITR_T2,Lucro Líquido,ITRT2,GradientBoosting,5912d5814096,159,raw,-4155956.0,-9.523078807732087,-11360124.554014925,11360105.507857308,22720230.061872233,True,11360115.030936116,0.1
33.453.598/0001-23,2025-06-30 03:00:00,2025,TARGET_DRE_3.11_ITR_T2,Lucro Líquido,ITRT2,GradientBoosting,5912d5814096,159,raw,-19801008.0,-12.404053460141219,-11360127.434989577,11360102.626882656,22720230.061872233,False,11360115.030936116,0.1
33.592.510/0001-54,2025-03-31 03:00:00,2025,TARGET_DRE_3.11_ITR_T2,Lucro Líquido,ITRT2,GradientBoosting,5912d5814096,159,raw,35031000.0,17.04462109946726,-11360097.986315018,11360132.075557215,22720230.061872233,False,11360115.030936116,0.1
33.592.510/0001-54,2025-06-30 03:00:00,2025,TARGET_DRE_3.11_ITR_T2,Lucro Líquido,ITRT2,GradientBoosting,5912d5814096,159,raw,10199000.0,12.682296477921081,-11360102.34863964,11360127.713232594,22720230.061872233,True,11360115.030936116,0.1
33.611.500/0001-19,2025-03-31 03:00:00,2025,TARGET_DRE_3.11_ITR_T2,Lucro Líquido,ITRT2,GradientBoosting,5912d5814096,159,raw,2712181.0,15.546359741529786,-11360099.484576374,11360130.577295858,22720230.061872233,True,11360115.030936116,0.1
33.611.500/0001-19,2025-06-30 03:00:00,2025,TARGET_DRE_3.11_ITR_T2,Lucro Líquido,ITRT2,GradientBoosting,5912d5814096,159,raw,1013355.0,13.592230203709418,-11360101.438705912,11360128.62316632,22720230.061872233,True,11360115.030936116,0.1
34.274.233/0001-02,2025-03-31 03:00:00,2025,TARGET_DRE_3.11_ITR_T2,Lucro Líquido,ITRT2,GradientBoosting,5912d5814096,159,raw,1300000.0,15.397160692230225,-11360099.633775424,11360130.428096808,22720230.061872233,True,11360115.030936116,0.1
34.274.233/0001-02,2025-06-30 03:00:00,2025,TARGET_DRE_3.11_ITR_T2,Lucro Líquido,ITRT2,GradientBoosting,5912d5814096,159,raw,1613000.0,13.705738461906058,-11360101.325197654,11360128.736674579,22720230.061872233,True,11360115.030936116,0.1
47.960.950/0001-21,2025-03-31 03:00:00,2025,TARGET_DRE_3.11_ITR_T2,Lucro Líquido,ITRT2,GradientBoosting,5912d5814096,159,raw,72997.0,6.827988263066725,-11360108.202947853,11360121.85892438,22720230.061872233,True,11360115.030936116,0.1
47.960.950/0001-21,2025-06-30 03:00:00,2025,TARGET_DRE_3.11_ITR_T2,Lucro Líquido,ITRT2,GradientBoosting,5912d5814096,159,raw,-55220.0,11.042126204224218,-11360103.988809912,11360126.073062321,22720230.061872233,True,11360115.030936116,0.1
53.113.791/0001-22,2025-03-31 03:00:00,2025,TARGET_DRE_3.11_ITR_T2,Lucro Líquido,ITRT2,GradientBoosting,5912d5814096,159,raw,647224.0,13.286357199222213,-11360101.744578917,11360128.317293316,22720230.061872233,True,11360115.030936116,0.1
53.113.791/0001-22,2025-06-30 03:00:00,2025,TARGET_DRE_3.11_ITR_T2,Lucro Líquido,ITRT2,GradientBoosting,5912d5814096,159,raw,232010.0,12.8442047423862,-11360102.186731374,11360127.875140859,22720230.061872233,True,11360115.030936116,0.1
61.079.117/0001-05,2025-03-31 03:00:00,2025,TARGET_DRE_3.11_ITR_T2,Lucro Líquido,ITRT2,GradientBoosting,5912d5814096,159,raw,370675.0,13.874641511635126,-11360101.156294605,11360128.905577628,22720230.061872233,True,11360115.030936116,0.1
61.079.117/0001-05,2025-06-30 03:00:00,2025,TARGET_DRE_3.11_ITR_T2,Lucro Líquido,ITRT2,GradientBoosting,5912d5814096,159,raw,162807.0,12.459057714519554,-11360102.571878402,11360127.489993831,22720230.061872233,True,11360115.030936116,0.1
81.243.735/0001-48,2025-03-31 03:00:00,2025,TARGET_DRE_3.11_ITR_T2,Lucro Líquido,ITRT2,GradientBoosting,5912d5814096,159,raw,-9259.0,3.3677205058772395,-11360111.663215611,11360118.398656622,22720230.061872233,True,11360115.030936116,0.1
81.243.735/0001-48,2025-06-30 03:00:00,2025,TARGET_DRE_3.11_ITR_T2,Lucro Líquido,ITRT2,GradientBoosting,5912d5814096,159,raw,-12305.0,1.2020393983012994,-11360113.828896718,11360116.232975515,22720230.061872233,True,11360115.030936116,0.1
82.901.000/0001-27,2025-03-31 03:00:00,2025,TARGET_DRE_3.11_ITR_T2,Lucro Líquido,ITRT2,GradientBoosting,5912d5814096,159,raw,345793.0,12.468097495099864,-11360102.562838621,11360127.499033611,22720230.061872233,True,11360115.030936116,0.1
82.901.000/0001-27,2025-06-30 03:00:00,2025,TARGET_DRE_3.11_ITR_T2,Lucro Líquido,ITRT2,GradientBoosting,5912d5814096,159,raw,153090.0,11.97928752508125,-11360103.05164859,11360127.010223642,22720230.061872233,True,11360115.030936116,0.1
84.429.695/0001-11,2025-03-31 03:00:00,2025,TARGET_DRE_3.11_ITR_T2,Lucro Líquido,ITRT2,GradientBoosting,5912d5814096,159,raw,5074596.0,14.941724195191277,-11360100.08921192,11360129.972660312,22720230.061872233,True,11360115.030936116,0.1
84.429.695/0001-11,2025-06-30 03:00:00,2025,TARGET_DRE_3.11_ITR_T2,Lucro Líquido,ITRT2,GradientBoosting,5912d5814096,159,raw,1579701.0,14.240816190151474,-11360100.790119926,11360129.271752307,22720230.061872233,True,11360115.030936116,0.1
89.637.490/0001-45,2025-03-31 03:00:00,2025,TARGET_DRE_3.11_ITR_T2,Lucro Líquido,ITRT2,GradientBoosting,5912d5814096,159,raw,1509712.0,13.343097031173926,-11360101.687839085,11360128.374033147,22720230.061872233,True,11360115.030936116,0.1
89.637.490/0001-45,2025-06-30 03:00:00,2025,TARGET_DRE_3.11_ITR_T2,Lucro Líquido,ITRT2,GradientBoosting,5912d5814096,159,raw,-496976.0,13.354264591195726,-11360101.676671525,11360128.385200707,22720230.061872233,True,11360115.030936116,0.1
92.754.738/0001-62,2025-03-31 03:00:00,2025,TARGET_DRE_3.11_ITR_T2,Lucro Líquido,ITRT2,GradientBoosting,5912d5814096,159,raw,904924.0,14.999419987074118,-11360100.03151613,11360130.030356104,22720230.061872233,True,11360115.030936116,0.1
92.754.738/0001-62,2025-06-30 03:00:00,2025,TARGET_DRE_3.11_ITR_T2,Lucro Líquido,ITRT2,GradientBoosting,5912d5814096,159,raw,257251.0,12.600988396198462,-11360102.42994772,11360127.631924512,22720230.061872233,True,11360115.030936116,0.1
02.429.144/0001-93,2025-03-31 03:00:00,2025,TARGET_DRE_3.11_ITR_T3,Lucro Líquido,ITRT3,GradientBoosting,b5414b7a2915,159,raw,1909455.0,14.85730757315401,-13861445.128836794,13861474.843451941,27722919.972288735,True,13861459.986144368,0.1
02.474.103/0001-19,2025-03-31 03:00:00,2025,TARGET_DRE_3.11_ITR_T3,Lucro Líquido,ITRT3,GradientBoosting,b5414b7a2915,159,raw,792058.0,12.49767185659342,-13861447.48847251,13861472.483816225,27722919.972288735,True,13861459.986144368,0.1
02.998.611/0001-04,2025-03-31 03:00:00,2025,TARGET_DRE_3.11_ITR_T3,Lucro Líquido,ITRT3,GradientBoosting,b5414b7a2915,159,raw,619149.0,13.887533780950642,-13861446.098610587,13861473.873678148,27722919.972288735,True,13861459.986144368,0.1
03.220.438/0001-73,2025-03-31 03:00:00,2025,TARGET_DRE_3.11_ITR_T3,Lucro Líquido,ITRT3,GradientBoosting,b5414b7a2915,159,raw,606756.0,13.563059658270767,-13861446.42308471,13861473.549204025,27722919.972288735,True,13861459.986144368,0.1
07.859.971/0001-30,2025-03-31 03:00:00,2025,TARGET_DRE_3.11_ITR_T3,Lucro Líquido,ITRT3,GradientBoosting,b5414b7a2915,159,raw,353646.0,12.800720218956453,-13861447.185424149,13861472.786864586,27722919.972288735,True,13861459.986144368,0.1
10.629.105/0001-68,2025-03-31 03:00:00,2025,TARGET_DRE_3.11_ITR_T3,Lucro Líquido,ITRT3,GradientBoosting,b5414b7a2915,159,raw,2410883.0,10.658798316153298,-13861449.327346051,13861470.644942684,27722919.972288735,True,13861459.986144368,0.1
16.404.287/0001-55,2025-03-31 03:00:00,2025,TARGET_DRE_3.11_ITR_T3,Lucro Líquido,ITRT3,GradientBoosting,b5414b7a2915,159,raw,4311991.0,13.235535208578442,-13861446.75060916,13861473.221679576,27722919.972288735,True,13861459.986144368,0.1
16.590.234/0001-76,2025-03-31 03:00:00,2025,TARGET_DRE_3.11_ITR_T3,Lucro Líquido,ITRT3,GradientBoosting,b5414b7a2915,159,raw,38596.0,13.0615383859552,-13861446.924605982,13861473.047682753,27722919.972288735,True,13861459.986144368,0.1
24.990.777/0001-09,2025-03-31 03:00:00,2025,TARGET_DRE_3.11_ITR_T3,Lucro Líquido,ITRT3,GradientBoosting,b5414b7a2915,159,raw,190922.0,13.996228871487382,-13861445.989915496,13861473.98237324,27722919.972288735,True,13861459.986144368,0.1
33.000.167/0001-01,2025-03-31 03:00:00,2025,TARGET_DRE_3.11_ITR_T3,Lucro Líquido,ITRT3,GradientBoosting,b5414b7a2915,159,raw,32761000.0,15.867633775301487,-13861444.118510593,13861475.853778142,27722919.972288735,False,13861459.986144368,0.1
33.042.730/0001-04,2025-03-31 03:00:00,2025,TARGET_DRE_3.11_ITR_T3,Lucro Líquido,ITRT3,GradientBoosting,b5414b7a2915,159,raw,-555023.0,-0.8627197597726873,-13861460.848864127,13861459.123424608,27722919.972288735,True,13861459.986144368,0.1
33.256.439/0001-39,2025-03-31 03:00:00,2025,TARGET_DRE_3.11_ITR_T3,Lucro Líquido,ITRT3,GradientBoosting,b5414b7a2915,159,raw,914158.0,14.010790604060805,-13861445.975353764,13861473.99693497,27722919.972288735,True,13861459.986144368,0.1
33.453.598/0001-23,2025-03-31 03:00:00,2025,TARGET_DRE_3.11_ITR_T3,Lucro Líquido,ITRT3,GradientBoosting,b5414b7a2915,159,raw,-19801008.0,-7.266281665298785,-13861467.252426032,13861452.719862703,27722919.972288735,False,13861459.986144368,0.1
33.592.510/0001-54,2025-03-31 03:00:00,2025,TARGET_DRE_3.11_ITR_T3,Lucro Líquido,ITRT3,GradientBoosting,b5414b7a2915,159,raw,10199000.0,12.111635094518872,-13861447.874509273,13861472.097779462,27722919.972288735,True,13861459.986144368,0.1
33.611.500/0001-19,2025-03-31 03:00:00,2025,TARGET_DRE_3.11_ITR_T3,Lucro Líquido,ITRT3,GradientBoosting,b5414b7a2915,159,raw,1013355.0,13.774917143581169,-13861446.211227223,13861473.761061512,27722919.972288735,True,13861459.986144368,0.1
34.274.233/0001-02,2025-03-31 03:00:00,2025,TARGET_DRE_3.11_ITR_T3,Lucro Líquido,ITRT3,GradientBoosting,b5414b7a2915,159,raw,1613000.0,13.714219455880249,-13861446.271924911,13861473.700363824,27722919.972288735,True,13861459.986144368,0.1
47.960.950/0001-21,2025-03-31 03:00:00,2025,TARGET_DRE_3.11_ITR_T3,Lucro Líquido,ITRT3,GradientBoosting,b5414b7a2915,159,raw,-55220.0,8.242888014232102,-13861451.743256353,13861468.229032382,27722919.972288735,True,13861459.986144368,0.1
53.113.791/0001-22,2025-03-31 03:00:00,2025,TARGET_DRE_3.11_ITR_T3,Lucro Líquido,ITRT3,GradientBoosting,b5414b7a2915,159,raw,232010.0,13.298246723629221,-13861446.687897643,13861473.284391092,27722919.972288735,True,13861459.986144368,0.1
61.079.117/0001-05,2025-03-31 03:00:00,2025,TARGET_DRE_3.11_ITR_T3,Lucro Líquido,ITRT3,GradientBoosting,b5414b7a2915,159,raw,162807.0,8.548644637367893,-13861451.43749973,13861468.534789005,27722919.972288735,True,13861459.986144368,0.1
81.243.735/0001-48,2025-03-31 03:00:00,2025,TARGET_DRE_3.11_ITR_T3,Lucro Líquido,ITRT3,GradientBoosting,b5414b7a2915,159,raw,-12305.0,2.775273388052941,-13861457.21087098,13861462.761417756,27722919.972288735,True,13861459.986144368,0.1
82.901.000/0001-27,2025-03-31 03:00:00,2025,TARGET_DRE_3.11_ITR_T3,Lucro Líquido,ITRT3,GradientBoosting,b5414b7a2915,159,raw,153090.0,7.5520522191203785,-13861452.43409215,13861467.538196586,27722919.972288735,True,13861459.986144368,0.1
84.429.695/0001-11,2025-03-31 03:00:00,2025,TARGET_DRE_3.11_ITR_T3,Lucro Líquido,ITRT3,GradientBoosting,b5414b7a2915,159,raw,1579701.0,11.868757754048854,-13861448.117386613,13861471.854902122,27722919.972288735,True,13861459.986144368,0.1
89.637.490/0001-45,2025-03-31 03:00:00,2025,TARGET_DRE_3.11_ITR_T3,Lucro Líquido,ITRT3,GradientBoosting,b5414b7a2915,159,raw,-496976.0,7.049854223464844,-13861452.936290145,13861467.03599859,27722919.972288735,True,13861459.986144368,0.1
92.754.738/0001-62,2025-03-31 03:00:00,2025,TARGET_DRE_3.11_ITR_T3,Lucro Líquido,ITRT3,GradientBoosting,b5414b7a2915,159,raw,257251.0,13.013255707363665,-13861446.97288866,13861472.999400076,27722919.972288735,True,13861459.986144368,0.1
02.429.144/0001-93,2025-03-31 03:00:00,2025,TARGET_DRE_3.11_DFP,Lucro Líquido,DFP,GradientBoosting,82f5911309d0,158,raw,5742553.0,15.853126668414951,-11946525.23645207,11946556.942705408,23893082.179157477,True,11946541.089578738,0.1
02.429.144/0001-93,2025-06-30 03:00:00,2025,TARGET_DRE_3.11_DFP,Lucro Líquido,DFP,GradientBoosting,82f5911309d0,158,raw,5742553.0,15.803750472177736,-11946525.285828266,11946556.89332921,23893082.179157477,True,11946541.089578738,0.1
02.429.144/0001-93,2025-09-30 03:00:00,2025,TARGET_DRE_3.11_DFP,Lucro Líquido,DFP,GradientBoosting,82f5911309d0,158,raw,5742553.0,15.290240722514005,-11946525.799338017,11946556.37981946,23893082.179157477,True,11946541.089578738,0.1
02.474.103/0001-19,2025-03-31 03:00:00,2025,TARGET_DRE_3.11_DFP,Lucro Líquido,DFP,GradientBoosting,82f5911309d0,158,raw,2857919.0,15.600794598219927,-11946525.48878414,11946556.690373337,23893082.179157477,True,11946541.089578738,0.1
02.474.103/0001-19,2025-06-30 03:00:00,2025,TARGET_DRE_3.11_DFP,Lucro Líquido,DFP,GradientBoosting,82f5911309d0,158,raw,2857919.0,15.359520055256292,-11946525.730058683,11946556.449098794,23893082.179157477,True,11946541.089578738,0.1
02.474.103/0001-19,2025-09-30 03:00:00,2025,TARGET_DRE_3.11_DFP,Lucro Líquido,DFP,GradientBoosting,82f5911309d0,158,raw,2857919.0,15.372972055856929,-11946525.716606682,11946556.462550795,23893082.179157477,True,11946541.089578738,0.1
02.998.611/0001-04,2025-03-31 03:00:00,2025,TARGET_DRE_3.11_DFP,Lucro Líquido,DFP,GradientBoosting,82f5911309d0,158,raw,2511015.0,15.539228623096427,-11946525.550350115,11946556.628807362,23893082.179157477,True,11946541.089578738,0.1
02.998.611/0001-04,2025-06-30 03:00:00,2025,TARGET_DRE_3.11_DFP,Lucro Líquido,DFP,GradientBoosting,82f5911309d0,158,raw,2511015.0,15.496101501129274,-11946525.593477238,11946556.585680239,23893082.179157477,True,11946541.089578738,0.1
02.998.611/0001-04,2025-09-30 03:00:00,2025,TARGET_DRE_3.11_DFP,Lucro Líquido,DFP,GradientBoosting,82f5911309d0,158,raw,2511015.0,15.253484271298722,-11946525.836094467,11946556.34306301,23893082.179157477,True,11946541.089578738,0.1
03.220.438/0001-73,2025-03-31 03:00:00,2025,TARGET_DRE_3.11_DFP,Lucro Líquido,DFP,GradientBoosting,82f5911309d0,158,raw,2503931.0,14.962349791174447,-11946526.127228947,11946556.05192853,23893082.179157477,True,11946541.089578738,0.1
03.220.438/0001-73,2025-06-30 03:00:00,2025,TARGET_DRE_3.11_DFP,Lucro Líquido,DFP,GradientBoosting,82f5911309d0,158,raw,2503931.0,15.396744874136798,-11946525.692833865,11946556.486323612,23893082.179157477,True,11946541.089578738,0.1
03.220.438/0001-73,2025-09-30 03:00:00,2025,TARGET_DRE_3.11_DFP,Lucro Líquido,DFP,GradientBoosting,82f5911309d0,158,raw,2503931.0,15.195746191589627,-11946525.893832548,11946556.28532493,23893082.179157477,True,11946541.089578738,0.1
07.859.971/0001-30,2025-03-31 03:00:00,2025,TARGET_DRE_3.11_DFP,Lucro Líquido,DFP,GradientBoosting,82f5911309d0,158,raw,1579863.0,15.177702578776369,-11946525.911876159,11946556.267281318,23893082.179157477,True,11946541.089578738,0.1
07.859.971/0001-30,2025-06-30 03:00:00,2025,TARGET_DRE_3.11_DFP,Lucro Líquido,DFP,GradientBoosting,82f5911309d0,158,raw,1579863.0,14.700442331540916,-11946526.389136408,11946555.79002107,23893082.179157477,True,11946541.089578738,0.1
07.859.971/0001-30,2025-09-30 03:00:00,2025,TARGET_DRE_3.11_DFP,Lucro Líquido,DFP,GradientBoosting,82f5911309d0,158,raw,1579863.0,14.885649661747747,-11946526.203929076,11946555.9752284,23893082.179157477,True,11946541.089578738,0.1
10.629.105/0001-68,2025-03-31 03:00:00,2025,TARGET_DRE_3.11_DFP,Lucro Líquido,DFP,GradientBoosting,82f5911309d0,158,raw,2251479.0,16.323891245440816,-11946524.765687494,11946557.413469983,23893082.179157477,True,11946541.089578738,0.1
10.629.105/0001-68,2025-06-30 03:00:00,2025,TARGET_DRE_3.11_DFP,Lucro Líquido,DFP,GradientBoosting,82f5911309d0,158,raw,2251479.0,16.26245233642956,-11946524.827126402,11946557.352031074,23893082.179157477,True,11946541.089578738,0.1
10.629.105/0001-68,2025-09-30 03:00:00,2025,TARGET_DRE_3.11_DFP,Lucro Líquido,DFP,GradientBoosting,82f5911309d0,158,raw,2251479.0,15.629961780532527,-11946525.459616957,11946556.71954052,23893082.179157477,True,11946541.089578738,0.1
16.404.287/0001-55,2025-03-31 03:00:00,2025,TARGET_DRE_3.11_DFP,Lucro Líquido,DFP,GradientBoosting,82f5911309d0,158,raw,13437687.0,14.386277397168703,-11946526.70330134,11946555.475856137,23893082.179157477,False,11946541.089578738,0.1
16.404.287/0001-55,2025-06-30 03:00:00,2025,TARGET_DRE_3.11_DFP,Lucro Líquido,DFP,GradientBoosting,82f5911309d0,158,raw,13437687.0,13.031637630683381,-11946528.057941107,11946554.12121637,23893082.179157477,False,11946541.089578738,0.1
16.404.287/0001-55,2025-09-30 03:00:00,2025,TARGET_DRE_3.11_DFP,Lucro Líquido,DFP,GradientBoosting,82f5911309d0,158,raw,13437687.0,11.270904144692867,-11946529.818674594,11946552.360482883,23893082.179157477,False,11946541.089578738,0.1
16.590.234/0001-76,2025-03-31 03:00:00,2025,TARGET_DRE_3.11_DFP,Lucro Líquido,DFP,GradientBoosting,82f5911309d0,158,raw,911249.0,7.741995331354826,-11946533.347583408,11946548.83157407,23893082.179157477,True,11946541.089578738,0.1
16.590.234/0001-76,2025-06-30 03:00:00,2025,TARGET_DRE_3.11_DFP,Lucro Líquido,DFP,GradientBoosting,82f5911309d0,158,raw,911249.0,13.66100792136153,-11946527.428570816,11946554.75058666,23893082.179157477,True,11946541.089578738,0.1
16.590.234/0001-76,2025-09-30 03:00:00,2025,TARGET_DRE_3.11_DFP,Lucro Líquido,DFP,GradientBoosting,82f5911309d0,158,raw,911249.0,14.025255338857235,-11946527.0643234,11946555.114834078,23893082.179157477,True,11946541.089578738,0.1
24.990.777/0001-09,2025-03-31 03:00:00,2025,TARGET_DRE_3.11_DFP,Lucro Líquido,DFP,GradientBoosting,82f5911309d0,158,raw,1857293.0,14.539540261635553,-11946526.550038477,11946555.629119,23893082.179157477,True,11946541.089578738,0.1
24.990.777/0001-09,2025-06-30 03:00:00,2025,TARGET_DRE_3.11_DFP,Lucro Líquido,DFP,GradientBoosting,82f5911309d0,158,raw,1857293.0,14.480632729019526,-11946526.608946009,11946555.570211468,23893082.179157477,True,11946541.089578738,0.1
24.990.777/0001-09,2025-09-30 03:00:00,2025,TARGET_DRE_3.11_DFP,Lucro Líquido,DFP,GradientBoosting,82f5911309d0,158,raw,1857293.0,14.4066018364837,-11946526.682976902,11946555.496180575,23893082.179157477,True,11946541.089578738,0.1
33.000.167/0001-01,2025-03-31 03:00:00,2025,TARGET_DRE_3.11_DFP,Lucro Líquido,DFP,GradientBoosting,82f5911309d0,158,raw,110605000.0,18.61813083025336,-11946522.471447907,11946559.70770957,23893082.179157477,False,11946541.089578738,0.1
33.000.167/0001-01,2025-06-30 03:00:00,2025,TARGET_DRE_3.11_DFP,Lucro Líquido,DFP,GradientBoosting,82f5911309d0,158,raw,110605000.0,18.537474106034775,-11946522.552104633,11946559.627052844,23893082.179157477,False,11946541.089578738,0.1
33.000.167/0001-01,2025-09-30 03:00:00,2025,TARGET_DRE_3.11_DFP,Lucro Líquido,DFP,GradientBoosting,82f5911309d0,158,raw,110605000.0,16.99405983845826,-11946524.0955189,11946558.083638577,23893082.179157477,False,11946541.089578738,0.1
33.042.730/0001-04,2025-03-31 03:00:00,2025,TARGET_DRE_3.11_DFP,Lucro Líquido,DFP,GradientBoosting,82f5911309d0,158,raw,-1506726.0,-4.541581360799766,-11946545.631160099,11946536.547997378,23893082.179157477,True,11946541.089578738,0.1
33.042.730/0001-04,2025-06-30 03:00:00,2025,TARGET_DRE_3.11_DFP,Lucro Líquido,DFP,GradientBoosting,82f5911309d0,158,raw,-1506726.0,-3.147553226734945,-11946544.237131964,11946537.942025512,23893082.179157477,True,11946541.089578738,0.1
33.042.730/0001-04,2025-09-30 03:00:00,2025,TARGET_DRE_3.11_DFP,Lucro Líquido,DFP,GradientBoosting,82f5911309d0,158,raw,-1506726.0,0.06010618524814556,-11946541.029472554,11946541.149684923,23893082.179157477,True,11946541.089578738,0.1
33.256.439/0001-39,2025-03-31 03:00:00,2025,TARGET_DRE_3.11_DFP,Lucro Líquido,DFP,GradientBoosting,82f5911309d0,158,raw,2541908.0,15.441583102046911,-11946525.647995636,11946556.531161841,23893082.179157477,True,11946541.089578738,0.1
33.256.439/0001-39,2025-06-30 03:00:00,2025,TARGET_DRE_3.11_DFP,Lucro Líquido,DFP,GradientBoosting,82f5911309d0,158,raw,2541908.0,15.48351785714222,-11946525.606060881,11946556.573096596,23893082.179157477,True,11946541.089578738,0.1
33.256.439/0001-39,2025-09-30 03:00:00,2025,TARGET_DRE_3.11_DFP,Lucro Líquido,DFP,GradientBoosting,82f5911309d0,158,raw,2541908.0,15.23013840846712,-11946525.85944033,11946556.319717146,23893082.179157477,True,11946541.089578738,0.1
33.592.510/0001-54,2025-03-31 03:00:00,2025,TARGET_DRE_3.11_DFP,Lucro Líquido,DFP,GradientBoosting,82f5911309d0,158,raw,11811000.0,17.75250643463137,-11946523.337072304,11946558.842085173,23893082.179157477,True,11946541.089578738,0.1
33.592.510/0001-54,2025-06-30 03:00:00,2025,TARGET_DRE_3.11_DFP,Lucro Líquido,DFP,GradientBoosting,82f5911309d0,158,raw,11811000.0,17.806143043714886,-11946523.283435695,11946558.895721782,23893082.179157477,True,11946541.089578738,0.1
33.592.510/0001-54,2025-09-30 03:00:00,2025,TARGET_DRE_3.11_DFP,Lucro Líquido,DFP,GradientBoosting,82f5911309d0,158,raw,11811000.0,16.510010481036506,-11946524.579568258,11946557.59958922,23893082.179157477,True,11946541.089578738,0.1
33.611.500/0001-19,2025-03-31 03:00:00,2025,TARGET_DRE_3.11_DFP,Lucro Líquido,DFP,GradientBoosting,82f5911309d0,158,raw,1418438.0,5.6181764182209095,-11946535.471402321,11946546.707755156,23893082.179157477,True,11946541.089578738,0.1
33.611.500/0001-19,2025-06-30 03:00:00,2025,TARGET_DRE_3.11_DFP,Lucro Líquido,DFP,GradientBoosting,82f5911309d0,158,raw,1418438.0,13.890805720928753,-11946527.198773017,11946554.98038446,23893082.179157477,True,11946541.089578738,0.1
33.611.500/0001-19,2025-09-30 03:00:00,2025,TARGET_DRE_3.11_DFP,Lucro Líquido,DFP,GradientBoosting,82f5911309d0,158,raw,1418438.0,13.8986618977812,-11946527.19091684,11946554.988240637,23893082.179157477,True,11946541.089578738,0.1
34.274.233/0001-02,2025-03-31 03:00:00,2025,TARGET_DRE_3.11_DFP,Lucro Líquido,DFP,GradientBoosting,82f5911309d0,158,raw,1979000.0,15.56999312381532,-11946525.519585615,11946556.659571862,23893082.179157477,True,11946541.089578738,0.1
34.274.233/0001-02,2025-06-30 03:00:00,2025,TARGET_DRE_3.11_DFP,Lucro Líquido,DFP,GradientBoosting,82f5911309d0,158,raw,1979000.0,15.208829098753606,-11946525.88074964,11946556.298407838,23893082.179157477,True,11946541.089578738,0.1
34.274.233/0001-02,2025-09-30 03:00:00,2025,TARGET_DRE_3.11_DFP,Lucro Líquido,DFP,GradientBoosting,82f5911309d0,158,raw,1979000.0,11.884844999154046,-11946529.204733739,11946552.974423738,23893082.179157477,True,11946541.089578738,0.1
47.960.950/0001-21,2025-03-31 03:00:00,2025,TARGET_DRE_3.11_DFP,Lucro Líquido,DFP,GradientBoosting,82f5911309d0,158,raw,204603.0,-3.376624370895758,-11946544.466203108,11946537.712954368,23893082.179157477,True,11946541.089578738,0.1
47.960.950/0001-21,2025-06-30 03:00:00,2025,TARGET_DRE_3.11_DFP,Lucro Líquido,DFP,GradientBoosting,82f5911309d0,158,raw,204603.0,-2.53332567258922,-11946543.62290441,11946538.556253066,23893082.179157477,True,11946541.089578738,0.1
47.960.950/0001-21,2025-09-30 03:00:00,2025,TARGET_DRE_3.11_DFP,Lucro Líquido,DFP,GradientBoosting,82f5911309d0,158,raw,204603.0,-0.8564159573495814,-11946541.945994696,11946540.233162781,23893082.179157477,True,11946541.089578738,0.1
53.113.791/0001-22,2025-03-31 03:00:00,2025,TARGET_DRE_3.11_DFP,Lucro Líquido,DFP,GradientBoosting,82f5911309d0,158,raw,920742.0,13.960460265325757,-11946527.129118472,11946555.050039005,23893082.179157477,True,11946541.089578738,0.1
53.113.791/0001-22,2025-06-30 03:00:00,2025,TARGET_DRE_3.11_DFP,Lucro Líquido,DFP,GradientBoosting,82f5911309d0,158,raw,920742.0,13.983481789696674,-11946527.10609695,11946555.073060527,23893082.179157477,True,11946541.089578738,0.1
53.113.791/0001-22,2025-09-30 03:00:00,2025,TARGET_DRE_3.11_DFP,Lucro Líquido,DFP,GradientBoosting,82f5911309d0,158,raw,920742.0,13.944037209752532,-11946527.145541528,11946555.033615949,23893082.179157477,True,11946541.089578738,0.1
61.079.117/0001-05,2025-03-31 03:00:00,2025,TARGET_DRE_3.11_DFP,Lucro Líquido,DFP,GradientBoosting,82f5911309d0,158,raw,567926.0,12.636466717516628,-11946528.453112021,11946553.726045456,23893082.179157477,True,11946541.089578738,0.1
61.079.117/0001-05,2025-06-30 03:00:00,2025,TARGET_DRE_3.11_DFP,Lucro Líquido,DFP,GradientBoosting,82f5911309d0,158,raw,567926.0,12.696578809973742,-11946528.392999928,11946553.786157548,23893082.179157477,True,11946541.089578738,0.1
61.079.117/0001-05,2025-09-30 03:00:00,2025,TARGET_DRE_3.11_DFP,Lucro Líquido,DFP,GradientBoosting,82f5911309d0,158,raw,567926.0,13.518634849873285,-11946527.570943888,11946554.608213589,23893082.179157477,True,11946541.089578738,0.1
81.243.735/0001-48,2025-03-31 03:00:00,2025,TARGET_DRE_3.11_DFP,Lucro Líquido,DFP,GradientBoosting,82f5911309d0,158,raw,12234.0,-5.5908460380371015,-11946546.680424776,11946535.498732701,23893082.179157477,True,11946541.089578738,0.1
81.243.735/0001-48,2025-06-30 03:00:00,2025,TARGET_DRE_3.11_DFP,Lucro Líquido,DFP,GradientBoosting,82f5911309d0,158,raw,12234.0,-2.719859051968133,-11946543.80943779,11946538.369719686,23893082.179157477,True,11946541.089578738,0.1
81.243.735/0001-48,2025-09-30 03:00:00,2025,TARGET_DRE_3.11_DFP,Lucro Líquido,DFP,GradientBoosting,82f5911309d0,158,raw,12234.0,0.45313434267313585,-11946540.636444395,11946541.542713081,23893082.179157477,True,11946541.089578738,0.1
82.901.000/0001-27,2025-03-31 03:00:00,2025,TARGET_DRE_3.11_DFP,Lucro Líquido,DFP,GradientBoosting,82f5911309d0,158,raw,483733.0,13.20633618356234,-11946527.883242555,11946554.295914922,23893082.179157477,True,11946541.089578738,0.1
82.901.000/0001-27,2025-06-30 03:00:00,2025,TARGET_DRE_3.11_DFP,Lucro Líquido,DFP,GradientBoosting,82f5911309d0,158,raw,483733.0,13.668954082519358,-11946527.420624657,11946554.75853282,23893082.179157477,True,11946541.089578738,0.1
82.901.000/0001-27,2025-09-30 03:00:00,2025,TARGET_DRE_3.11_DFP,Lucro Líquido,DFP,GradientBoosting,82f5911309d0,158,raw,483733.0,13.685951953125636,-11946527.403626785,11946554.775530692,23893082.179157477,True,11946541.089578738,0.1
84.429.695/0001-11,2025-03-31 03:00:00,2025,TARGET_DRE_3.11_DFP,Lucro Líquido,DFP,GradientBoosting,82f5911309d0,158,raw,6775958.0,13.319811289950298,-11946527.769767448,11946554.409390029,23893082.179157477,True,11946541.089578738,0.1
84.429.695/0001-11,2025-06-30 03:00:00,2025,TARGET_DRE_3.11_DFP,Lucro Líquido,DFP,GradientBoosting,82f5911309d0,158,raw,6775958.0,12.920998233334657,-11946528.168580506,11946554.01057697,23893082.179157477,True,11946541.089578738,0.1
84.429.695/0001-11,2025-09-30 03:00:00,2025,TARGET_DRE_3.11_DFP,Lucro Líquido,DFP,GradientBoosting,82f5911309d0,158,raw,6775958.0,15.272653893654022,-11946525.816924844,11946556.362232633,23893082.179157477,True,11946541.089578738,0.1
89.637.490/0001-45,2025-03-31 03:00:00,2025,TARGET_DRE_3.11_DFP,Lucro Líquido,DFP,GradientBoosting,82f5911309d0,158,raw,1678211.0,12.982783909199387,-11946528.106794829,11946554.072362648,23893082.179157477,True,11946541.089578738,0.1
89.637.490/0001-45,2025-06-30 03:00:00,2025,TARGET_DRE_3.11_DFP,Lucro Líquido,DFP,GradientBoosting,82f5911309d0,158,raw,1678211.0,10.576911191066484,-11946530.512667548,11946551.666489929,23893082.179157477,True,11946541.089578738,0.1
89.637.490/0001-45,2025-09-30 03:00:00,2025,TARGET_DRE_3.11_DFP,Lucro Líquido,DFP,GradientBoosting,82f5911309d0,158,raw,1678211.0,11.568111220764253,-11946529.521467518,11946552.657689959,23893082.179157477,True,11946541.089578738,0.1
92.754.738/0001-62,2025-03-31 03:00:00,2025,TARGET_DRE_3.11_DFP,Lucro Líquido,DFP,GradientBoosting,82f5911309d0,158,raw,1457566.0,14.745146459400964,-11946526.34443228,11946555.834725197,23893082.179157477,True,11946541.089578738,0.1
92.754.738/0001-62,2025-06-30 03:00:00,2025,TARGET_DRE_3.11_DFP,Lucro Líquido,DFP,GradientBoosting,82f5911309d0,158,raw,1457566.0,14.636123363740106,-11946526.453455376,11946555.725702101,23893082.179157477,True,11946541.089578738,0.1
92.754.738/0001-62,2025-09-30 03:00:00,2025,TARGET_DRE_3.11_DFP,Lucro Líquido,DFP,GradientBoosting,82f5911309d0,158,raw,1457566.0,14.566992371162899,-11946526.522586368,11946555.656571109,23893082.179157477,True,11946541.089578738,0.1
02.429.144/0001-93,2025-03-31 03:00:00,2025,TARGET_EBITDA_ITR_T1,EBITDA,ITRT1,GradientBoosting,1993339a2ce5,153,raw,19113338.0,16.766802155463893,-45287569.58346345,45287603.11706776,90575172.70053121,True,45287586.35026561,0.1
02.429.144/0001-93,2025-06-30 03:00:00,2025,TARGET_EBITDA_ITR_T1,EBITDA,ITRT1,GradientBoosting,1993339a2ce5,153,raw,28809370.0,17.149179195523423,-45287569.20108641,45287603.499444805,90575172.70053121,True,45287586.35026561,0.1
02.429.144/0001-93,2025-09-30 03:00:00,2025,TARGET_EBITDA_ITR_T1,EBITDA,ITRT1,GradientBoosting,1993339a2ce5,153,raw,10919512.0,15.285886038751938,-45287571.064379565,45287601.63615165,90575172.70053121,True,45287586.35026561,0.1
02.429.144/0001-93,2025-12-31 03:00:00,2025,TARGET_EBITDA_ITR_T1,EBITDA,ITRT1,GradientBoosting,1993339a2ce5,153,raw,10919512.0,14.93666074034498,-45287571.41360487,45287601.286926344,90575172.70053121,True,45287586.35026561,0.1
02.474.103/0001-19,2025-03-31 03:00:00,2025,TARGET_EBITDA_ITR_T1,EBITDA,ITRT1,GradientBoosting,1993339a2ce5,153,raw,11787605.0,16.320622294548198,-45287570.02964331,45287602.6708879,90575172.70053121,True,45287586.35026561,0.1
02.474.103/0001-19,2025-06-30 03:00:00,2025,TARGET_EBITDA_ITR_T1,EBITDA,ITRT1,GradientBoosting,1993339a2ce5,153,raw,17459387.0,16.747447454634848,-45287569.602818154,45287603.09771306,90575172.70053121,True,45287586.35026561,0.1
02.474.103/0001-19,2025-09-30 03:00:00,2025,TARGET_EBITDA_ITR_T1,EBITDA,ITRT1,GradientBoosting,1993339a2ce5,153,raw,6680185.0,15.069708623456535,-45287571.280556984,45287601.41997423,90575172.70053121,True,45287586.35026561,0.1
02.474.103/0001-19,2025-12-31 03:00:00,2025,TARGET_EBITDA_ITR_T1,EBITDA,ITRT1,GradientBoosting,1993339a2ce5,153,raw,6680185.0,14.82384473438481,-45287571.52642088,45287601.17411034,90575172.70053121,True,45287586.35026561,0.1
02.998.611/0001-04,2025-03-31 03:00:00,2025,TARGET_EBITDA_ITR_T1,EBITDA,ITRT1,GradientBoosting,1993339a2ce5,153,raw,11569281.0,16.19930982442108,-45287570.15095578,45287602.54957543,90575172.70053121,True,45287586.35026561,0.1
02.998.611/0001-04,2025-06-30 03:00:00,2025,TARGET_EBITDA_ITR_T1,EBITDA,ITRT1,GradientBoosting,1993339a2ce5,153,raw,18807604.0,16.58320599737981,-45287569.76705961,45287602.933471605,90575172.70053121,True,45287586.35026561,0.1
02.998.611/0001-04,2025-09-30 03:00:00,2025,TARGET_EBITDA_ITR_T1,EBITDA,ITRT1,GradientBoosting,1993339a2ce5,153,raw,7219683.0,15.024944243492463,-45287571.32532136,45287601.37520985,90575172.70053121,True,45287586.35026561,0.1
02.998.611/0001-04,2025-12-31 03:00:00,2025,TARGET_EBITDA_ITR_T1,EBITDA,ITRT1,GradientBoosting,1993339a2ce5,153,raw,7219683.0,14.750689572021544,-45287571.59957603,45287601.10095518,90575172.70053121,True,45287586.35026561,0.1
03.220.438/0001-73,2025-03-31 03:00:00,2025,TARGET_EBITDA_ITR_T1,EBITDA,ITRT1,GradientBoosting,1993339a2ce5,153,raw,21357990.0,16.72691634408062,-45287569.623349264,45287603.07718195,90575172.70053121,True,45287586.35026561,0.1
03.220.438/0001-73,2025-06-30 03:00:00,2025,TARGET_EBITDA_ITR_T1,EBITDA,ITRT1,GradientBoosting,1993339a2ce5,153,raw,32003858.0,17.12803743001865,-45287569.22222818,45287603.47830304,90575172.70053121,True,45287586.35026561,0.1
03.220.438/0001-73,2025-09-30 03:00:00,2025,TARGET_EBITDA_ITR_T1,EBITDA,ITRT1,GradientBoosting,1993339a2ce5,153,raw,10188882.0,15.400983649526731,-45287570.94928196,45287601.751249254,90575172.70053121,True,45287586.35026561,0.1
03.220.438/0001-73,2025-12-31 03:00:00,2025,TARGET_EBITDA_ITR_T1,EBITDA,ITRT1,GradientBoosting,1993339a2ce5,153,raw,10188882.0,14.998940944993786,-45287571.35132466,45287601.34920655,90575172.70053121,True,45287586.35026561,0.1
07.859.971/0001-30,2025-03-31 03:00:00,2025,TARGET_EBITDA_ITR_T1,EBITDA,ITRT1,GradientBoosting,1993339a2ce5,153,raw,6464329.0,15.637163695792639,-45287570.71310191,45287601.987429306,90575172.70053121,True,45287586.35026561,0.1
07.859.971/0001-30,2025-06-30 03:00:00,2025,TARGET_EBITDA_ITR_T1,EBITDA,ITRT1,GradientBoosting,1993339a2ce5,153,raw,9393397.0,16.030237886213094,-45287570.320027724,45287602.38050349,90575172.70053121,True,45287586.35026561,0.1
07.859.971/0001-30,2025-09-30 03:00:00,2025,TARGET_EBITDA_ITR_T1,EBITDA,ITRT1,GradientBoosting,1993339a2ce5,153,raw,2969276.0,14.728783333543635,-45287571.621482275,45287601.07904894,90575172.70053121,True,45287586.35026561,0.1
07.859.971/0001-30,2025-12-31 03:00:00,2025,TARGET_EBITDA_ITR_T1,EBITDA,ITRT1,GradientBoosting,1993339a2ce5,153,raw,2969276.0,14.305934519668849,-45287572.04433109,45287600.656200126,90575172.70053121,True,45287586.35026561,0.1
10.629.105/0001-68,2025-03-31 03:00:00,2025,TARGET_EBITDA_ITR_T1,EBITDA,ITRT1,GradientBoosting,1993339a2ce5,153,raw,21960331.0,16.655575607374963,-45287569.69469,45287603.00584122,90575172.70053121,True,45287586.35026561,0.1
10.629.105/0001-68,2025-06-30 03:00:00,2025,TARGET_EBITDA_ITR_T1,EBITDA,ITRT1,GradientBoosting,1993339a2ce5,153,raw,25947096.0,17.097757561700597,-45287569.252508044,45287603.44802317,90575172.70053121,True,45287586.35026561,0.1
10.629.105/0001-68,2025-09-30 03:00:00,2025,TARGET_EBITDA_ITR_T1,EBITDA,ITRT1,GradientBoosting,1993339a2ce5,153,raw,12524168.0,15.273544825712225,-45287571.07672078,45287601.62381043,90575172.70053121,True,45287586.35026561,0.1
10.629.105/0001-68,2025-12-31 03:00:00,2025,TARGET_EBITDA_ITR_T1,EBITDA,ITRT1,GradientBoosting,1993339a2ce5,153,raw,12524168.0,14.871283252309215,-45287571.47898235,45287601.22154886,90575172.70053121,True,45287586.35026561,0.1
16.404.287/0001-55,2025-03-31 03:00:00,2025,TARGET_EBITDA_ITR_T1,EBITDA,ITRT1,GradientBoosting,1993339a2ce5,153,raw,45287604.0,17.625035471495757,-45287568.725230135,45287603.97530108,90575172.70053121,False,45287586.35026561,0.1
16.404.287/0001-55,2025-06-30 03:00:00,2025,TARGET_EBITDA_ITR_T1,EBITDA,ITRT1,GradientBoosting,1993339a2ce5,153,raw,45287604.0,17.607777548106174,-45287568.74248806,45287603.95804316,90575172.70053121,False,45287586.35026561,0.1
16.404.287/0001-55,2025-09-30 03:00:00,2025,TARGET_EBITDA_ITR_T1,EBITDA,ITRT1,GradientBoosting,1993339a2ce5,153,raw,23982646.0,15.566192459365265,-45287570.784073144,45287601.91645807,90575172.70053121,True,45287586.35026561,0.1
16.404.287/0001-55,2025-12-31 03:00:00,2025,TARGET_EBITDA_ITR_T1,EBITDA,ITRT1,GradientBoosting,1993339a2ce5,153,raw,23982646.0,15.284456529096179,-45287571.06580908,45287601.634722136,90575172.70053121,True,45287586.35026561,0.1
16.590.234/0001-76,2025-03-31 03:00:00,2025,TARGET_EBITDA_ITR_T1,EBITDA,ITRT1,GradientBoosting,1993339a2ce5,153,raw,3075439.0,14.482944893548177,-45287571.86732072,45287600.8332105,90575172.70053121,True,45287586.35026561,0.1
16.590.234/0001-76,2025-06-30 03:00:00,2025,TARGET_EBITDA_ITR_T1,EBITDA,ITRT1,GradientBoosting,1993339a2ce5,153,raw,4151207.0,15.17558578104636,-45287571.17467982,45287601.52585139,90575172.70053121,True,45287586.35026561,0.1
16.590.234/0001-76,2025-09-30 03:00:00,2025,TARGET_EBITDA_ITR_T1,EBITDA,ITRT1,GradientBoosting,1993339a2ce5,153,raw,797843.0,14.551361200092025,-45287571.798904404,45287600.90162681,90575172.70053121,True,45287586.35026561,0.1
16.590.234/0001-76,2025-12-31 03:00:00,2025,TARGET_EBITDA_ITR_T1,EBITDA,ITRT1,GradientBoosting,1993339a2ce5,153,raw,797843.0,13.869315208912798,-45287572.4809504,45287600.219580814,90575172.70053121,True,45287586.35026561,0.1
24.990.777/0001-09,2025-03-31 03:00:00,2025,TARGET_EBITDA_ITR_T1,EBITDA,ITRT1,GradientBoosting,1993339a2ce5,153,raw,4114464.0,15.170967800704828,-45287571.179297805,45287601.52123341,90575172.70053121,True,45287586.35026561,0.1
24.990.777/0001-09,2025-06-30 03:00:00,2025,TARGET_EBITDA_ITR_T1,EBITDA,ITRT1,GradientBoosting,1993339a2ce5,153,raw,6153917.0,15.580795534878746,-45287570.76947007,45287601.93106114,90575172.70053121,True,45287586.35026561,0.1
24.990.777/0001-09,2025-09-30 03:00:00,2025,TARGET_EBITDA_ITR_T1,EBITDA,ITRT1,GradientBoosting,1993339a2ce5,153,raw,1553666.0,14.784388613712668,-45287571.56587699,45287601.134654224,90575172.70053121,True,45287586.35026561,0.1
24.990.777/0001-09,2025-12-31 03:00:00,2025,TARGET_EBITDA_ITR_T1,EBITDA,ITRT1,GradientBoosting,1993339a2ce5,153,raw,1553666.0,14.18957634620531,-45287572.160689265,45287600.53984195,90575172.70053121,True,45287586.35026561,0.1
33.000.167/0001-01,2025-03-31 03:00:00,2025,TARGET_EBITDA_ITR_T1,EBITDA,ITRT1,GradientBoosting,1993339a2ce5,153,raw,45287604.0,17.6624253073952,-45287568.6878403,45287604.01269092,90575172.70053121,True,45287586.35026561,0.1
33.000.167/0001-01,2025-06-30 03:00:00,2025,TARGET_EBITDA_ITR_T1,EBITDA,ITRT1,GradientBoosting,1993339a2ce5,153,raw,45287604.0,17.65444708472074,-45287568.69581852,45287604.00471269,90575172.70053121,True,45287586.35026561,0.1
33.000.167/0001-01,2025-09-30 03:00:00,2025,TARGET_EBITDA_ITR_T1,EBITDA,ITRT1,GradientBoosting,1993339a2ce5,153,raw,45287604.0,15.910446115394004,-45287570.43981949,45287602.26071172,90575172.70053121,False,45287586.35026561,0.1
33.000.167/0001-01,2025-12-31 03:00:00,2025,TARGET_EBITDA_ITR_T1,EBITDA,ITRT1,GradientBoosting,1993339a2ce5,153,raw,45287604.0,15.80164229224762,-45287570.548623316,45287602.1519079,90575172.70053121,False,45287586.35026561,0.1
33.042.730/0001-04,2025-03-31 03:00:00,2025,TARGET_EBITDA_ITR_T1,EBITDA,ITRT1,GradientBoosting,1993339a2ce5,153,raw,11411709.0,16.369897674597635,-45287569.980367936,45287602.72016328,90575172.70053121,True,45287586.35026561,0.1
33.042.730/0001-04,2025-06-30 03:00:00,2025,TARGET_EBITDA_ITR_T1,EBITDA,ITRT1,GradientBoosting,1993339a2ce5,153,raw,17417504.0,16.688563530989526,-45287569.661702074,45287603.03882914,90575172.70053121,True,45287586.35026561,0.1
33.042.730/0001-04,2025-09-30 03:00:00,2025,TARGET_EBITDA_ITR_T1,EBITDA,ITRT1,GradientBoosting,1993339a2ce5,153,raw,4934320.0,14.982780663847114,-45287571.36748494,45287601.33304627,90575172.70053121,True,45287586.35026561,0.1
33.042.730/0001-04,2025-12-31 03:00:00,2025,TARGET_EBITDA_ITR_T1,EBITDA,ITRT1,GradientBoosting,1993339a2ce5,153,raw,4934320.0,14.904582069550937,-45287571.44568354,45287601.254847676,90575172.70053121,True,45287586.35026561,0.1
33.256.439/0001-39,2025-03-31 03:00:00,2025,TARGET_EBITDA_ITR_T1,EBITDA,ITRT1,GradientBoosting,1993339a2ce5,153,raw,9641559.0,15.98587446163518,-45287570.36439115,45287602.33614007,90575172.70053121,True,45287586.35026561,0.1
33.256.439/0001-39,2025-06-30 03:00:00,2025,TARGET_EBITDA_ITR_T1,EBITDA,ITRT1,GradientBoosting,1993339a2ce5,153,raw,15338614.0,16.336919350811737,-45287570.013346255,45287602.68718496,90575172.70053121,True,45287586.35026561,0.1
33.256.439/0001-39,2025-09-30 03:00:00,2025,TARGET_EBITDA_ITR_T1,EBITDA,ITRT1,GradientBoosting,1993339a2ce5,153,raw,7400033.0,14.851526195598176,-45287571.498739414,45287601.2017918,90575172.70053121,True,45287586.35026561,0.1
33.256.439/0001-39,2025-12-31 03:00:00,2025,TARGET_EBITDA_ITR_T1,EBITDA,ITRT1,GradientBoosting,1993339a2ce5,153,raw,7400033.0,14.731110345041676,-45287571.619155265,45287601.08137595,90575172.70053121,True,45287586.35026561,0.1
33.453.598/0001-23,2025-03-31 03:00:00,2025,TARGET_EBITDA_ITR_T1,EBITDA,ITRT1,GradientBoosting,1993339a2ce5,153,raw,11095951.0,16.64119360968565,-45287569.709071994,45287602.99145922,90575172.70053121,True,45287586.35026561,0.1
33.453.598/0001-23,2025-06-30 03:00:00,2025,TARGET_EBITDA_ITR_T1,EBITDA,ITRT1,GradientBoosting,1993339a2ce5,153,raw,25483194.0,16.776293876513794,-45287569.57397173,45287603.12655948,90575172.70053121,True,45287586.35026561,0.1
33.453.598/0001-23,2025-09-30 03:00:00,2025,TARGET_EBITDA_ITR_T1,EBITDA,ITRT1,GradientBoosting,1993339a2ce5,153,raw,44167538.0,15.57297055103978,-45287570.77729505,45287601.92323616,90575172.70053121,True,45287586.35026561,0.1
33.592.510/0001-54,2025-03-31 03:00:00,2025,TARGET_EBITDA_ITR_T1,EBITDA,ITRT1,GradientBoosting,1993339a2ce5,153,raw,45287604.0,17.5306961010833,-45287568.819569506,45287603.88096171,90575172.70053121,False,45287586.35026561,0.1
33.592.510/0001-54,2025-06-30 03:00:00,2025,TARGET_EBITDA_ITR_T1,EBITDA,ITRT1,GradientBoosting,1993339a2ce5,153,raw,45287604.0,17.6487968147847,-45287568.701468796,45287603.99906242,90575172.70053121,False,45287586.35026561,0.1
33.592.510/0001-54,2025-09-30 03:00:00,2025,TARGET_EBITDA_ITR_T1,EBITDA,ITRT1,GradientBoosting,1993339a2ce5,153,raw,45287604.0,15.638842837925965,-45287570.71142277,45287601.98910844,90575172.70053121,False,45287586.35026561,0.1
33.592.510/0001-54,2025-12-31 03:00:00,2025,TARGET_EBITDA_ITR_T1,EBITDA,ITRT1,GradientBoosting,1993339a2ce5,153,raw,45287604.0,15.466607870606902,-45287570.88365774,45287601.816873476,90575172.70053121,False,45287586.35026561,0.1
33.611.500/0001-19,2025-03-31 03:00:00,2025,TARGET_EBITDA_ITR_T1,EBITDA,ITRT1,GradientBoosting,1993339a2ce5,153,raw,12816143.0,16.357975089510873,-45287569.99229052,45287602.708240695,90575172.70053121,True,45287586.35026561,0.1
33.611.500/0001-19,2025-06-30 03:00:00,2025,TARGET_EBITDA_ITR_T1,EBITDA,ITRT1,GradientBoosting,1993339a2ce5,153,raw,20275480.0,16.81520483706619,-45287569.53506077,45287603.16547044,90575172.70053121,True,45287586.35026561,0.1
33.611.500/0001-19,2025-09-30 03:00:00,2025,TARGET_EBITDA_ITR_T1,EBITDA,ITRT1,GradientBoosting,1993339a2ce5,153,raw,7729427.0,15.00585905340508,-45287571.34440655,45287601.35612466,90575172.70053121,True,45287586.35026561,0.1
33.611.500/0001-19,2025-12-31 03:00:00,2025,TARGET_EBITDA_ITR_T1,EBITDA,ITRT1,GradientBoosting,1993339a2ce5,153,raw,7729427.0,14.884288636876004,-45287571.46597697,45287601.234554246,90575172.70053121,True,45287586.35026561,0.1
34.274.233/0001-02,2025-03-31 03:00:00,2025,TARGET_EBITDA_ITR_T1,EBITDA,ITRT1,GradientBoosting,1993339a2ce5,153,raw,12153000.0,16.313363372648915,-45287570.036902234,45287602.66362898,90575172.70053121,True,45287586.35026561,0.1
34.274.233/0001-02,2025-06-30 03:00:00,2025,TARGET_EBITDA_ITR_T1,EBITDA,ITRT1,GradientBoosting,1993339a2ce5,153,raw,17656000.0,16.58388426960618,-45287569.76638134,45287602.934149876,90575172.70053121,True,45287586.35026561,0.1
34.274.233/0001-02,2025-09-30 03:00:00,2025,TARGET_EBITDA_ITR_T1,EBITDA,ITRT1,GradientBoosting,1993339a2ce5,153,raw,9635000.0,14.963815808841707,-45287571.3864498,45287601.314081416,90575172.70053121,True,45287586.35026561,0.1
34.274.233/0001-02,2025-12-31 03:00:00,2025,TARGET_EBITDA_ITR_T1,EBITDA,ITRT1,GradientBoosting,1993339a2ce5,153,raw,9635000.0,14.802456910788946,-45287571.5478087,45287601.152722515,90575172.70053121,True,45287586.35026561,0.1
47.960.950/0001-21,2025-03-31 03:00:00,2025,TARGET_EBITDA_ITR_T1,EBITDA,ITRT1,GradientBoosting,1993339a2ce5,153,raw,4180179.0,15.153531284456838,-45287571.196734324,45287601.50379689,90575172.70053121,True,45287586.35026561,0.1
47.960.950/0001-21,2025-06-30 03:00:00,2025,TARGET_EBITDA_ITR_T1,EBITDA,ITRT1,GradientBoosting,1993339a2ce5,153,raw,6296055.0,15.519257748789187,-45287570.83100786,45287601.869523354,90575172.70053121,True,45287586.35026561,0.1
47.960.950/0001-21,2025-09-30 03:00:00,2025,TARGET_EBITDA_ITR_T1,EBITDA,ITRT1,GradientBoosting,1993339a2ce5,153,raw,2166442.0,14.854113809185497,-45287571.4961518,45287601.20437942,90575172.70053121,True,45287586.35026561,0.1
47.960.950/0001-21,2025-12-31 03:00:00,2025,TARGET_EBITDA_ITR_T1,EBITDA,ITRT1,GradientBoosting,1993339a2ce5,153,raw,2166442.0,14.384249465787306,-45287571.96601614,45287600.73451507,90575172.70053121,True,45287586.35026561,0.1
53.113.791/0001-22,2025-03-31 03:00:00,2025,TARGET_EBITDA_ITR_T1,EBITDA,ITRT1,GradientBoosting,1993339a2ce5,153,raw,2355196.0,14.532471382052627,-45287571.817794226,45287600.88273699,90575172.70053121,True,45287586.35026561,0.1
53.113.791/0001-22,2025-06-30 03:00:00,2025,TARGET_EBITDA_ITR_T1,EBITDA,ITRT1,GradientBoosting,1993339a2ce5,153,raw,3743829.0,15.20549628250036,-45287571.144769326,45287601.55576189,90575172.70053121,True,45287586.35026561,0.1
53.113.791/0001-22,2025-09-30 03:00:00,2025,TARGET_EBITDA_ITR_T1,EBITDA,ITRT1,GradientBoosting,1993339a2ce5,153,raw,1540159.0,14.475082485036152,-45287571.87518312,45287600.825348094,90575172.70053121,True,45287586.35026561,0.1
53.113.791/0001-22,2025-12-31 03:00:00,2025,TARGET_EBITDA_ITR_T1,EBITDA,ITRT1,GradientBoosting,1993339a2ce5,153,raw,1540159.0,13.950054922015742,-45287572.400210686,45287600.30032053,90575172.70053121,True,45287586.35026561,0.1
61.079.117/0001-05,2025-03-31 03:00:00,2025,TARGET_EBITDA_ITR_T1,EBITDA,ITRT1,GradientBoosting,1993339a2ce5,153,raw,1182569.0,13.931095029583094,-45287572.41917058,45287600.28136063,90575172.70053121,True,45287586.35026561,0.1
61.079.117/0001-05,2025-06-30 03:00:00,2025,TARGET_EBITDA_ITR_T1,EBITDA,ITRT1,GradientBoosting,1993339a2ce5,153,raw,1992974.0,14.523618708452329,-45287571.8266469,45287600.87388431,90575172.70053121,True,45287586.35026561,0.1
61.079.117/0001-05,2025-09-30 03:00:00,2025,TARGET_EBITDA_ITR_T1,EBITDA,ITRT1,GradientBoosting,1993339a2ce5,153,raw,903442.0,13.919144183176442,-45287572.431121424,45287600.26940979,90575172.70053121,True,45287586.35026561,0.1
61.079.117/0001-05,2025-12-31 03:00:00,2025,TARGET_EBITDA_ITR_T1,EBITDA,ITRT1,GradientBoosting,1993339a2ce5,153,raw,903442.0,13.777888286051828,-45287572.572377324,45287600.12815389,90575172.70053121,True,45287586.35026561,0.1
81.243.735/0001-48,2025-03-31 03:00:00,2025,TARGET_EBITDA_ITR_T1,EBITDA,ITRT1,GradientBoosting,1993339a2ce5,153,raw,383836.0,12.997672650235524,-45287573.35259296,45287599.347938254,90575172.70053121,True,45287586.35026561,0.1
81.243.735/0001-48,2025-06-30 03:00:00,2025,TARGET_EBITDA_ITR_T1,EBITDA,ITRT1,GradientBoosting,1993339a2ce5,153,raw,586797.0,13.236302645145068,-45287573.11396296,45287599.58656825,90575172.70053121,True,45287586.35026561,0.1
81.243.735/0001-48,2025-09-30 03:00:00,2025,TARGET_EBITDA_ITR_T1,EBITDA,ITRT1,GradientBoosting,1993339a2ce5,153,raw,224888.0,13.126794884419757,-45287573.223470725,45287599.47706049,90575172.70053121,True,45287586.35026561,0.1
81.243.735/0001-48,2025-12-31 03:00:00,2025,TARGET_EBITDA_ITR_T1,EBITDA,ITRT1,GradientBoosting,1993339a2ce5,153,raw,224888.0,12.775293906623698,-45287573.5749717,45287599.125559516,90575172.70053121,True,45287586.35026561,0.1
82.901.000/0001-27,2025-03-31 03:00:00,2025,TARGET_EBITDA_ITR_T1,EBITDA,ITRT1,GradientBoosting,1993339a2ce5,153,raw,874076.0,13.740394002121795,-45287572.6098716,45287600.09065961,90575172.70053121,True,45287586.35026561,0.1
82.901.000/0001-27,2025-06-30 03:00:00,2025,TARGET_EBITDA_ITR_T1,EBITDA,ITRT1,GradientBoosting,1993339a2ce5,153,raw,1379994.0,14.162542725037827,-45287572.187722884,45287600.51280833,90575172.70053121,True,45287586.35026561,0.1
82.901.000/0001-27,2025-09-30 03:00:00,2025,TARGET_EBITDA_ITR_T1,EBITDA,ITRT1,GradientBoosting,1993339a2ce5,153,raw,579090.0,13.845338805625858,-45287572.5049268,45287600.195604414,90575172.70053121,True,45287586.35026561,0.1
82.901.000/0001-27,2025-12-31 03:00:00,2025,TARGET_EBITDA_ITR_T1,EBITDA,ITRT1,GradientBoosting,1993339a2ce5,153,raw,579090.0,13.150884359054151,-45287573.19938125,45287599.50114997,90575172.70053121,True,45287586.35026561,0.1
84.429.695/0001-11,2025-03-31 03:00:00,2025,TARGET_EBITDA_ITR_T1,EBITDA,ITRT1,GradientBoosting,1993339a2ce5,153,raw,7395795.0,15.861149791607364,-45287570.48911582,45287602.211415395,90575172.70053121,True,45287586.35026561,0.1
84.429.695/0001-11,2025-06-30 03:00:00,2025,TARGET_EBITDA_ITR_T1,EBITDA,ITRT1,GradientBoosting,1993339a2ce5,153,raw,7395795.0,15.894952660654427,-45287570.455312945,45287602.24521827,90575172.70053121,True,45287586.35026561,0.1
84.429.695/0001-11,2025-09-30 03:00:00,2025,TARGET_EBITDA_ITR_T1,EBITDA,ITRT1,GradientBoosting,1993339a2ce5,153,raw,6718710.0,15.137654060519091,-45287571.21261155,45287601.487919666,90575172.70053121,True,45287586.35026561,0.1
84.429.695/0001-11,2025-12-31 03:00:00,2025,TARGET_EBITDA_ITR_T1,EBITDA,ITRT1,GradientBoosting,1993339a2ce5,153,raw,6718710.0,15.008539056898146,-45287571.34172655,45287601.358804666,90575172.70053121,True,45287586.35026561,0.1
89.637.490/0001-45,2025-03-31 03:00:00,2025,TARGET_EBITDA_ITR_T1,EBITDA,ITRT1,GradientBoosting,1993339a2ce5,153,raw,13552644.0,16.316220579679936,-45287570.034045026,45287602.66648619,90575172.70053121,True,45287586.35026561,0.1
89.637.490/0001-45,2025-06-30 03:00:00,2025,TARGET_EBITDA_ITR_T1,EBITDA,ITRT1,GradientBoosting,1993339a2ce5,153,raw,20445911.0,16.767758687203703,-45287569.58250692,45287603.1180243,90575172.70053121,True,45287586.35026561,0.1
89.637.490/0001-45,2025-09-30 03:00:00,2025,TARGET_EBITDA_ITR_T1,EBITDA,ITRT1,GradientBoosting,1993339a2ce5,153,raw,5039959.0,15.060509802488214,-45287571.28975581,45287601.41077541,90575172.70053121,True,45287586.35026561,0.1
89.637.490/0001-45,2025-12-31 03:00:00,2025,TARGET_EBITDA_ITR_T1,EBITDA,ITRT1,GradientBoosting,1993339a2ce5,153,raw,5039959.0,14.786048662973288,-45287571.56421694,45287601.13631427,90575172.70053121,True,45287586.35026561,0.1
92.754.738/0001-62,2025-03-31 03:00:00,2025,TARGET_EBITDA_ITR_T1,EBITDA,ITRT1,GradientBoosting,1993339a2ce5,153,raw,5086191.0,15.404095109102677,-45287570.9461705,45287601.75436071,90575172.70053121,True,45287586.35026561,0.1
92.754.738/0001-62,2025-06-30 03:00:00,2025,TARGET_EBITDA_ITR_T1,EBITDA,ITRT1,GradientBoosting,1993339a2ce5,153,raw,6837414.0,15.831836547430651,-45287570.51842906,45287602.18210215,90575172.70053121,True,45287586.35026561,0.1
92.754.738/0001-62,2025-09-30 03:00:00,2025,TARGET_EBITDA_ITR_T1,EBITDA,ITRT1,GradientBoosting,1993339a2ce5,153,raw,1679712.0,14.664205064804852,-45287571.68606054,45287601.014470674,90575172.70053121,True,45287586.35026561,0.1
92.754.738/0001-62,2025-12-31 03:00:00,2025,TARGET_EBITDA_ITR_T1,EBITDA,ITRT1,GradientBoosting,1993339a2ce5,153,raw,1679712.0,14.106309126128666,-45287572.243956484,45287600.45657473,90575172.70053121,True,45287586.35026561,0.1
02.429.144/0001-93,2025-03-31 03:00:00,2025,TARGET_EBITDA_ITR_T2,EBITDA,ITRT2,GradientBoosting,b18ccde53edd,151,raw,28809370.0,17.033714129698584,-45287569.31503934,45287603.3824676,90575172.69750693,True,45287586.34875347,0.1
02.429.144/0001-93,2025-06-30 03:00:00,2025,TARGET_EBITDA_ITR_T2,EBITDA,ITRT2,GradientBoosting,b18ccde53edd,151,raw,10919512.0,16.32434292418625,-45287570.024410546,45287602.67309639,90575172.69750693,True,45287586.34875347,0.1
02.474.103/0001-19,2025-03-31 03:00:00,2025,TARGET_EBITDA_ITR_T2,EBITDA,ITRT2,GradientBoosting,b18ccde53edd,151,raw,17459387.0,16.59757732886518,-45287569.75117614,45287602.94633079,90575172.69750693,True,45287586.34875347,0.1
02.474.103/0001-19,2025-06-30 03:00:00,2025,TARGET_EBITDA_ITR_T2,EBITDA,ITRT2,GradientBoosting,b18ccde53edd,151,raw,6680185.0,15.657645420639144,-45287570.69110805,45287602.00639889,90575172.69750693,True,45287586.34875347,0.1
02.998.611/0001-04,2025-03-31 03:00:00,2025,TARGET_EBITDA_ITR_T2,EBITDA,ITRT2,GradientBoosting,b18ccde53edd,151,raw,18807604.0,16.5494550266697,-45287569.79929844,45287602.89820849,90575172.69750693,True,45287586.34875347,0.1
02.998.611/0001-04,2025-06-30 03:00:00,2025,TARGET_EBITDA_ITR_T2,EBITDA,ITRT2,GradientBoosting,b18ccde53edd,151,raw,7219683.0,15.842448467117583,-45287570.506305,45287602.19120193,90575172.69750693,True,45287586.34875347,0.1
03.220.438/0001-73,2025-03-31 03:00:00,2025,TARGET_EBITDA_ITR_T2,EBITDA,ITRT2,GradientBoosting,b18ccde53edd,151,raw,32003858.0,17.038726484892283,-45287569.31002698,45287603.38747995,90575172.69750693,True,45287586.34875347,0.1
03.220.438/0001-73,2025-06-30 03:00:00,2025,TARGET_EBITDA_ITR_T2,EBITDA,ITRT2,GradientBoosting,b18ccde53edd,151,raw,10188882.0,16.511289869489215,-45287569.837463595,45287602.86004334,90575172.69750693,True,45287586.34875347,0.1
07.859.971/0001-30,2025-03-31 03:00:00,2025,TARGET_EBITDA_ITR_T2,EBITDA,ITRT2,GradientBoosting,b18ccde53edd,151,raw,9393397.0,16.17001461236649,-45287570.178738855,45287602.51876808,90575172.69750693,True,45287586.34875347,0.1
07.859.971/0001-30,2025-06-30 03:00:00,2025,TARGET_EBITDA_ITR_T2,EBITDA,ITRT2,GradientBoosting,b18ccde53edd,151,raw,2969276.0,15.018617667444627,-45287571.3301358,45287601.367371134,90575172.69750693,True,45287586.34875347,0.1
10.629.105/0001-68,2025-03-31 03:00:00,2025,TARGET_EBITDA_ITR_T2,EBITDA,ITRT2,GradientBoosting,b18ccde53edd,151,raw,25947096.0,17.041734675475013,-45287569.307018794,45287603.39048814,90575172.69750693,True,45287586.34875347,0.1
10.629.105/0001-68,2025-06-30 03:00:00,2025,TARGET_EBITDA_ITR_T2,EBITDA,ITRT2,GradientBoosting,b18ccde53edd,151,raw,12524168.0,16.5201131585844,-45287569.82864031,45287602.86886662,90575172.69750693,True,45287586.34875347,0.1
16.404.287/0001-55,2025-03-31 03:00:00,2025,TARGET_EBITDA_ITR_T2,EBITDA,ITRT2,GradientBoosting,b18ccde53edd,151,raw,45287604.0,17.577718758344744,-45287568.77103471,45287603.926472224,90575172.69750693,False,45287586.34875347,0.1
16.404.287/0001-55,2025-06-30 03:00:00,2025,TARGET_EBITDA_ITR_T2,EBITDA,ITRT2,GradientBoosting,b18ccde53edd,151,raw,23982646.0,17.04676883170464,-45287569.30198464,45287603.3955223,90575172.69750693,True,45287586.34875347,0.1
16.590.234/0001-76,2025-03-31 03:00:00,2025,TARGET_EBITDA_ITR_T2,EBITDA,ITRT2,GradientBoosting,b18ccde53edd,151,raw,4151207.0,15.169701357383035,-45287571.17905211,45287601.51845483,90575172.69750693,True,45287586.34875347,0.1
16.590.234/0001-76,2025-06-30 03:00:00,2025,TARGET_EBITDA_ITR_T2,EBITDA,ITRT2,GradientBoosting,b18ccde53edd,151,raw,797843.0,13.7628190875014,-45287572.58593438,45287600.111572556,90575172.69750693,True,45287586.34875347,0.1
24.990.777/0001-09,2025-03-31 03:00:00,2025,TARGET_EBITDA_ITR_T2,EBITDA,ITRT2,GradientBoosting,b18ccde53edd,151,raw,6153917.0,15.738891551992658,-45287570.60986192,45287602.08764502,90575172.69750693,True,45287586.34875347,0.1
24.990.777/0001-09,2025-06-30 03:00:00,2025,TARGET_EBITDA_ITR_T2,EBITDA,ITRT2,GradientBoosting,b18ccde53edd,151,raw,1553666.0,14.1187583235184,-45287572.22999515,45287600.46751179,90575172.69750693,True,45287586.34875347,0.1
33.000.167/0001-01,2025-03-31 03:00:00,2025,TARGET_EBITDA_ITR_T2,EBITDA,ITRT2,GradientBoosting,b18ccde53edd,151,raw,45287604.0,17.623723920214164,-45287568.72502955,45287603.972477384,90575172.69750693,False,45287586.34875347,0.1
33.000.167/0001-01,2025-06-30 03:00:00,2025,TARGET_EBITDA_ITR_T2,EBITDA,ITRT2,GradientBoosting,b18ccde53edd,151,raw,45287604.0,17.544677017845963,-45287568.80407645,45287603.89343049,90575172.69750693,False,45287586.34875347,0.1
33.042.730/0001-04,2025-03-31 03:00:00,2025,TARGET_EBITDA_ITR_T2,EBITDA,ITRT2,GradientBoosting,b18ccde53edd,151,raw,17417504.0,16.80965169833212,-45287569.53910177,45287603.15840516,90575172.69750693,True,45287586.34875347,0.1
33.042.730/0001-04,2025-06-30 03:00:00,2025,TARGET_EBITDA_ITR_T2,EBITDA,ITRT2,GradientBoosting,b18ccde53edd,151,raw,4934320.0,15.911382516521215,-45287570.43737095,45287602.260135986,90575172.69750693,True,45287586.34875347,0.1
33.256.439/0001-39,2025-03-31 03:00:00,2025,TARGET_EBITDA_ITR_T2,EBITDA,ITRT2,GradientBoosting,b18ccde53edd,151,raw,15338614.0,16.565806327543623,-45287569.78294714,45287602.9145598,90575172.69750693,True,45287586.34875347,0.1
33.256.439/0001-39,2025-06-30 03:00:00,2025,TARGET_EBITDA_ITR_T2,EBITDA,ITRT2,GradientBoosting,b18ccde53edd,151,raw,7400033.0,15.852778241550906,-45287570.495975226,45287602.20153171,90575172.69750693,True,45287586.34875347,0.1
33.453.598/0001-23,2025-03-31 03:00:00,2025,TARGET_EBITDA_ITR_T2,EBITDA,ITRT2,GradientBoosting,b18ccde53edd,151,raw,25483194.0,16.821684241207358,-45287569.527069226,45287603.17043771,90575172.69750693,True,45287586.34875347,0.1
33.453.598/0001-23,2025-06-30 03:00:00,2025,TARGET_EBITDA_ITR_T2,EBITDA,ITRT2,GradientBoosting,b18ccde53edd,151,raw,44167538.0,17.040806441687405,-45287569.307947025,45287603.38955991,90575172.69750693,True,45287586.34875347,0.1
33.592.510/0001-54,2025-03-31 03:00:00,2025,TARGET_EBITDA_ITR_T2,EBITDA,ITRT2,GradientBoosting,b18ccde53edd,151,raw,45287604.0,17.630529509984957,-45287568.71822396,45287603.979282975,90575172.69750693,False,45287586.34875347,0.1
33.592.510/0001-54,2025-06-30 03:00:00,2025,TARGET_EBITDA_ITR_T2,EBITDA,ITRT2,GradientBoosting,b18ccde53edd,151,raw,45287604.0,17.565430667063282,-45287568.7833228,45287603.91418413,90575172.69750693,False,45287586.34875347,0.1
33.611.500/0001-19,2025-03-31 03:00:00,2025,TARGET_EBITDA_ITR_T2,EBITDA,ITRT2,GradientBoosting,b18ccde53edd,151,raw,20275480.0,16.91814655638974,-45287569.43060691,45287603.266900025,90575172.69750693,True,45287586.34875347,0.1
33.611.500/0001-19,2025-06-30 03:00:00,2025,TARGET_EBITDA_ITR_T2,EBITDA,ITRT2,GradientBoosting,b18ccde53edd,151,raw,7729427.0,15.915488921834989,-45287570.433264546,45287602.26424239,90575172.69750693,True,45287586.34875347,0.1
34.274.233/0001-02,2025-03-31 03:00:00,2025,TARGET_EBITDA_ITR_T2,EBITDA,ITRT2,GradientBoosting,b18ccde53edd,151,raw,17656000.0,16.57231858363647,-45287569.77643488,45287602.92107205,90575172.69750693,True,45287586.34875347,0.1
34.274.233/0001-02,2025-06-30 03:00:00,2025,TARGET_EBITDA_ITR_T2,EBITDA,ITRT2,GradientBoosting,b18ccde53edd,151,raw,9635000.0,15.833622454318094,-45287570.51513101,45287602.18237592,90575172.69750693,True,45287586.34875347,0.1
47.960.950/0001-21,2025-03-31 03:00:00,2025,TARGET_EBITDA_ITR_T2,EBITDA,ITRT2,GradientBoosting,b18ccde53edd,151,raw,6296055.0,15.407328504678167,-45287570.941424966,45287601.75608197,90575172.69750693,True,45287586.34875347,0.1
47.960.950/0001-21,2025-06-30 03:00:00,2025,TARGET_EBITDA_ITR_T2,EBITDA,ITRT2,GradientBoosting,b18ccde53edd,151,raw,2166442.0,14.894198136858165,-45287571.45455533,45287601.2429516,90575172.69750693,True,45287586.34875347,0.1
53.113.791/0001-22,2025-03-31 03:00:00,2025,TARGET_EBITDA_ITR_T2,EBITDA,ITRT2,GradientBoosting,b18ccde53edd,151,raw,3743829.0,14.8710188101111,-45287571.477734655,45287601.21977228,90575172.69750693,True,45287586.34875347,0.1
53.113.791/0001-22,2025-06-30 03:00:00,2025,TARGET_EBITDA_ITR_T2,EBITDA,ITRT2,GradientBoosting,b18ccde53edd,151,raw,1540159.0,14.026102155756092,-45287572.32265131,45287600.37485562,90575172.69750693,True,45287586.34875347,0.1
61.079.117/0001-05,2025-03-31 03:00:00,2025,TARGET_EBITDA_ITR_T2,EBITDA,ITRT2,GradientBoosting,b18ccde53edd,151,raw,1992974.0,14.440977618890157,-45287571.90777585,45287600.789731085,90575172.69750693,True,45287586.34875347,0.1
61.079.117/0001-05,2025-06-30 03:00:00,2025,TARGET_EBITDA_ITR_T2,EBITDA,ITRT2,GradientBoosting,b18ccde53edd,151,raw,903442.0,13.3804745537479,-45287572.968278915,45287599.72922802,90575172.69750693,True,45287586.34875347,0.1
81.243.735/0001-48,2025-03-31 03:00:00,2025,TARGET_EBITDA_ITR_T2,EBITDA,ITRT2,GradientBoosting,b18ccde53edd,151,raw,586797.0,13.452764347219087,-45287572.89598912,45287599.801517814,90575172.69750693,True,45287586.34875347,0.1
81.243.735/0001-48,2025-06-30 03:00:00,2025,TARGET_EBITDA_ITR_T2,EBITDA,ITRT2,GradientBoosting,b18ccde53edd,151,raw,224888.0,12.44748298694051,-45287573.90127048,45287598.796236455,90575172.69750693,True,45287586.34875347,0.1
82.901.000/0001-27,2025-03-31 03:00:00,2025,TARGET_EBITDA_ITR_T2,EBITDA,ITRT2,GradientBoosting,b18ccde53edd,151,raw,1379994.0,14.195900777504193,-45287572.15285269,45287600.54465424,90575172.69750693,True,45287586.34875347,0.1
82.901.000/0001-27,2025-06-30 03:00:00,2025,TARGET_EBITDA_ITR_T2,EBITDA,ITRT2,GradientBoosting,b18ccde53edd,151,raw,579090.0,13.197697036337523,-45287573.15105643,45287599.5464505,90575172.69750693,True,45287586.34875347,0.1
84.429.695/0001-11,2025-03-31 03:00:00,2025,TARGET_EBITDA_ITR_T2,EBITDA,ITRT2,GradientBoosting,b18ccde53edd,151,raw,7395795.0,15.963648894665459,-45287570.385104574,45287602.31240236,90575172.69750693,True,45287586.34875347,0.1
84.429.695/0001-11,2025-06-30 03:00:00,2025,TARGET_EBITDA_ITR_T2,EBITDA,ITRT2,GradientBoosting,b18ccde53edd,151,raw,6718710.0,15.677738696267925,-45287570.67101477,45287602.02649216,90575172.69750693,True,45287586.34875347,0.1
89.637.490/0001-45,2025-03-31 03:00:00,2025,TARGET_EBITDA_ITR_T2,EBITDA,ITRT2,GradientBoosting,b18ccde53edd,151,raw,20445911.0,16.877213796389427,-45287569.47153967,45287603.225967266,90575172.69750693,True,45287586.34875347,0.1
89.637.490/0001-45,2025-06-30 03:00:00,2025,TARGET_EBITDA_ITR_T2,EBITDA,ITRT2,GradientBoosting,b18ccde53edd,151,raw,5039959.0,16.013639805437425,-45287570.33511366,45287602.362393275,90575172.69750693,True,45287586.34875347,0.1
92.754.738/0001-62,2025-03-31 03:00:00,2025,TARGET_EBITDA_ITR_T2,EBITDA,ITRT2,GradientBoosting,b18ccde53edd,151,raw,6837414.0,15.6911121611137,-45287570.65764131,45287602.03986563,90575172.69750693,True,45287586.34875347,0.1
92.754.738/0001-62,2025-06-30 03:00:00,2025,TARGET_EBITDA_ITR_T2,EBITDA,ITRT2,GradientBoosting,b18ccde53edd,151,raw,1679712.0,14.424633311714825,-45287571.92412016,45287600.77338678,90575172.69750693,True,45287586.34875347,0.1
02.429.144/0001-93,2025-03-31 03:00:00,2025,TARGET_EBITDA_ITR_T3,EBITDA,ITRT3,GradientBoosting,975e9e00ff4f,154,raw,10919512.0,16.229555136930262,-45287570.111416385,45287602.57052666,90575172.68194304,True,45287586.34097152,0.1
02.474.103/0001-19,2025-03-31 03:00:00,2025,TARGET_EBITDA_ITR_T3,EBITDA,ITRT3,GradientBoosting,975e9e00ff4f,154,raw,6680185.0,15.878670649203638,-45287570.462300874,45287602.21964217,90575172.68194304,True,45287586.34097152,0.1
02.998.611/0001-04,2025-03-31 03:00:00,2025,TARGET_EBITDA_ITR_T3,EBITDA,ITRT3,GradientBoosting,975e9e00ff4f,154,raw,7219683.0,15.709009854890919,-45287570.631961666,45287602.04998138,90575172.68194304,True,45287586.34097152,0.1
03.220.438/0001-73,2025-03-31 03:00:00,2025,TARGET_EBITDA_ITR_T3,EBITDA,ITRT3,GradientBoosting,975e9e00ff4f,154,raw,10188882.0,16.162432575263647,-45287570.17853895,45287602.503404096,90575172.68194304,True,45287586.34097152,0.1
07.859.971/0001-30,2025-03-31 03:00:00,2025,TARGET_EBITDA_ITR_T3,EBITDA,ITRT3,GradientBoosting,975e9e00ff4f,154,raw,2969276.0,14.871495523858766,-45287571.469476,45287601.212467045,90575172.68194304,True,45287586.34097152,0.1
10.629.105/0001-68,2025-03-31 03:00:00,2025,TARGET_EBITDA_ITR_T3,EBITDA,ITRT3,GradientBoosting,975e9e00ff4f,154,raw,12524168.0,16.239720949159665,-45287570.101250574,45287602.58069247,90575172.68194304,True,45287586.34097152,0.1
16.404.287/0001-55,2025-03-31 03:00:00,2025,TARGET_EBITDA_ITR_T3,EBITDA,ITRT3,GradientBoosting,975e9e00ff4f,154,raw,23982646.0,17.020570893875746,-45287569.320400625,45287603.36154242,90575172.68194304,True,45287586.34097152,0.1
16.590.234/0001-76,2025-03-31 03:00:00,2025,TARGET_EBITDA_ITR_T3,EBITDA,ITRT3,GradientBoosting,975e9e00ff4f,154,raw,797843.0,13.649633667505935,-45287572.69133785,45287599.99060519,90575172.68194304,True,45287586.34097152,0.1
24.990.777/0001-09,2025-03-31 03:00:00,2025,TARGET_EBITDA_ITR_T3,EBITDA,ITRT3,GradientBoosting,975e9e00ff4f,154,raw,1553666.0,14.037853575534664,-45287572.303117946,45287600.3788251,90575172.68194304,True,45287586.34097152,0.1
33.000.167/0001-01,2025-03-31 03:00:00,2025,TARGET_EBITDA_ITR_T3,EBITDA,ITRT3,GradientBoosting,975e9e00ff4f,154,raw,45287604.0,17.619363300661693,-45287568.72160822,45287603.96033482,90575172.68194304,False,45287586.34097152,0.1
33.042.730/0001-04,2025-03-31 03:00:00,2025,TARGET_EBITDA_ITR_T3,EBITDA,ITRT3,GradientBoosting,975e9e00ff4f,154,raw,4934320.0,15.66141278750378,-45287570.67955873,45287602.00238431,90575172.68194304,True,45287586.34097152,0.1
33.256.439/0001-39,2025-03-31 03:00:00,2025,TARGET_EBITDA_ITR_T3,EBITDA,ITRT3,GradientBoosting,975e9e00ff4f,154,raw,7400033.0,15.752267824878128,-45287570.5887037,45287602.093239345,90575172.68194304,True,45287586.34097152,0.1
33.453.598/0001-23,2025-03-31 03:00:00,2025,TARGET_EBITDA_ITR_T3,EBITDA,ITRT3,GradientBoosting,975e9e00ff4f,154,raw,44167538.0,17.607550913206385,-45287568.73342061,45287603.94852243,90575172.68194304,True,45287586.34097152,0.1
33.592.510/0001-54,2025-03-31 03:00:00,2025,TARGET_EBITDA_ITR_T3,EBITDA,ITRT3,GradientBoosting,975e9e00ff4f,154,raw,45287604.0,17.634052874905418,-45287568.70691865,45287603.975024395,90575172.68194304,False,45287586.34097152,0.1
33.611.500/0001-19,2025-03-31 03:00:00,2025,TARGET_EBITDA_ITR_T3,EBITDA,ITRT3,GradientBoosting,975e9e00ff4f,154,raw,7729427.0,15.968236130947126,-45287570.37273539,45287602.309207655,90575172.68194304,True,45287586.34097152,0.1
34.274.233/0001-02,2025-03-31 03:00:00,2025,TARGET_EBITDA_ITR_T3,EBITDA,ITRT3,GradientBoosting,975e9e00ff4f,154,raw,9635000.0,16.25227645011873,-45287570.08869507,45287602.59324797,90575172.68194304,True,45287586.34097152,0.1
47.960.950/0001-21,2025-03-31 03:00:00,2025,TARGET_EBITDA_ITR_T3,EBITDA,ITRT3,GradientBoosting,975e9e00ff4f,154,raw,2166442.0,14.628217241506821,-45287571.71275428,45287600.969188765,90575172.68194304,True,45287586.34097152,0.1
53.113.791/0001-22,2025-03-31 03:00:00,2025,TARGET_EBITDA_ITR_T3,EBITDA,ITRT3,GradientBoosting,975e9e00ff4f,154,raw,1540159.0,13.837301186080067,-45287572.503670335,45287600.17827271,90575172.68194304,True,45287586.34097152,0.1
61.079.117/0001-05,2025-03-31 03:00:00,2025,TARGET_EBITDA_ITR_T3,EBITDA,ITRT3,GradientBoosting,975e9e00ff4f,154,raw,903442.0,13.659990477710961,-45287572.68098105,45287600.000962,90575172.68194304,True,45287586.34097152,0.1
81.243.735/0001-48,2025-03-31 03:00:00,2025,TARGET_EBITDA_ITR_T3,EBITDA,ITRT3,GradientBoosting,975e9e00ff4f,154,raw,224888.0,12.414223975288646,-45287573.926747546,45287598.7551955,90575172.68194304,True,45287586.34097152,0.1
82.901.000/0001-27,2025-03-31 03:00:00,2025,TARGET_EBITDA_ITR_T3,EBITDA,ITRT3,GradientBoosting,975e9e00ff4f,154,raw,579090.0,13.309939846424145,-45287573.031031676,45287599.65091137,90575172.68194304,True,45287586.34097152,0.1
84.429.695/0001-11,2025-03-31 03:00:00,2025,TARGET_EBITDA_ITR_T3,EBITDA,ITRT3,GradientBoosting,975e9e00ff4f,154,raw,6718710.0,16.094656444150928,-45287570.24631508,45287602.43562797,90575172.68194304,True,45287586.34097152,0.1
89.637.490/0001-45,2025-03-31 03:00:00,2025,TARGET_EBITDA_ITR_T3,EBITDA,ITRT3,GradientBoosting,975e9e00ff4f,154,raw,5039959.0,15.40019557617052,-45287570.940775946,45287601.7411671,90575172.68194304,True,45287586.34097152,0.1
92.754.738/0001-62,2025-03-31 03:00:00,2025,TARGET_EBITDA_ITR_T3,EBITDA,ITRT3,GradientBoosting,975e9e00ff4f,154,raw,1679712.0,14.26620346739706,-45287572.07476805,45287600.60717499,90575172.68194304,True,45287586.34097152,0.1
02.429.144/0001-93,2025-03-31 03:00:00,2025,TARGET_EBITDA_DFP,EBITDA,DFP,GradientBoosting,aa9bef49aa13,155,raw,34744332.75,17.462609912980575,-45287568.886993036,45287603.812212855,90575172.69920589,True,45287586.349602945,0.1
02.429.144/0001-93,2025-06-30 03:00:00,2025,TARGET_EBITDA_DFP,EBITDA,DFP,GradientBoosting,aa9bef49aa13,155,raw,34744332.75,17.36387015688422,-45287568.98573279,45287603.713473104,90575172.69920589,True,45287586.349602945,0.1
02.429.144/0001-93,2025-09-30 03:00:00,2025,TARGET_EBITDA_DFP,EBITDA,DFP,GradientBoosting,aa9bef49aa13,155,raw,34744332.75,17.18484947905109,-45287569.16475347,45287603.53445242,90575172.69920589,True,45287586.349602945,0.1
02.474.103/0001-19,2025-03-31 03:00:00,2025,TARGET_EBITDA_DFP,EBITDA,DFP,GradientBoosting,aa9bef49aa13,155,raw,23007141.0,17.01658936632878,-45287569.33301358,45287603.36619231,90575172.69920589,True,45287586.349602945,0.1
02.474.103/0001-19,2025-06-30 03:00:00,2025,TARGET_EBITDA_DFP,EBITDA,DFP,GradientBoosting,aa9bef49aa13,155,raw,23007141.0,16.97282214021021,-45287569.37678081,45287603.32242508,90575172.69920589,True,45287586.349602945,0.1
02.474.103/0001-19,2025-09-30 03:00:00,2025,TARGET_EBITDA_DFP,EBITDA,DFP,GradientBoosting,aa9bef49aa13,155,raw,23007141.0,16.815378632680556,-45287569.53422431,45287603.16498158,90575172.69920589,True,45287586.349602945,0.1
02.998.611/0001-04,2025-03-31 03:00:00,2025,TARGET_EBITDA_DFP,EBITDA,DFP,GradientBoosting,aa9bef49aa13,155,raw,27053104.0,16.99905464301636,-45287569.350548305,45287603.348657586,90575172.69920589,True,45287586.349602945,0.1
02.998.611/0001-04,2025-06-30 03:00:00,2025,TARGET_EBITDA_DFP,EBITDA,DFP,GradientBoosting,aa9bef49aa13,155,raw,27053104.0,16.868998302003934,-45287569.48060464,45287603.21860125,90575172.69920589,True,45287586.349602945,0.1
02.998.611/0001-04,2025-09-30 03:00:00,2025,TARGET_EBITDA_DFP,EBITDA,DFP,GradientBoosting,aa9bef49aa13,155,raw,27053104.0,16.780422701439168,-45287569.56918024,45287603.13002565,90575172.69920589,True,45287586.349602945,0.1
03.220.438/0001-73,2025-03-31 03:00:00,2025,TARGET_EBITDA_DFP,EBITDA,DFP,GradientBoosting,aa9bef49aa13,155,raw,34744332.75,17.478393153271057,-45287568.87120979,45287603.8279961,90575172.69920589,True,45287586.349602945,0.1
03.220.438/0001-73,2025-06-30 03:00:00,2025,TARGET_EBITDA_DFP,EBITDA,DFP,GradientBoosting,aa9bef49aa13,155,raw,34744332.75,17.42873484955768,-45287568.9208681,45287603.77833779,90575172.69920589,True,45287586.349602945,0.1
03.220.438/0001-73,2025-09-30 03:00:00,2025,TARGET_EBITDA_DFP,EBITDA,DFP,GradientBoosting,aa9bef49aa13,155,raw,34744332.75,17.152202502946594,-45287569.19740044,45287603.50180545,90575172.69920589,True,45287586.349602945,0.1
07.859.971/0001-30,2025-03-31 03:00:00,2025,TARGET_EBITDA_DFP,EBITDA,DFP,GradientBoosting,aa9bef49aa13,155,raw,12641783.0,16.43979361076231,-45287569.909809336,45287602.789396554,90575172.69920589,True,45287586.349602945,0.1
07.859.971/0001-30,2025-06-30 03:00:00,2025,TARGET_EBITDA_DFP,EBITDA,DFP,GradientBoosting,aa9bef49aa13,155,raw,12641783.0,16.455712894789905,-45287569.89389005,45287602.80531584,90575172.69920589,True,45287586.349602945,0.1
07.859.971/0001-30,2025-09-30 03:00:00,2025,TARGET_EBITDA_DFP,EBITDA,DFP,GradientBoosting,aa9bef49aa13,155,raw,12641783.0,16.375883534014203,-45287569.97371941,45287602.72548648,90575172.69920589,True,45287586.349602945,0.1
10.629.105/0001-68,2025-03-31 03:00:00,2025,TARGET_EBITDA_DFP,EBITDA,DFP,GradientBoosting,aa9bef49aa13,155,raw,33530564.0,17.355230471681935,-45287568.99437247,45287603.70483342,90575172.69920589,True,45287586.349602945,0.1
10.629.105/0001-68,2025-06-30 03:00:00,2025,TARGET_EBITDA_DFP,EBITDA,DFP,GradientBoosting,aa9bef49aa13,155,raw,33530564.0,17.339620498028136,-45287569.009982444,45287603.689223446,90575172.69920589,True,45287586.349602945,0.1
10.629.105/0001-68,2025-09-30 03:00:00,2025,TARGET_EBITDA_DFP,EBITDA,DFP,GradientBoosting,aa9bef49aa13,155,raw,33530564.0,17.176772913598054,-45287569.17283003,45287603.52637586,90575172.69920589,True,45287586.349602945,0.1
16.404.287/0001-55,2025-03-31 03:00:00,2025,TARGET_EBITDA_DFP,EBITDA,DFP,GradientBoosting,aa9bef49aa13,155,raw,45287604.0,17.64580175879307,-45287568.703801185,45287603.995404705,90575172.69920589,False,45287586.349602945,0.1
16.404.287/0001-55,2025-06-30 03:00:00,2025,TARGET_EBITDA_DFP,EBITDA,DFP,GradientBoosting,aa9bef49aa13,155,raw,45287604.0,17.641927282628846,-45287568.707675666,45287603.991530225,90575172.69920589,False,45287586.349602945,0.1
16.404.287/0001-55,2025-09-30 03:00:00,2025,TARGET_EBITDA_DFP,EBITDA,DFP,GradientBoosting,aa9bef49aa13,155,raw,45287604.0,17.15632849155929,-45287569.19327445,45287603.50593144,90575172.69920589,False,45287586.349602945,0.1
16.590.234/0001-76,2025-03-31 03:00:00,2025,TARGET_EBITDA_DFP,EBITDA,DFP,GradientBoosting,aa9bef49aa13,155,raw,5616514.0,15.414625952236525,-45287570.934976995,45287601.764228895,90575172.69920589,True,45287586.349602945,0.1
16.590.234/0001-76,2025-06-30 03:00:00,2025,TARGET_EBITDA_DFP,EBITDA,DFP,GradientBoosting,aa9bef49aa13,155,raw,5616514.0,15.40612884673435,-45287570.9434741,45287601.75573179,90575172.69920589,True,45287586.349602945,0.1
16.590.234/0001-76,2025-09-30 03:00:00,2025,TARGET_EBITDA_DFP,EBITDA,DFP,GradientBoosting,aa9bef49aa13,155,raw,5616514.0,15.521351917133035,-45287570.82825103,45287601.870954864,90575172.69920589,True,45287586.349602945,0.1
24.990.777/0001-09,2025-03-31 03:00:00,2025,TARGET_EBITDA_DFP,EBITDA,DFP,GradientBoosting,aa9bef49aa13,155,raw,7586208.75,15.852826302441388,-45287570.49677664,45287602.20242925,90575172.69920589,True,45287586.349602945,0.1
24.990.777/0001-09,2025-06-30 03:00:00,2025,TARGET_EBITDA_DFP,EBITDA,DFP,GradientBoosting,aa9bef49aa13,155,raw,7586208.75,15.750681346032275,-45287570.5989216,45287602.10028429,90575172.69920589,True,45287586.349602945,0.1
24.990.777/0001-09,2025-09-30 03:00:00,2025,TARGET_EBITDA_DFP,EBITDA,DFP,GradientBoosting,aa9bef49aa13,155,raw,7586208.75,15.853078192409619,-45287570.49652475,45287602.20268114,90575172.69920589,True,45287586.349602945,0.1
33.000.167/0001-01,2025-03-31 03:00:00,2025,TARGET_EBITDA_DFP,EBITDA,DFP,GradientBoosting,aa9bef49aa13,155,raw,45287604.0,17.68085427615843,-45287568.66874867,45287604.03045722,90575172.69920589,True,45287586.349602945,0.1
33.000.167/0001-01,2025-06-30 03:00:00,2025,TARGET_EBITDA_DFP,EBITDA,DFP,GradientBoosting,aa9bef49aa13,155,raw,45287604.0,17.646868374103008,-45287568.702734575,45287603.996471316,90575172.69920589,False,45287586.349602945,0.1
33.000.167/0001-01,2025-09-30 03:00:00,2025,TARGET_EBITDA_DFP,EBITDA,DFP,GradientBoosting,aa9bef49aa13,155,raw,45287604.0,17.31508573884432,-45287569.034517206,45287603.664688684,90575172.69920589,False,45287586.349602945,0.1
33.042.730/0001-04,2025-03-31 03:00:00,2025,TARGET_EBITDA_DFP,EBITDA,DFP,GradientBoosting,aa9bef49aa13,155,raw,23540372.0,17.08775205672901,-45287569.261850886,45287603.437355004,90575172.69920589,True,45287586.349602945,0.1
33.042.730/0001-04,2025-06-30 03:00:00,2025,TARGET_EBITDA_DFP,EBITDA,DFP,GradientBoosting,aa9bef49aa13,155,raw,23540372.0,16.87108360633208,-45287569.478519335,45287603.220686555,90575172.69920589,True,45287586.349602945,0.1
33.042.730/0001-04,2025-09-30 03:00:00,2025,TARGET_EBITDA_DFP,EBITDA,DFP,GradientBoosting,aa9bef49aa13,155,raw,23540372.0,16.788092112984202,-45287569.56151083,45287603.13769506,90575172.69920589,True,45287586.349602945,0.1
33.256.439/0001-39,2025-03-31 03:00:00,2025,TARGET_EBITDA_DFP,EBITDA,DFP,GradientBoosting,aa9bef49aa13,155,raw,20798199.0,16.922612903456073,-45287569.42699004,45287603.27221585,90575172.69920589,True,45287586.349602945,0.1
33.256.439/0001-39,2025-06-30 03:00:00,2025,TARGET_EBITDA_DFP,EBITDA,DFP,GradientBoosting,aa9bef49aa13,155,raw,20798199.0,16.8672073467229,-45287569.4823956,45287603.21681029,90575172.69920589,True,45287586.349602945,0.1
33.256.439/0001-39,2025-09-30 03:00:00,2025,TARGET_EBITDA_DFP,EBITDA,DFP,GradientBoosting,aa9bef49aa13,155,raw,20798199.0,16.832935926577925,-45287569.516667016,45287603.182538874,90575172.69920589,True,45287586.349602945,0.1
33.592.510/0001-54,2025-03-31 03:00:00,2025,TARGET_EBITDA_DFP,EBITDA,DFP,GradientBoosting,aa9bef49aa13,155,raw,45287604.0,17.64538135445327,-45287568.70422159,45287603.9949843,90575172.69920589,False,45287586.349602945,0.1
33.592.510/0001-54,2025-06-30 03:00:00,2025,TARGET_EBITDA_DFP,EBITDA,DFP,GradientBoosting,aa9bef49aa13,155,raw,45287604.0,17.615380532501877,-45287568.73422241,45287603.96498348,90575172.69920589,False,45287586.349602945,0.1
33.592.510/0001-54,2025-09-30 03:00:00,2025,TARGET_EBITDA_DFP,EBITDA,DFP,GradientBoosting,aa9bef49aa13,155,raw,45287604.0,17.158844633856745,-45287569.19075831,45287603.50844758,90575172.69920589,False,45287586.349602945,0.1
33.611.500/0001-19,2025-03-31 03:00:00,2025,TARGET_EBITDA_DFP,EBITDA,DFP,GradientBoosting,aa9bef49aa13,155,raw,24028068.0,17.331528705483514,-45287569.01807424,45287603.68113165,90575172.69920589,True,45287586.349602945,0.1
33.611.500/0001-19,2025-06-30 03:00:00,2025,TARGET_EBITDA_DFP,EBITDA,DFP,GradientBoosting,aa9bef49aa13,155,raw,24028068.0,17.085489593076254,-45287569.26411335,45287603.43509254,90575172.69920589,True,45287586.349602945,0.1
33.611.500/0001-19,2025-09-30 03:00:00,2025,TARGET_EBITDA_DFP,EBITDA,DFP,GradientBoosting,aa9bef49aa13,155,raw,24028068.0,16.89446699463312,-45287569.45513595,45287603.24406994,90575172.69920589,True,45287586.349602945,0.1
34.274.233/0001-02,2025-03-31 03:00:00,2025,TARGET_EBITDA_DFP,EBITDA,DFP,GradientBoosting,aa9bef49aa13,155,raw,23944000.0,17.218298368223508,-45287569.13130458,45287603.56790131,90575172.69920589,True,45287586.349602945,0.1
34.274.233/0001-02,2025-06-30 03:00:00,2025,TARGET_EBITDA_DFP,EBITDA,DFP,GradientBoosting,aa9bef49aa13,155,raw,23944000.0,17.11150370704549,-45287569.23809924,45287603.46110665,90575172.69920589,True,45287586.349602945,0.1
34.274.233/0001-02,2025-09-30 03:00:00,2025,TARGET_EBITDA_DFP,EBITDA,DFP,GradientBoosting,aa9bef49aa13,155,raw,23944000.0,16.91625171218399,-45287569.43335123,45287603.26585466,90575172.69920589,True,45287586.349602945,0.1
47.960.950/0001-21,2025-03-31 03:00:00,2025,TARGET_EBITDA_DFP,EBITDA,DFP,GradientBoosting,aa9bef49aa13,155,raw,7586208.75,15.891833879890132,-45287570.457769066,45287602.241436824,90575172.69920589,True,45287586.349602945,0.1
47.960.950/0001-21,2025-06-30 03:00:00,2025,TARGET_EBITDA_DFP,EBITDA,DFP,GradientBoosting,aa9bef49aa13,155,raw,7586208.75,15.731034713000852,-45287570.618568234,45287602.080637656,90575172.69920589,True,45287586.349602945,0.1
47.960.950/0001-21,2025-09-30 03:00:00,2025,TARGET_EBITDA_DFP,EBITDA,DFP,GradientBoosting,aa9bef49aa13,155,raw,7586208.75,15.793614760823635,-45287570.555988185,45287602.143217705,90575172.69920589,True,45287586.349602945,0.1
53.113.791/0001-22,2025-03-31 03:00:00,2025,TARGET_EBITDA_DFP,EBITDA,DFP,GradientBoosting,aa9bef49aa13,155,raw,4840582.0,15.385941773113462,-45287570.96366117,45287601.73554472,90575172.69920589,True,45287586.349602945,0.1
53.113.791/0001-22,2025-06-30 03:00:00,2025,TARGET_EBITDA_DFP,EBITDA,DFP,GradientBoosting,aa9bef49aa13,155,raw,4840582.0,15.359794635506677,-45287570.989808306,45287601.709397584,90575172.69920589,True,45287586.349602945,0.1
53.113.791/0001-22,2025-09-30 03:00:00,2025,TARGET_EBITDA_DFP,EBITDA,DFP,GradientBoosting,aa9bef49aa13,155,raw,4840582.0,15.434928588864516,-45287570.91467436,45287601.78453153,90575172.69920589,True,45287586.349602945,0.1
61.079.117/0001-05,2025-03-31 03:00:00,2025,TARGET_EBITDA_DFP,EBITDA,DFP,GradientBoosting,aa9bef49aa13,155,raw,2763178.0,14.654427468031407,-45287571.69517548,45287601.004030414,90575172.69920589,True,45287586.349602945,0.1
61.079.117/0001-05,2025-06-30 03:00:00,2025,TARGET_EBITDA_DFP,EBITDA,DFP,GradientBoosting,aa9bef49aa13,155,raw,2763178.0,14.569493750016928,-45287571.7801092,45287600.91909669,90575172.69920589,True,45287586.349602945,0.1
61.079.117/0001-05,2025-09-30 03:00:00,2025,TARGET_EBITDA_DFP,EBITDA,DFP,GradientBoosting,aa9bef49aa13,155,raw,2763178.0,15.111004700495364,-45287571.23859824,45287601.46060765,90575172.69920589,True,45287586.349602945,0.1
81.243.735/0001-48,2025-03-31 03:00:00,2025,TARGET_EBITDA_DFP,EBITDA,DFP,GradientBoosting,aa9bef49aa13,155,raw,885486.0,13.677221864440215,-45287572.67238108,45287600.02682481,90575172.69920589,True,45287586.349602945,0.1
81.243.735/0001-48,2025-06-30 03:00:00,2025,TARGET_EBITDA_DFP,EBITDA,DFP,GradientBoosting,aa9bef49aa13,155,raw,885486.0,13.498452751729976,-45287572.85115019,45287599.8480557,90575172.69920589,True,45287586.349602945,0.1
81.243.735/0001-48,2025-09-30 03:00:00,2025,TARGET_EBITDA_DFP,EBITDA,DFP,GradientBoosting,aa9bef49aa13,155,raw,885486.0,14.343131287732785,-45287572.006471656,45287600.692734234,90575172.69920589,True,45287586.349602945,0.1
82.901.000/0001-27,2025-03-31 03:00:00,2025,TARGET_EBITDA_DFP,EBITDA,DFP,GradientBoosting,aa9bef49aa13,155,raw,1952560.0,14.584782010679861,-45287571.76482093,45287600.93438496,90575172.69920589,True,45287586.349602945,0.1
82.901.000/0001-27,2025-06-30 03:00:00,2025,TARGET_EBITDA_DFP,EBITDA,DFP,GradientBoosting,aa9bef49aa13,155,raw,1952560.0,14.544490127226778,-45287571.80511282,45287600.894093074,90575172.69920589,True,45287586.349602945,0.1
82.901.000/0001-27,2025-09-30 03:00:00,2025,TARGET_EBITDA_DFP,EBITDA,DFP,GradientBoosting,aa9bef49aa13,155,raw,1952560.0,14.933742373256022,-45287571.41586057,45287601.28334532,90575172.69920589,True,45287586.349602945,0.1
84.429.695/0001-11,2025-03-31 03:00:00,2025,TARGET_EBITDA_DFP,EBITDA,DFP,GradientBoosting,aa9bef49aa13,155,raw,7395795.0,16.12403679872098,-45287570.22556615,45287602.47363974,90575172.69920589,True,45287586.349602945,0.1
84.429.695/0001-11,2025-06-30 03:00:00,2025,TARGET_EBITDA_DFP,EBITDA,DFP,GradientBoosting,aa9bef49aa13,155,raw,7395795.0,16.098494394743575,-45287570.25110855,45287602.44809734,90575172.69920589,True,45287586.349602945,0.1
84.429.695/0001-11,2025-09-30 03:00:00,2025,TARGET_EBITDA_DFP,EBITDA,DFP,GradientBoosting,aa9bef49aa13,155,raw,7395795.0,15.749701319944522,-45287570.599901624,45287602.099304266,90575172.69920589,True,45287586.349602945,0.1
89.637.490/0001-45,2025-03-31 03:00:00,2025,TARGET_EBITDA_DFP,EBITDA,DFP,GradientBoosting,aa9bef49aa13,155,raw,25891931.0,17.06913412569313,-45287569.28046882,45287603.41873707,90575172.69920589,True,45287586.349602945,0.1
89.637.490/0001-45,2025-06-30 03:00:00,2025,TARGET_EBITDA_DFP,EBITDA,DFP,GradientBoosting,aa9bef49aa13,155,raw,25891931.0,16.922507218946514,-45287569.427095726,45287603.272110164,90575172.69920589,True,45287586.349602945,0.1
89.637.490/0001-45,2025-09-30 03:00:00,2025,TARGET_EBITDA_DFP,EBITDA,DFP,GradientBoosting,aa9bef49aa13,155,raw,25891931.0,16.823376746524925,-45287569.5262262,45287603.17297969,90575172.69920589,True,45287586.349602945,0.1
92.754.738/0001-62,2025-03-31 03:00:00,2025,TARGET_EBITDA_DFP,EBITDA,DFP,GradientBoosting,aa9bef49aa13,155,raw,7586208.75,15.910935421091848,-45287570.43866752,45287602.26053837,90575172.69920589,True,45287586.349602945,0.1
92.754.738/0001-62,2025-06-30 03:00:00,2025,TARGET_EBITDA_DFP,EBITDA,DFP,GradientBoosting,aa9bef49aa13,155,raw,7586208.75,15.769343204686303,-45287570.58025974,45287602.11894615,90575172.69920589,True,45287586.349602945,0.1
92.754.738/0001-62,2025-09-30 03:00:00,2025,TARGET_EBITDA_DFP,EBITDA,DFP,GradientBoosting,aa9bef49aa13,155,raw,7586208.75,15.605328256064517,-45287570.74427469,45287601.9549312,90575172.69920589,True,45287586.349602945,0.1
02.429.144/0001-93,2025-03-31 03:00:00,2025,TARGET_BPA_1_ITR_T1,Ativo Total,ITRT1,RandomForest,738ab5d56509,151,raw,79238240.0,18.137383240232612,-181679714.59572107,181679750.87048757,363359465.46620864,True,181679732.73310432,0.1
02.429.144/0001-93,2025-06-30 03:00:00,2025,TARGET_BPA_1_ITR_T1,Ativo Total,ITRT1,RandomForest,738ab5d56509,151,raw,82448147.0,18.137383240232612,-181679714.59572107,181679750.87048757,363359465.46620864,True,181679732.73310432,0.1
02.429.144/0001-93,2025-09-30 03:00:00,2025,TARGET_BPA_1_ITR_T1,Ativo Total,ITRT1,RandomForest,738ab5d56509,151,raw,83990552.0,18.190204789521577,-181679714.54289952,181679750.92330912,363359465.46620864,True,181679732.73310432,0.1
02.429.144/0001-93,2025-12-31 03:00:00,2025,TARGET_BPA_1_ITR_T1,Ativo Total,ITRT1,RandomForest,738ab5d56509,151,raw,83990552.0,18.191693836047303,-181679714.54141048,181679750.92479816,363359465.46620864,True,181679732.73310432,0.1
02.474.103/0001-19,2025-03-31 03:00:00,2025,TARGET_BPA_1_ITR_T1,Ativo Total,ITRT1,RandomForest,738ab5d56509,151,raw,53308650.0,17.764962764851877,-181679714.96814156,181679750.49806708,363359465.46620864,True,181679732.73310432,0.1
02.474.103/0001-19,2025-06-30 03:00:00,2025,TARGET_BPA_1_ITR_T1,Ativo Total,ITRT1,RandomForest,738ab5d56509,151,raw,56544112.0,17.764046290935628,-181679714.96905804,181679750.4971506,363359465.46620864,True,181679732.73310432,0.1
02.474.103/0001-19,2025-09-30 03:00:00,2025,TARGET_BPA_1_ITR_T1,Ativo Total,ITRT1,RandomForest,738ab5d56509,151,raw,58695282.0,17.88416554660708,-181679714.84893876,181679750.61726987,363359465.46620864,True,181679732.73310432,0.1
02.474.103/0001-19,2025-12-31 03:00:00,2025,TARGET_BPA_1_ITR_T1,Ativo Total,ITRT1,RandomForest,738ab5d56509,151,raw,58695282.0,17.941846768576585,-181679714.79125756,181679750.67495108,363359465.46620864,True,181679732.73310432,0.1
02.998.611/0001-04,2025-03-31 03:00:00,2025,TARGET_BPA_1_ITR_T1,Ativo Total,ITRT1,RandomForest,738ab5d56509,151,raw,43946662.0,17.645334314612093,-181679715.08777002,181679750.37843862,363359465.46620864,True,181679732.73310432,0.1
02.998.611/0001-04,2025-06-30 03:00:00,2025,TARGET_BPA_1_ITR_T1,Ativo Total,ITRT1,RandomForest,738ab5d56509,151,raw,45643761.0,17.649153615412008,-181679715.0839507,181679750.38225794,363359465.46620864,True,181679732.73310432,0.1
02.998.611/0001-04,2025-09-30 03:00:00,2025,TARGET_BPA_1_ITR_T1,Ativo Total,ITRT1,RandomForest,738ab5d56509,151,raw,47938943.0,17.67758126563265,-181679715.05552304,181679750.4106856,363359465.46620864,True,181679732.73310432,0.1
02.998.611/0001-04,2025-12-31 03:00:00,2025,TARGET_BPA_1_ITR_T1,Ativo Total,ITRT1,RandomForest,738ab5d56509,151,raw,47938943.0,17.715672191232763,-181679715.01743212,181679750.4487765,363359465.46620864,True,181679732.73310432,0.1
03.220.438/0001-73,2025-03-31 03:00:00,2025,TARGET_BPA_1_ITR_T1,Ativo Total,ITRT1,RandomForest,738ab5d56509,151,raw,116701444.0,18.47855172667588,-181679714.2545526,181679751.21165603,363359465.46620864,True,181679732.73310432,0.1
03.220.438/0001-73,2025-06-30 03:00:00,2025,TARGET_BPA_1_ITR_T1,Ativo Total,ITRT1,RandomForest,738ab5d56509,151,raw,126167097.0,18.47855172667588,-181679714.2545526,181679751.21165603,363359465.46620864,True,181679732.73310432,0.1
03.220.438/0001-73,2025-09-30 03:00:00,2025,TARGET_BPA_1_ITR_T1,Ativo Total,ITRT1,RandomForest,738ab5d56509,151,raw,111791967.0,18.703977140874443,-181679714.02912718,181679751.43708146,363359465.46620864,True,181679732.73310432,0.1
03.220.438/0001-73,2025-12-31 03:00:00,2025,TARGET_BPA_1_ITR_T1,Ativo Total,ITRT1,RandomForest,738ab5d56509,151,raw,111791967.0,18.4649757082304,-181679714.2681286,181679751.19808003,363359465.46620864,True,181679732.73310432,0.1
07.859.971/0001-30,2025-03-31 03:00:00,2025,TARGET_BPA_1_ITR_T1,Ativo Total,ITRT1,RandomForest,738ab5d56509,151,raw,21504866.0,16.566828365778534,-181679716.16627595,181679749.2999327,363359465.46620864,True,181679732.73310432,0.1
07.859.971/0001-30,2025-06-30 03:00:00,2025,TARGET_BPA_1_ITR_T1,Ativo Total,ITRT1,RandomForest,738ab5d56509,151,raw,21812048.0,16.592021726896085,-181679716.14108258,181679749.32512605,363359465.46620864,True,181679732.73310432,0.1
07.859.971/0001-30,2025-09-30 03:00:00,2025,TARGET_BPA_1_ITR_T1,Ativo Total,ITRT1,RandomForest,738ab5d56509,151,raw,23268726.0,16.588214397411758,-181679716.14488992,181679749.32131872,363359465.46620864,True,181679732.73310432,0.1
07.859.971/0001-30,2025-12-31 03:00:00,2025,TARGET_BPA_1_ITR_T1,Ativo Total,ITRT1,RandomForest,738ab5d56509,151,raw,23268726.0,16.568909890568793,-181679716.16419443,181679749.3020142,363359465.46620864,True,181679732.73310432,0.1
10.629.105/0001-68,2025-03-31 03:00:00,2025,TARGET_BPA_1_ITR_T1,Ativo Total,ITRT1,RandomForest,738ab5d56509,151,raw,55437714.0,17.86645345360105,-181679714.86665088,181679750.59955776,363359465.46620864,True,181679732.73310432,0.1
10.629.105/0001-68,2025-06-30 03:00:00,2025,TARGET_BPA_1_ITR_T1,Ativo Total,ITRT1,RandomForest,738ab5d56509,151,raw,59729709.0,17.86155275425098,-181679714.87155157,181679750.59465706,363359465.46620864,True,181679732.73310432,0.1
10.629.105/0001-68,2025-09-30 03:00:00,2025,TARGET_BPA_1_ITR_T1,Ativo Total,ITRT1,RandomForest,738ab5d56509,151,raw,63548709.0,17.980612659284905,-181679714.75249165,181679750.71371698,363359465.46620864,True,181679732.73310432,0.1
10.629.105/0001-68,2025-12-31 03:00:00,2025,TARGET_BPA_1_ITR_T1,Ativo Total,ITRT1,RandomForest,738ab5d56509,151,raw,63548709.0,18.05350983317976,-181679714.6795945,181679750.78661415,363359465.46620864,True,181679732.73310432,0.1
16.404.287/0001-55,2025-03-31 03:00:00,2025,TARGET_BPA_1_ITR_T1,Ativo Total,ITRT1,RandomForest,738ab5d56509,151,raw,159422893.0,18.688422598315732,-181679714.04468173,181679751.4215269,363359465.46620864,True,181679732.73310432,0.1
16.404.287/0001-55,2025-06-30 03:00:00,2025,TARGET_BPA_1_ITR_T1,Ativo Total,ITRT1,RandomForest,738ab5d56509,151,raw,164416918.0,18.693426581608797,-181679714.03967774,181679751.4265309,363359465.46620864,True,181679732.73310432,0.1
16.404.287/0001-55,2025-09-30 03:00:00,2025,TARGET_BPA_1_ITR_T1,Ativo Total,ITRT1,RandomForest,738ab5d56509,151,raw,165825010.0,18.70536046436208,-181679714.02774385,181679751.4384648,363359465.46620864,True,181679732.73310432,0.1
16.404.287/0001-55,2025-12-31 03:00:00,2025,TARGET_BPA_1_ITR_T1,Ativo Total,ITRT1,RandomForest,738ab5d56509,151,raw,165825010.0,18.698414932323328,-181679714.0346894,181679751.43151924,363359465.46620864,True,181679732.73310432,0.1
16.590.234/0001-76,2025-03-31 03:00:00,2025,TARGET_BPA_1_ITR_T1,Ativo Total,ITRT1,RandomForest,738ab5d56509,151,raw,15516832.0,16.44809985633312,-181679716.28500447,181679749.18120417,363359465.46620864,True,181679732.73310432,0.1
16.590.234/0001-76,2025-06-30 03:00:00,2025,TARGET_BPA_1_ITR_T1,Ativo Total,ITRT1,RandomForest,738ab5d56509,151,raw,15516275.0,16.515307847915313,-181679716.21779647,181679749.24841216,363359465.46620864,True,181679732.73310432,0.1
16.590.234/0001-76,2025-09-30 03:00:00,2025,TARGET_BPA_1_ITR_T1,Ativo Total,ITRT1,RandomForest,738ab5d56509,151,raw,15193878.0,16.503993851819097,-181679716.22911048,181679749.23709816,363359465.46620864,True,181679732.73310432,0.1
16.590.234/0001-76,2025-12-31 03:00:00,2025,TARGET_BPA_1_ITR_T1,Ativo Total,ITRT1,RandomForest,738ab5d56509,151,raw,15193878.0,16.36576621502417,-181679716.3673381,181679749.09887055,363359465.46620864,True,181679732.73310432,0.1
24.990.777/0001-09,2025-03-31 03:00:00,2025,TARGET_BPA_1_ITR_T1,Ativo Total,ITRT1,RandomForest,738ab5d56509,151,raw,20393545.0,16.575096497319517,-181679716.15800783,181679749.3082008,363359465.46620864,True,181679732.73310432,0.1
24.990.777/0001-09,2025-06-30 03:00:00,2025,TARGET_BPA_1_ITR_T1,Ativo Total,ITRT1,RandomForest,738ab5d56509,151,raw,23696093.0,16.600366051010898,-181679716.13273826,181679749.33347037,363359465.46620864,True,181679732.73310432,0.1
24.990.777/0001-09,2025-09-30 03:00:00,2025,TARGET_BPA_1_ITR_T1,Ativo Total,ITRT1,RandomForest,738ab5d56509,151,raw,24737405.0,16.600366051010898,-181679716.13273826,181679749.33347037,363359465.46620864,True,181679732.73310432,0.1
24.990.777/0001-09,2025-12-31 03:00:00,2025,TARGET_BPA_1_ITR_T1,Ativo Total,ITRT1,RandomForest,738ab5d56509,151,raw,24737405.0,17.17709274744844,-181679715.55601156,181679749.91019708,363359465.46620864,True,181679732.73310432,0.1
33.000.167/0001-01,2025-03-31 03:00:00,2025,TARGET_BPA_1_ITR_T1,Ativo Total,ITRT1,RandomForest,738ab5d56509,151,raw,1174890000.0,20.70860563325128,-181679712.02449867,181679753.44170997,363359465.46620864,False,181679732.73310432,0.1
33.000.167/0001-01,2025-06-30 03:00:00,2025,TARGET_BPA_1_ITR_T1,Ativo Total,ITRT1,RandomForest,738ab5d56509,151,raw,1212038000.0,20.717945661717398,-181679712.01515865,181679753.45104998,363359465.46620864,False,181679732.73310432,0.1
33.000.167/0001-01,2025-09-30 03:00:00,2025,TARGET_BPA_1_ITR_T1,Ativo Total,ITRT1,RandomForest,738ab5d56509,151,raw,1246068000.0,20.67741041088136,-181679712.0556939,181679753.41051474,363359465.46620864,False,181679732.73310432,0.1
33.000.167/0001-01,2025-12-31 03:00:00,2025,TARGET_BPA_1_ITR_T1,Ativo Total,ITRT1,RandomForest,738ab5d56509,151,raw,1246068000.0,20.68286043333027,-181679712.05024388,181679753.41596475,363359465.46620864,False,181679732.73310432,0.1
33.042.730/0001-04,2025-03-31 03:00:00,2025,TARGET_BPA_1_ITR_T1,Ativo Total,ITRT1,RandomForest,738ab5d56509,151,raw,101070743.0,18.458953783326304,-181679714.27415052,181679751.19205812,363359465.46620864,True,181679732.73310432,0.1
33.042.730/0001-04,2025-06-30 03:00:00,2025,TARGET_BPA_1_ITR_T1,Ativo Total,ITRT1,RandomForest,738ab5d56509,151,raw,100825592.0,18.458953783326304,-181679714.27415052,181679751.19205812,363359465.46620864,True,181679732.73310432,0.1
33.042.730/0001-04,2025-09-30 03:00:00,2025,TARGET_BPA_1_ITR_T1,Ativo Total,ITRT1,RandomForest,738ab5d56509,151,raw,99128336.0,18.460646482765327,-181679714.27245784,181679751.1937508,363359465.46620864,True,181679732.73310432,0.1
33.042.730/0001-04,2025-12-31 03:00:00,2025,TARGET_BPA_1_ITR_T1,Ativo Total,ITRT1,RandomForest,738ab5d56509,151,raw,99128336.0,18.456985771057447,-181679714.27611855,181679751.1900901,363359465.46620864,True,181679732.73310432,0.1
33.256.439/0001-39,2025-03-31 03:00:00,2025,TARGET_BPA_1_ITR_T1,Ativo Total,ITRT1,RandomForest,738ab5d56509,151,raw,45608193.0,17.64723597102125,-181679715.08586836,181679750.38034028,363359465.46620864,True,181679732.73310432,0.1
33.256.439/0001-39,2025-06-30 03:00:00,2025,TARGET_BPA_1_ITR_T1,Ativo Total,ITRT1,RandomForest,738ab5d56509,151,raw,45564670.0,17.69109549779659,-181679715.04200882,181679750.42419982,363359465.46620864,True,181679732.73310432,0.1
33.256.439/0001-39,2025-09-30 03:00:00,2025,TARGET_BPA_1_ITR_T1,Ativo Total,ITRT1,RandomForest,738ab5d56509,151,raw,50217114.0,17.64723597102125,-181679715.08586836,181679750.38034028,363359465.46620864,True,181679732.73310432,0.1
33.256.439/0001-39,2025-12-31 03:00:00,2025,TARGET_BPA_1_ITR_T1,Ativo Total,ITRT1,RandomForest,738ab5d56509,151,raw,50217114.0,17.71679667416901,-181679715.01630765,181679750.44990098,363359465.46620864,True,181679732.73310432,0.1
33.453.598/0001-23,2025-03-31 03:00:00,2025,TARGET_BPA_1_ITR_T1,Ativo Total,ITRT1,RandomForest,738ab5d56509,151,raw,135725711.0,18.7109954941466,-181679714.02210882,181679751.4440998,363359465.46620864,True,181679732.73310432,0.1
33.453.598/0001-23,2025-06-30 03:00:00,2025,TARGET_BPA_1_ITR_T1,Ativo Total,ITRT1,RandomForest,738ab5d56509,151,raw,132793411.0,18.7109954941466,-181679714.02210882,181679751.4440998,363359465.46620864,True,181679732.73310432,0.1
33.453.598/0001-23,2025-09-30 03:00:00,2025,TARGET_BPA_1_ITR_T1,Ativo Total,ITRT1,RandomForest,738ab5d56509,151,raw,118686690.0,18.71251010465339,-181679714.0205942,181679751.44561443,363359465.46620864,True,181679732.73310432,0.1
33.592.510/0001-54,2025-03-31 03:00:00,2025,TARGET_BPA_1_ITR_T1,Ativo Total,ITRT1,RandomForest,738ab5d56509,151,raw,493226000.0,19.894242561696604,-181679712.83886176,181679752.62734687,363359465.46620864,False,181679732.73310432,0.1
33.592.510/0001-54,2025-06-30 03:00:00,2025,TARGET_BPA_1_ITR_T1,Ativo Total,ITRT1,RandomForest,738ab5d56509,151,raw,484953000.0,19.87645164972897,-181679712.85665268,181679752.60955596,363359465.46620864,False,181679732.73310432,0.1
33.592.510/0001-54,2025-09-30 03:00:00,2025,TARGET_BPA_1_ITR_T1,Ativo Total,ITRT1,RandomForest,738ab5d56509,151,raw,457173000.0,19.862033735842264,-181679712.8710706,181679752.59513804,363359465.46620864,False,181679732.73310432,0.1
33.592.510/0001-54,2025-12-31 03:00:00,2025,TARGET_BPA_1_ITR_T1,Ativo Total,ITRT1,RandomForest,738ab5d56509,151,raw,457173000.0,19.855920631210687,-181679712.87718368,181679752.58902496,363359465.46620864,False,181679732.73310432,0.1
33.611.500/0001-19,2025-03-31 03:00:00,2025,TARGET_BPA_1_ITR_T1,Ativo Total,ITRT1,RandomForest,738ab5d56509,151,raw,86854070.0,18.267298713766703,-181679714.4658056,181679751.00040305,363359465.46620864,True,181679732.73310432,0.1
33.611.500/0001-19,2025-06-30 03:00:00,2025,TARGET_BPA_1_ITR_T1,Ativo Total,ITRT1,RandomForest,738ab5d56509,151,raw,87255733.0,18.251128409198124,-181679714.4819759,181679750.98423272,363359465.46620864,True,181679732.73310432,0.1
33.611.500/0001-19,2025-09-30 03:00:00,2025,TARGET_BPA_1_ITR_T1,Ativo Total,ITRT1,RandomForest,738ab5d56509,151,raw,81047539.0,18.251128409198124,-181679714.4819759,181679750.98423272,363359465.46620864,True,181679732.73310432,0.1
33.611.500/0001-19,2025-12-31 03:00:00,2025,TARGET_BPA_1_ITR_T1,Ativo Total,ITRT1,RandomForest,738ab5d56509,151,raw,81047539.0,18.152809630289706,-181679714.5802947,181679750.88591394,363359465.46620864,True,181679732.73310432,0.1
34.274.233/0001-02,2025-03-31 03:00:00,2025,TARGET_BPA_1_ITR_T1,Ativo Total,ITRT1,RandomForest,738ab5d56509,151,raw,59651000.0,17.95184044524361,-181679714.7812639,181679750.68494475,363359465.46620864,True,181679732.73310432,0.1
34.274.233/0001-02,2025-06-30 03:00:00,2025,TARGET_BPA_1_ITR_T1,Ativo Total,ITRT1,RandomForest,738ab5d56509,151,raw,60987000.0,17.940539081024987,-181679714.79256523,181679750.6736434,363359465.46620864,True,181679732.73310432,0.1
34.274.233/0001-02,2025-09-30 03:00:00,2025,TARGET_BPA_1_ITR_T1,Ativo Total,ITRT1,RandomForest,738ab5d56509,151,raw,64225000.0,18.00833427518128,-181679714.72477004,181679750.7414386,363359465.46620864,True,181679732.73310432,0.1
34.274.233/0001-02,2025-12-31 03:00:00,2025,TARGET_BPA_1_ITR_T1,Ativo Total,ITRT1,RandomForest,738ab5d56509,151,raw,64225000.0,18.036423491971295,-181679714.6966808,181679750.76952782,363359465.46620864,True,181679732.73310432,0.1
47.960.950/0001-21,2025-03-31 03:00:00,2025,TARGET_BPA_1_ITR_T1,Ativo Total,ITRT1,RandomForest,738ab5d56509,151,raw,36913613.0,17.37565369404734,-181679715.35745063,181679750.108758,363359465.46620864,True,181679732.73310432,0.1
47.960.950/0001-21,2025-06-30 03:00:00,2025,TARGET_BPA_1_ITR_T1,Ativo Total,ITRT1,RandomForest,738ab5d56509,151,raw,37221991.0,17.359963660917973,-181679715.37314066,181679750.09306797,363359465.46620864,True,181679732.73310432,0.1
47.960.950/0001-21,2025-09-30 03:00:00,2025,TARGET_BPA_1_ITR_T1,Ativo Total,ITRT1,RandomForest,738ab5d56509,151,raw,36712079.0,17.359963660917973,-181679715.37314066,181679750.09306797,363359465.46620864,True,181679732.73310432,0.1
47.960.950/0001-21,2025-12-31 03:00:00,2025,TARGET_BPA_1_ITR_T1,Ativo Total,ITRT1,RandomForest,738ab5d56509,151,raw,36712079.0,17.35161360887763,-181679715.3814907,181679750.08471793,363359465.46620864,True,181679732.73310432,0.1
53.113.791/0001-22,2025-03-31 03:00:00,2025,TARGET_BPA_1_ITR_T1,Ativo Total,ITRT1,RandomForest,738ab5d56509,151,raw,8962553.0,16.16143782698438,-181679716.57166648,181679748.89454216,363359465.46620864,True,181679732.73310432,0.1
53.113.791/0001-22,2025-06-30 03:00:00,2025,TARGET_BPA_1_ITR_T1,Ativo Total,ITRT1,RandomForest,738ab5d56509,151,raw,9219852.0,16.180004102234278,-181679716.55310023,181679748.9131084,363359465.46620864,True,181679732.73310432,0.1
53.113.791/0001-22,2025-09-30 03:00:00,2025,TARGET_BPA_1_ITR_T1,Ativo Total,ITRT1,RandomForest,738ab5d56509,151,raw,13053566.0,16.209016725265286,-181679716.5240876,181679748.94212103,363359465.46620864,True,181679732.73310432,0.1
53.113.791/0001-22,2025-12-31 03:00:00,2025,TARGET_BPA_1_ITR_T1,Ativo Total,ITRT1,RandomForest,738ab5d56509,151,raw,13053566.0,16.4891686914049,-181679716.2439356,181679749.22227302,363359465.46620864,True,181679732.73310432,0.1
61.079.117/0001-05,2025-03-31 03:00:00,2025,TARGET_BPA_1_ITR_T1,Ativo Total,ITRT1,RandomForest,738ab5d56509,151,raw,6194674.0,15.523301817302315,-181679717.2098025,181679748.25640613,363359465.46620864,True,181679732.73310432,0.1
61.079.117/0001-05,2025-06-30 03:00:00,2025,TARGET_BPA_1_ITR_T1,Ativo Total,ITRT1,RandomForest,738ab5d56509,151,raw,6236192.0,15.587843775921137,-181679717.14526054,181679748.3209481,363359465.46620864,True,181679732.73310432,0.1
61.079.117/0001-05,2025-09-30 03:00:00,2025,TARGET_BPA_1_ITR_T1,Ativo Total,ITRT1,RandomForest,738ab5d56509,151,raw,6287102.0,15.622465339993823,-181679717.11063898,181679748.35556966,363359465.46620864,True,181679732.73310432,0.1
61.079.117/0001-05,2025-12-31 03:00:00,2025,TARGET_BPA_1_ITR_T1,Ativo Total,ITRT1,RandomForest,738ab5d56509,151,raw,6287102.0,15.551100850190378,-181679717.18200347,181679748.28420517,363359465.46620864,True,181679732.73310432,0.1
81.243.735/0001-48,2025-03-31 03:00:00,2025,TARGET_BPA_1_ITR_T1,Ativo Total,ITRT1,RandomForest,738ab5d56509,151,raw,4162288.0,15.242799427528247,-181679717.4903049,181679747.97590375,363359465.46620864,True,181679732.73310432,0.1
81.243.735/0001-48,2025-06-30 03:00:00,2025,TARGET_BPA_1_ITR_T1,Ativo Total,ITRT1,RandomForest,738ab5d56509,151,raw,4446008.0,15.243338837315786,-181679717.4897655,181679747.97644314,363359465.46620864,True,181679732.73310432,0.1
81.243.735/0001-48,2025-09-30 03:00:00,2025,TARGET_BPA_1_ITR_T1,Ativo Total,ITRT1,RandomForest,738ab5d56509,151,raw,4384121.0,15.354952391847768,-181679717.37815192,181679748.0880567,363359465.46620864,True,181679732.73310432,0.1
81.243.735/0001-48,2025-12-31 03:00:00,2025,TARGET_BPA_1_ITR_T1,Ativo Total,ITRT1,RandomForest,738ab5d56509,151,raw,4384121.0,15.33553819947624,-181679717.3975661,181679748.06864253,363359465.46620864,True,181679732.73310432,0.1
82.901.000/0001-27,2025-03-31 03:00:00,2025,TARGET_BPA_1_ITR_T1,Ativo Total,ITRT1,RandomForest,738ab5d56509,151,raw,5211775.0,15.469159618120573,-181679717.2639447,181679748.20226395,363359465.46620864,True,181679732.73310432,0.1
82.901.000/0001-27,2025-06-30 03:00:00,2025,TARGET_BPA_1_ITR_T1,Ativo Total,ITRT1,RandomForest,738ab5d56509,151,raw,5591369.0,15.467198741971883,-181679717.2659056,181679748.20030305,363359465.46620864,True,181679732.73310432,0.1
82.901.000/0001-27,2025-09-30 03:00:00,2025,TARGET_BPA_1_ITR_T1,Ativo Total,ITRT1,RandomForest,738ab5d56509,151,raw,5404258.0,15.610125650081526,-181679717.12297866,181679748.34322998,363359465.46620864,True,181679732.73310432,0.1
82.901.000/0001-27,2025-12-31 03:00:00,2025,TARGET_BPA_1_ITR_T1,Ativo Total,ITRT1,RandomForest,738ab5d56509,151,raw,5404258.0,15.525561135509706,-181679717.2075432,181679748.25866544,363359465.46620864,True,181679732.73310432,0.1
84.429.695/0001-11,2025-03-31 03:00:00,2025,TARGET_BPA_1_ITR_T1,Ativo Total,ITRT1,RandomForest,738ab5d56509,151,raw,39836839.0,17.511834927226772,-181679715.2212694,181679750.24493924,363359465.46620864,True,181679732.73310432,0.1
84.429.695/0001-11,2025-06-30 03:00:00,2025,TARGET_BPA_1_ITR_T1,Ativo Total,ITRT1,RandomForest,738ab5d56509,151,raw,41494475.0,17.51088190362565,-181679715.22222242,181679750.24398622,363359465.46620864,True,181679732.73310432,0.1
84.429.695/0001-11,2025-09-30 03:00:00,2025,TARGET_BPA_1_ITR_T1,Ativo Total,ITRT1,RandomForest,738ab5d56509,151,raw,43377646.0,17.59661130619011,-181679715.136493,181679750.32971564,363359465.46620864,True,181679732.73310432,0.1
84.429.695/0001-11,2025-12-31 03:00:00,2025,TARGET_BPA_1_ITR_T1,Ativo Total,ITRT1,RandomForest,738ab5d56509,151,raw,43377646.0,17.62330181778309,-181679715.1098025,181679750.35640612,363359465.46620864,True,181679732.73310432,0.1
89.637.490/0001-45,2025-03-31 03:00:00,2025,TARGET_BPA_1_ITR_T1,Ativo Total,ITRT1,RandomForest,738ab5d56509,151,raw,60335243.0,17.994387473244238,-181679714.73871684,181679750.7274918,363359465.46620864,True,181679732.73310432,0.1
89.637.490/0001-45,2025-06-30 03:00:00,2025,TARGET_BPA_1_ITR_T1,Ativo Total,ITRT1,RandomForest,738ab5d56509,151,raw,62163679.0,17.99771317971944,-181679714.73539114,181679750.7308175,363359465.46620864,True,181679732.73310432,0.1
89.637.490/0001-45,2025-09-30 03:00:00,2025,TARGET_BPA_1_ITR_T1,Ativo Total,ITRT1,RandomForest,738ab5d56509,151,raw,62090634.0,18.01750941755871,-181679714.7155949,181679750.75061375,363359465.46620864,True,181679732.73310432,0.1
89.637.490/0001-45,2025-12-31 03:00:00,2025,TARGET_BPA_1_ITR_T1,Ativo Total,ITRT1,RandomForest,738ab5d56509,151,raw,62090634.0,18.017677529415927,-181679714.7154268,181679750.75078183,363359465.46620864,True,181679732.73310432,0.1
92.754.738/0001-62,2025-03-31 03:00:00,2025,TARGET_BPA_1_ITR_T1,Ativo Total,ITRT1,RandomForest,738ab5d56509,151,raw,18735315.0,16.569291667759416,-181679716.16381264,181679749.302396,363359465.46620864,True,181679732.73310432,0.1
92.754.738/0001-62,2025-06-30 03:00:00,2025,TARGET_BPA_1_ITR_T1,Ativo Total,ITRT1,RandomForest,738ab5d56509,151,raw,18348667.0,16.59538111573535,-181679716.1377232,181679749.32848543,363359465.46620864,True,181679732.73310432,0.1
92.754.738/0001-62,2025-09-30 03:00:00,2025,TARGET_BPA_1_ITR_T1,Ativo Total,ITRT1,RandomForest,738ab5d56509,151,raw,18872967.0,16.59538111573535,-181679716.1377232,181679749.32848543,363359465.46620864,True,181679732.73310432,0.1
92.754.738/0001-62,2025-12-31 03:00:00,2025,TARGET_BPA_1_ITR_T1,Ativo Total,ITRT1,RandomForest,738ab5d56509,151,raw,18872967.0,16.56526085100528,-181679716.16784346,181679749.29836518,363359465.46620864,True,181679732.73310432,0.1
02.429.144/0001-93,2025-03-31 03:00:00,2025,TARGET_BPA_1_ITR_T2,Ativo Total,ITRT2,GradientBoosting,40e4b90b8a33,151,raw,82448147.0,18.22222049289792,-185785668.75252935,185785705.1969703,371571373.94949967,True,185785686.97474983,0.1
02.429.144/0001-93,2025-06-30 03:00:00,2025,TARGET_BPA_1_ITR_T2,Ativo Total,ITRT2,GradientBoosting,40e4b90b8a33,151,raw,83990552.0,18.258831143545542,-185785668.7159187,185785705.23358098,371571373.94949967,True,185785686.97474983,0.1
02.474.103/0001-19,2025-03-31 03:00:00,2025,TARGET_BPA_1_ITR_T2,Ativo Total,ITRT2,GradientBoosting,40e4b90b8a33,151,raw,56544112.0,17.82494384516805,-185785669.149806,185785704.79969367,371571373.94949967,True,185785686.97474983,0.1
02.474.103/0001-19,2025-06-30 03:00:00,2025,TARGET_BPA_1_ITR_T2,Ativo Total,ITRT2,GradientBoosting,40e4b90b8a33,151,raw,58695282.0,17.880375986695462,-185785669.09437385,185785704.8551258,371571373.94949967,True,185785686.97474983,0.1
02.998.611/0001-04,2025-03-31 03:00:00,2025,TARGET_BPA_1_ITR_T2,Ativo Total,ITRT2,GradientBoosting,40e4b90b8a33,151,raw,45643761.0,17.564865311321796,-185785669.4098845,185785704.53961515,371571373.94949967,True,185785686.97474983,0.1
02.998.611/0001-04,2025-06-30 03:00:00,2025,TARGET_BPA_1_ITR_T2,Ativo Total,ITRT2,GradientBoosting,40e4b90b8a33,151,raw,47938943.0,17.603647682740515,-185785669.37110215,185785704.5783975,371571373.94949967,True,185785686.97474983,0.1
03.220.438/0001-73,2025-03-31 03:00:00,2025,TARGET_BPA_1_ITR_T2,Ativo Total,ITRT2,GradientBoosting,40e4b90b8a33,151,raw,126167097.0,18.665387932992218,-185785668.3093619,185785705.64013776,371571373.94949967,True,185785686.97474983,0.1
03.220.438/0001-73,2025-06-30 03:00:00,2025,TARGET_BPA_1_ITR_T2,Ativo Total,ITRT2,GradientBoosting,40e4b90b8a33,151,raw,111791967.0,18.678773914286193,-185785668.29597592,185785705.65352374,371571373.94949967,True,185785686.97474983,0.1
07.859.971/0001-30,2025-03-31 03:00:00,2025,TARGET_BPA_1_ITR_T2,Ativo Total,ITRT2,GradientBoosting,40e4b90b8a33,151,raw,21812048.0,16.74468035677811,-185785670.2300695,185785703.71943018,371571373.94949967,True,185785686.97474983,0.1
07.859.971/0001-30,2025-06-30 03:00:00,2025,TARGET_BPA_1_ITR_T2,Ativo Total,ITRT2,GradientBoosting,40e4b90b8a33,151,raw,23268726.0,16.84507831324002,-185785670.1296715,185785703.81982815,371571373.94949967,True,185785686.97474983,0.1
10.629.105/0001-68,2025-03-31 03:00:00,2025,TARGET_BPA_1_ITR_T2,Ativo Total,ITRT2,GradientBoosting,40e4b90b8a33,151,raw,59729709.0,17.890717688902036,-185785669.08403215,185785704.86546752,371571373.94949967,True,185785686.97474983,0.1
10.629.105/0001-68,2025-06-30 03:00:00,2025,TARGET_BPA_1_ITR_T2,Ativo Total,ITRT2,GradientBoosting,40e4b90b8a33,151,raw,63548709.0,18.116565351282357,-185785668.8581845,185785705.09131518,371571373.94949967,True,185785686.97474983,0.1
16.404.287/0001-55,2025-03-31 03:00:00,2025,TARGET_BPA_1_ITR_T2,Ativo Total,ITRT2,GradientBoosting,40e4b90b8a33,151,raw,164416918.0,18.84603240657744,-185785668.12871742,185785705.82078224,371571373.94949967,True,185785686.97474983,0.1
16.404.287/0001-55,2025-06-30 03:00:00,2025,TARGET_BPA_1_ITR_T2,Ativo Total,ITRT2,GradientBoosting,40e4b90b8a33,151,raw,165825010.0,18.848501679592367,-185785668.12624815,185785705.82325152,371571373.94949967,True,185785686.97474983,0.1
16.590.234/0001-76,2025-03-31 03:00:00,2025,TARGET_BPA_1_ITR_T2,Ativo Total,ITRT2,GradientBoosting,40e4b90b8a33,151,raw,15516275.0,16.36660137096208,-185785670.60814846,185785703.3413512,371571373.94949967,True,185785686.97474983,0.1
16.590.234/0001-76,2025-06-30 03:00:00,2025,TARGET_BPA_1_ITR_T2,Ativo Total,ITRT2,GradientBoosting,40e4b90b8a33,151,raw,15193878.0,16.51168729946616,-185785670.46306252,185785703.48643714,371571373.94949967,True,185785686.97474983,0.1
24.990.777/0001-09,2025-03-31 03:00:00,2025,TARGET_BPA_1_ITR_T2,Ativo Total,ITRT2,GradientBoosting,40e4b90b8a33,151,raw,23696093.0,16.66097698120135,-185785670.31377286,185785703.6357268,371571373.94949967,True,185785686.97474983,0.1
24.990.777/0001-09,2025-06-30 03:00:00,2025,TARGET_BPA_1_ITR_T2,Ativo Total,ITRT2,GradientBoosting,40e4b90b8a33,151,raw,24737405.0,16.74616842014333,-185785670.2285814,185785703.72091827,371571373.94949967,True,185785686.97474983,0.1
33.000.167/0001-01,2025-03-31 03:00:00,2025,TARGET_BPA_1_ITR_T2,Ativo Total,ITRT2,GradientBoosting,40e4b90b8a33,151,raw,1212038000.0,20.715896831397085,-185785666.258853,185785707.69064668,371571373.94949967,False,185785686.97474983,0.1
33.000.167/0001-01,2025-06-30 03:00:00,2025,TARGET_BPA_1_ITR_T2,Ativo Total,ITRT2,GradientBoosting,40e4b90b8a33,151,raw,1246068000.0,20.74364141218199,-185785666.23110843,185785707.71839124,371571373.94949967,False,185785686.97474983,0.1
33.042.730/0001-04,2025-03-31 03:00:00,2025,TARGET_BPA_1_ITR_T2,Ativo Total,ITRT2,GradientBoosting,40e4b90b8a33,151,raw,100825592.0,18.402230668255417,-185785668.57251915,185785705.3769805,371571373.94949967,True,185785686.97474983,0.1
33.042.730/0001-04,2025-06-30 03:00:00,2025,TARGET_BPA_1_ITR_T2,Ativo Total,ITRT2,GradientBoosting,40e4b90b8a33,151,raw,99128336.0,18.415880556733473,-185785668.55886927,185785705.3906304,371571373.94949967,True,185785686.97474983,0.1
33.256.439/0001-39,2025-03-31 03:00:00,2025,TARGET_BPA_1_ITR_T2,Ativo Total,ITRT2,GradientBoosting,40e4b90b8a33,151,raw,45564670.0,17.615988593624728,-185785669.35876125,185785704.59073842,371571373.94949967,True,185785686.97474983,0.1
33.256.439/0001-39,2025-06-30 03:00:00,2025,TARGET_BPA_1_ITR_T2,Ativo Total,ITRT2,GradientBoosting,40e4b90b8a33,151,raw,50217114.0,17.67014462297087,-185785669.30460522,185785704.64489445,371571373.94949967,True,185785686.97474983,0.1
33.453.598/0001-23,2025-03-31 03:00:00,2025,TARGET_BPA_1_ITR_T2,Ativo Total,ITRT2,GradientBoosting,40e4b90b8a33,151,raw,132793411.0,18.79665548415723,-185785668.17809436,185785705.7714053,371571373.94949967,True,185785686.97474983,0.1
33.453.598/0001-23,2025-06-30 03:00:00,2025,TARGET_BPA_1_ITR_T2,Ativo Total,ITRT2,GradientBoosting,40e4b90b8a33,151,raw,118686690.0,18.639192443129822,-185785668.3355574,185785705.61394227,371571373.94949967,True,185785686.97474983,0.1
33.592.510/0001-54,2025-03-31 03:00:00,2025,TARGET_BPA_1_ITR_T2,Ativo Total,ITRT2,GradientBoosting,40e4b90b8a33,151,raw,484953000.0,19.919850143476697,-185785667.0548997,185785706.89459997,371571373.94949967,False,185785686.97474983,0.1
33.592.510/0001-54,2025-06-30 03:00:00,2025,TARGET_BPA_1_ITR_T2,Ativo Total,ITRT2,GradientBoosting,40e4b90b8a33,151,raw,457173000.0,19.918142535106686,-185785667.0566073,185785706.89289236,371571373.94949967,False,185785686.97474983,0.1
33.611.500/0001-19,2025-03-31 03:00:00,2025,TARGET_BPA_1_ITR_T2,Ativo Total,ITRT2,GradientBoosting,40e4b90b8a33,151,raw,87255733.0,18.23237542854934,-185785668.7423744,185785705.20712528,371571373.94949967,True,185785686.97474983,0.1
33.611.500/0001-19,2025-06-30 03:00:00,2025,TARGET_BPA_1_ITR_T2,Ativo Total,ITRT2,GradientBoosting,40e4b90b8a33,151,raw,81047539.0,18.22574287461178,-185785668.74900696,185785705.2004927,371571373.94949967,True,185785686.97474983,0.1
34.274.233/0001-02,2025-03-31 03:00:00,2025,TARGET_BPA_1_ITR_T2,Ativo Total,ITRT2,GradientBoosting,40e4b90b8a33,151,raw,60987000.0,17.956569373025395,-185785669.01818046,185785704.9313192,371571373.94949967,True,185785686.97474983,0.1
34.274.233/0001-02,2025-06-30 03:00:00,2025,TARGET_BPA_1_ITR_T2,Ativo Total,ITRT2,GradientBoosting,40e4b90b8a33,151,raw,64225000.0,18.02488164128491,-185785668.9498682,185785704.99963146,371571373.94949967,True,185785686.97474983,0.1
47.960.950/0001-21,2025-03-31 03:00:00,2025,TARGET_BPA_1_ITR_T2,Ativo Total,ITRT2,GradientBoosting,40e4b90b8a33,151,raw,37221991.0,17.384531898016906,-185785669.59021795,185785704.35928172,371571373.94949967,True,185785686.97474983,0.1
47.960.950/0001-21,2025-06-30 03:00:00,2025,TARGET_BPA_1_ITR_T2,Ativo Total,ITRT2,GradientBoosting,40e4b90b8a33,151,raw,36712079.0,17.39302977720822,-185785669.58172005,185785704.3677796,371571373.94949967,True,185785686.97474983,0.1
53.113.791/0001-22,2025-03-31 03:00:00,2025,TARGET_BPA_1_ITR_T2,Ativo Total,ITRT2,GradientBoosting,40e4b90b8a33,151,raw,9219852.0,16.030820464627027,-185785670.94392937,185785703.0055703,371571373.94949967,True,185785686.97474983,0.1
53.113.791/0001-22,2025-06-30 03:00:00,2025,TARGET_BPA_1_ITR_T2,Ativo Total,ITRT2,GradientBoosting,40e4b90b8a33,151,raw,13053566.0,16.112321878077026,-185785670.86242795,185785703.08707172,371571373.94949967,True,185785686.97474983,0.1
61.079.117/0001-05,2025-03-31 03:00:00,2025,TARGET_BPA_1_ITR_T2,Ativo Total,ITRT2,GradientBoosting,40e4b90b8a33,151,raw,6236192.0,15.554756121050316,-185785671.4199937,185785702.52950597,371571373.94949967,True,185785686.97474983,0.1
61.079.117/0001-05,2025-06-30 03:00:00,2025,TARGET_BPA_1_ITR_T2,Ativo Total,ITRT2,GradientBoosting,40e4b90b8a33,151,raw,6287102.0,15.580564294600835,-185785671.39418554,185785702.55531412,371571373.94949967,True,185785686.97474983,0.1
81.243.735/0001-48,2025-03-31 03:00:00,2025,TARGET_BPA_1_ITR_T2,Ativo Total,ITRT2,GradientBoosting,40e4b90b8a33,151,raw,4446008.0,15.295901846829507,-185785671.678848,185785702.27065167,371571373.94949967,True,185785686.97474983,0.1
81.243.735/0001-48,2025-06-30 03:00:00,2025,TARGET_BPA_1_ITR_T2,Ativo Total,ITRT2,GradientBoosting,40e4b90b8a33,151,raw,4384121.0,15.331555331961267,-185785671.6431945,185785702.30630517,371571373.94949967,True,185785686.97474983,0.1
82.901.000/0001-27,2025-03-31 03:00:00,2025,TARGET_BPA_1_ITR_T2,Ativo Total,ITRT2,GradientBoosting,40e4b90b8a33,151,raw,5591369.0,15.51331266928837,-185785671.46143717,185785702.4880625,371571373.94949967,True,185785686.97474983,0.1
82.901.000/0001-27,2025-06-30 03:00:00,2025,TARGET_BPA_1_ITR_T2,Ativo Total,ITRT2,GradientBoosting,40e4b90b8a33,151,raw,5404258.0,15.608861609142151,-185785671.36588824,185785702.58361143,371571373.94949967,True,185785686.97474983,0.1
84.429.695/0001-11,2025-03-31 03:00:00,2025,TARGET_BPA_1_ITR_T2,Ativo Total,ITRT2,GradientBoosting,40e4b90b8a33,151,raw,41494475.0,17.57529858989824,-185785669.39945126,185785704.5500484,371571373.94949967,True,185785686.97474983,0.1
84.429.695/0001-11,2025-06-30 03:00:00,2025,TARGET_BPA_1_ITR_T2,Ativo Total,ITRT2,GradientBoosting,40e4b90b8a33,151,raw,43377646.0,17.594873261150237,-185785669.37987658,185785704.56962308,371571373.94949967,True,185785686.97474983,0.1
89.637.490/0001-45,2025-03-31 03:00:00,2025,TARGET_BPA_1_ITR_T2,Ativo Total,ITRT2,GradientBoosting,40e4b90b8a33,151,raw,62163679.0,17.966469327631824,-185785669.00828052,185785704.94121915,371571373.94949967,True,185785686.97474983,0.1
89.637.490/0001-45,2025-06-30 03:00:00,2025,TARGET_BPA_1_ITR_T2,Ativo Total,ITRT2,GradientBoosting,40e4b90b8a33,151,raw,62090634.0,17.98943046199965,-185785668.98531938,185785704.9641803,371571373.94949967,True,185785686.97474983,0.1
92.754.738/0001-62,2025-03-31 03:00:00,2025,TARGET_BPA_1_ITR_T2,Ativo Total,ITRT2,GradientBoosting,40e4b90b8a33,151,raw,18348667.0,16.700003388991718,-185785670.27474645,185785703.67475322,371571373.94949967,True,185785686.97474983,0.1
92.754.738/0001-62,2025-06-30 03:00:00,2025,TARGET_BPA_1_ITR_T2,Ativo Total,ITRT2,GradientBoosting,40e4b90b8a33,151,raw,18872967.0,16.82727712397841,-185785670.1474727,185785703.80202696,371571373.94949967,True,185785686.97474983,0.1
02.429.144/0001-93,2025-03-31 03:00:00,2025,TARGET_BPA_1_ITR_T3,Ativo Total,ITRT3,GradientBoosting,1c9b533a8401,152,raw,83990552.0,18.278536101733184,-190638137.62221542,190638174.17928764,381276311.80150306,True,190638155.90075153,0.1
02.474.103/0001-19,2025-03-31 03:00:00,2025,TARGET_BPA_1_ITR_T3,Ativo Total,ITRT3,GradientBoosting,1c9b533a8401,152,raw,58695282.0,17.934775055594432,-190638137.96597648,190638173.8355266,381276311.80150306,True,190638155.90075153,0.1
02.998.611/0001-04,2025-03-31 03:00:00,2025,TARGET_BPA_1_ITR_T3,Ativo Total,ITRT3,GradientBoosting,1c9b533a8401,152,raw,47938943.0,17.689440351136152,-190638138.2113112,190638173.59019187,381276311.80150306,True,190638155.90075153,0.1
03.220.438/0001-73,2025-03-31 03:00:00,2025,TARGET_BPA_1_ITR_T3,Ativo Total,ITRT3,GradientBoosting,1c9b533a8401,152,raw,111791967.0,18.709901635476225,-190638137.1908499,190638174.61065316,381276311.80150306,True,190638155.90075153,0.1
07.859.971/0001-30,2025-03-31 03:00:00,2025,TARGET_BPA_1_ITR_T3,Ativo Total,ITRT3,GradientBoosting,1c9b533a8401,152,raw,23268726.0,16.904880401301494,-190638138.99587113,190638172.80563194,381276311.80150306,True,190638155.90075153,0.1
10.629.105/0001-68,2025-03-31 03:00:00,2025,TARGET_BPA_1_ITR_T3,Ativo Total,ITRT3,GradientBoosting,1c9b533a8401,152,raw,63548709.0,17.93529460162847,-190638137.96545693,190638173.83604613,381276311.80150306,True,190638155.90075153,0.1
16.404.287/0001-55,2025-03-31 03:00:00,2025,TARGET_BPA_1_ITR_T3,Ativo Total,ITRT3,GradientBoosting,1c9b533a8401,152,raw,165825010.0,18.87024289676148,-190638137.03050864,190638174.77099442,381276311.80150306,True,190638155.90075153,0.1
16.590.234/0001-76,2025-03-31 03:00:00,2025,TARGET_BPA_1_ITR_T3,Ativo Total,ITRT3,GradientBoosting,1c9b533a8401,152,raw,15193878.0,16.54912807100698,-190638139.35162345,190638172.44987962,381276311.80150306,True,190638155.90075153,0.1
24.990.777/0001-09,2025-03-31 03:00:00,2025,TARGET_BPA_1_ITR_T3,Ativo Total,ITRT3,GradientBoosting,1c9b533a8401,152,raw,24737405.0,16.902602034508302,-190638138.99814948,190638172.80335358,381276311.80150306,True,190638155.90075153,0.1
33.000.167/0001-01,2025-03-31 03:00:00,2025,TARGET_BPA_1_ITR_T3,Ativo Total,ITRT3,GradientBoosting,1c9b533a8401,152,raw,1246068000.0,20.764034014537128,-190638135.13671753,190638176.66478553,381276311.80150306,False,190638155.90075153,0.1
33.042.730/0001-04,2025-03-31 03:00:00,2025,TARGET_BPA_1_ITR_T3,Ativo Total,ITRT3,GradientBoosting,1c9b533a8401,152,raw,99128336.0,18.518122087999423,-190638137.38262945,190638174.4188736,381276311.80150306,True,190638155.90075153,0.1
33.256.439/0001-39,2025-03-31 03:00:00,2025,TARGET_BPA_1_ITR_T3,Ativo Total,ITRT3,GradientBoosting,1c9b533a8401,152,raw,50217114.0,17.696296990461818,-190638138.20445454,190638173.59704852,381276311.80150306,True,190638155.90075153,0.1
33.453.598/0001-23,2025-03-31 03:00:00,2025,TARGET_BPA_1_ITR_T3,Ativo Total,ITRT3,GradientBoosting,1c9b533a8401,152,raw,118686690.0,18.668575843406714,-190638137.23217568,190638174.56932738,381276311.80150306,True,190638155.90075153,0.1
33.592.510/0001-54,2025-03-31 03:00:00,2025,TARGET_BPA_1_ITR_T3,Ativo Total,ITRT3,GradientBoosting,1c9b533a8401,152,raw,457173000.0,19.934948645311334,-190638135.96580288,190638175.83570018,381276311.80150306,False,190638155.90075153,0.1
33.611.500/0001-19,2025-03-31 03:00:00,2025,TARGET_BPA_1_ITR_T3,Ativo Total,ITRT3,GradientBoosting,1c9b533a8401,152,raw,81047539.0,18.28072155183195,-190638137.62003,190638174.18147308,381276311.80150306,True,190638155.90075153,0.1
34.274.233/0001-02,2025-03-31 03:00:00,2025,TARGET_BPA_1_ITR_T3,Ativo Total,ITRT3,GradientBoosting,1c9b533a8401,152,raw,64225000.0,18.01675279697827,-190638137.88399872,190638173.91750434,381276311.80150306,True,190638155.90075153,0.1
47.960.950/0001-21,2025-03-31 03:00:00,2025,TARGET_BPA_1_ITR_T3,Ativo Total,ITRT3,GradientBoosting,1c9b533a8401,152,raw,36712079.0,17.452034468341875,-190638138.44871706,190638173.352786,381276311.80150306,True,190638155.90075153,0.1
53.113.791/0001-22,2025-03-31 03:00:00,2025,TARGET_BPA_1_ITR_T3,Ativo Total,ITRT3,GradientBoosting,1c9b533a8401,152,raw,13053566.0,16.13109732471324,-190638139.7696542,190638172.03184885,381276311.80150306,True,190638155.90075153,0.1
61.079.117/0001-05,2025-03-31 03:00:00,2025,TARGET_BPA_1_ITR_T3,Ativo Total,ITRT3,GradientBoosting,1c9b533a8401,152,raw,6287102.0,15.785520964290972,-190638140.11523056,190638171.6862725,381276311.80150306,True,190638155.90075153,0.1
81.243.735/0001-48,2025-03-31 03:00:00,2025,TARGET_BPA_1_ITR_T3,Ativo Total,ITRT3,GradientBoosting,1c9b533a8401,152,raw,4384121.0,15.352759939893696,-190638140.5479916,190638171.25351146,381276311.80150306,True,190638155.90075153,0.1
82.901.000/0001-27,2025-03-31 03:00:00,2025,TARGET_BPA_1_ITR_T3,Ativo Total,ITRT3,GradientBoosting,1c9b533a8401,152,raw,5404258.0,15.594137795021162,-190638140.30661374,190638171.49488932,381276311.80150306,True,190638155.90075153,0.1
84.429.695/0001-11,2025-03-31 03:00:00,2025,TARGET_BPA_1_ITR_T3,Ativo Total,ITRT3,GradientBoosting,1c9b533a8401,152,raw,43377646.0,17.59610055530299,-190638138.30465096,190638173.4968521,381276311.80150306,True,190638155.90075153,0.1
89.637.490/0001-45,2025-03-31 03:00:00,2025,TARGET_BPA_1_ITR_T3,Ativo Total,ITRT3,GradientBoosting,1c9b533a8401,152,raw,62090634.0,17.99926571415332,-190638137.90148583,190638173.90001723,381276311.80150306,True,190638155.90075153,0.1
92.754.738/0001-62,2025-03-31 03:00:00,2025,TARGET_BPA_1_ITR_T3,Ativo Total,ITRT3,GradientBoosting,1c9b533a8401,152,raw,18872967.0,16.799547452368337,-190638139.10120407,190638172.700299,381276311.80150306,True,190638155.90075153,0.1
02.429.144/0001-93,2025-03-31 03:00:00,2025,TARGET_BPA_1_DFP,Ativo Total,DFP,GradientBoosting,f708a2164507,150,raw,81099930.0,18.25449901781417,-193615355.11220896,193615391.621207,387230746.73341596,True,193615373.36670798,0.1
02.429.144/0001-93,2025-06-30 03:00:00,2025,TARGET_BPA_1_DFP,Ativo Total,DFP,GradientBoosting,f708a2164507,150,raw,81099930.0,18.29361335958395,-193615355.0730946,193615391.66032135,387230746.73341596,True,193615373.36670798,0.1
02.429.144/0001-93,2025-09-30 03:00:00,2025,TARGET_BPA_1_DFP,Ativo Total,DFP,GradientBoosting,f708a2164507,150,raw,81099930.0,16.940829728111545,-193615356.42587826,193615390.3075377,387230746.73341596,True,193615373.36670798,0.1
02.474.103/0001-19,2025-03-31 03:00:00,2025,TARGET_BPA_1_DFP,Ativo Total,DFP,GradientBoosting,f708a2164507,150,raw,55312909.0,17.812815604626916,-193615355.55389237,193615391.1795236,387230746.73341596,True,193615373.36670798,0.1
02.474.103/0001-19,2025-06-30 03:00:00,2025,TARGET_BPA_1_DFP,Ativo Total,DFP,GradientBoosting,f708a2164507,150,raw,55312909.0,17.828769571038297,-193615355.53793842,193615391.19547755,387230746.73341596,True,193615373.36670798,0.1
02.474.103/0001-19,2025-09-30 03:00:00,2025,TARGET_BPA_1_DFP,Ativo Total,DFP,GradientBoosting,f708a2164507,150,raw,55312909.0,16.83511171809411,-193615356.53159627,193615390.2018197,387230746.73341596,True,193615373.36670798,0.1
02.998.611/0001-04,2025-03-31 03:00:00,2025,TARGET_BPA_1_DFP,Ativo Total,DFP,GradientBoosting,f708a2164507,150,raw,47201372.0,17.641536950932075,-193615355.72517103,193615391.00824493,387230746.73341596,True,193615373.36670798,0.1
02.998.611/0001-04,2025-06-30 03:00:00,2025,TARGET_BPA_1_DFP,Ativo Total,DFP,GradientBoosting,f708a2164507,150,raw,47201372.0,17.62915047909646,-193615355.7375575,193615390.99585846,387230746.73341596,True,193615373.36670798,0.1
02.998.611/0001-04,2025-09-30 03:00:00,2025,TARGET_BPA_1_DFP,Ativo Total,DFP,GradientBoosting,f708a2164507,150,raw,47201372.0,16.752065448862957,-193615356.61464253,193615390.11877343,387230746.73341596,True,193615373.36670798,0.1
03.220.438/0001-73,2025-03-31 03:00:00,2025,TARGET_BPA_1_DFP,Ativo Total,DFP,GradientBoosting,f708a2164507,150,raw,109603944.0,18.706838478297367,-193615354.6598695,193615392.07354647,387230746.73341596,True,193615373.36670798,0.1
03.220.438/0001-73,2025-06-30 03:00:00,2025,TARGET_BPA_1_DFP,Ativo Total,DFP,GradientBoosting,f708a2164507,150,raw,109603944.0,18.595242036801732,-193615354.77146596,193615391.96195,387230746.73341596,True,193615373.36670798,0.1
03.220.438/0001-73,2025-09-30 03:00:00,2025,TARGET_BPA_1_DFP,Ativo Total,DFP,GradientBoosting,f708a2164507,150,raw,109603944.0,16.98634145823727,-193615356.38036653,193615390.35304943,387230746.73341596,True,193615373.36670798,0.1
07.859.971/0001-30,2025-03-31 03:00:00,2025,TARGET_BPA_1_DFP,Ativo Total,DFP,GradientBoosting,f708a2164507,150,raw,22506506.0,16.855993420572535,-193615356.51071456,193615390.2227014,387230746.73341596,True,193615373.36670798,0.1
07.859.971/0001-30,2025-06-30 03:00:00,2025,TARGET_BPA_1_DFP,Ativo Total,DFP,GradientBoosting,f708a2164507,150,raw,22506506.0,16.783547895061815,-193615356.58316007,193615390.1502559,387230746.73341596,True,193615373.36670798,0.1
07.859.971/0001-30,2025-09-30 03:00:00,2025,TARGET_BPA_1_DFP,Ativo Total,DFP,GradientBoosting,f708a2164507,150,raw,22506506.0,16.691774138877555,-193615356.67493385,193615390.0584821,387230746.73341596,True,193615373.36670798,0.1
10.629.105/0001-68,2025-03-31 03:00:00,2025,TARGET_BPA_1_DFP,Ativo Total,DFP,GradientBoosting,f708a2164507,150,raw,64179605.0,17.931181459248485,-193615355.43552652,193615391.29788944,387230746.73341596,True,193615373.36670798,0.1
10.629.105/0001-68,2025-06-30 03:00:00,2025,TARGET_BPA_1_DFP,Ativo Total,DFP,GradientBoosting,f708a2164507,150,raw,64179605.0,17.987537290119928,-193615355.3791707,193615391.35424528,387230746.73341596,True,193615373.36670798,0.1
10.629.105/0001-68,2025-09-30 03:00:00,2025,TARGET_BPA_1_DFP,Ativo Total,DFP,GradientBoosting,f708a2164507,150,raw,64179605.0,16.87392153594893,-193615356.49278644,193615390.24062952,387230746.73341596,True,193615373.36670798,0.1
16.404.287/0001-55,2025-03-31 03:00:00,2025,TARGET_BPA_1_DFP,Ativo Total,DFP,GradientBoosting,f708a2164507,150,raw,167935519.0,18.911318403608163,-193615354.4553896,193615392.27802637,387230746.73341596,True,193615373.36670798,0.1
16.404.287/0001-55,2025-06-30 03:00:00,2025,TARGET_BPA_1_DFP,Ativo Total,DFP,GradientBoosting,f708a2164507,150,raw,167935519.0,18.899998098505534,-193615354.46670988,193615392.26670608,387230746.73341596,True,193615373.36670798,0.1
16.404.287/0001-55,2025-09-30 03:00:00,2025,TARGET_BPA_1_DFP,Ativo Total,DFP,GradientBoosting,f708a2164507,150,raw,167935519.0,16.972874763816712,-193615356.39383322,193615390.33958274,387230746.73341596,True,193615373.36670798,0.1
16.590.234/0001-76,2025-03-31 03:00:00,2025,TARGET_BPA_1_DFP,Ativo Total,DFP,GradientBoosting,f708a2164507,150,raw,15448601.0,16.519256610168473,-193615356.84745136,193615389.8859646,387230746.73341596,True,193615373.36670798,0.1
16.590.234/0001-76,2025-06-30 03:00:00,2025,TARGET_BPA_1_DFP,Ativo Total,DFP,GradientBoosting,f708a2164507,150,raw,15448601.0,16.475204414867715,-193615356.89150357,193615389.8419124,387230746.73341596,True,193615373.36670798,0.1
16.590.234/0001-76,2025-09-30 03:00:00,2025,TARGET_BPA_1_DFP,Ativo Total,DFP,GradientBoosting,f708a2164507,150,raw,15448601.0,16.578878229666476,-193615356.78782976,193615389.9455862,387230746.73341596,True,193615373.36670798,0.1
24.990.777/0001-09,2025-03-31 03:00:00,2025,TARGET_BPA_1_DFP,Ativo Total,DFP,GradientBoosting,f708a2164507,150,raw,24352014.0,16.94450092774488,-193615356.42220706,193615390.3112089,387230746.73341596,True,193615373.36670798,0.1
24.990.777/0001-09,2025-06-30 03:00:00,2025,TARGET_BPA_1_DFP,Ativo Total,DFP,GradientBoosting,f708a2164507,150,raw,24352014.0,16.824828051763667,-193615356.54187992,193615390.19153604,387230746.73341596,True,193615373.36670798,0.1
24.990.777/0001-09,2025-09-30 03:00:00,2025,TARGET_BPA_1_DFP,Ativo Total,DFP,GradientBoosting,f708a2164507,150,raw,24352014.0,16.824398807405508,-193615356.54230917,193615390.1911068,387230746.73341596,True,193615373.36670798,0.1
33.000.167/0001-01,2025-03-31 03:00:00,2025,TARGET_BPA_1_DFP,Ativo Total,DFP,GradientBoosting,f708a2164507,150,raw,1223389000.0,20.70068267027298,-193615352.6660253,193615394.06739065,387230746.73341596,False,193615373.36670798,0.1
33.000.167/0001-01,2025-06-30 03:00:00,2025,TARGET_BPA_1_DFP,Ativo Total,DFP,GradientBoosting,f708a2164507,150,raw,1223389000.0,20.673664568384357,-193615352.6930434,193615394.04037255,387230746.73341596,False,193615373.36670798,0.1
33.000.167/0001-01,2025-09-30 03:00:00,2025,TARGET_BPA_1_DFP,Ativo Total,DFP,GradientBoosting,f708a2164507,150,raw,1223389000.0,19.64691228342012,-193615353.7197957,193615393.01362026,387230746.73341596,False,193615373.36670798,0.1
33.042.730/0001-04,2025-03-31 03:00:00,2025,TARGET_BPA_1_DFP,Ativo Total,DFP,GradientBoosting,f708a2164507,150,raw,100575369.0,18.479781143275982,-193615354.88692683,193615391.84648913,387230746.73341596,True,193615373.36670798,0.1
33.042.730/0001-04,2025-06-30 03:00:00,2025,TARGET_BPA_1_DFP,Ativo Total,DFP,GradientBoosting,f708a2164507,150,raw,100575369.0,18.300528857053703,-193615355.06617913,193615391.66723683,387230746.73341596,True,193615373.36670798,0.1
33.042.730/0001-04,2025-09-30 03:00:00,2025,TARGET_BPA_1_DFP,Ativo Total,DFP,GradientBoosting,f708a2164507,150,raw,100575369.0,16.799616581206195,-193615356.5670914,193615390.16632456,387230746.73341596,True,193615373.36670798,0.1
33.256.439/0001-39,2025-03-31 03:00:00,2025,TARGET_BPA_1_DFP,Ativo Total,DFP,GradientBoosting,f708a2164507,150,raw,49348994.0,17.659842951069024,-193615355.70686504,193615391.02655092,387230746.73341596,True,193615373.36670798,0.1
33.256.439/0001-39,2025-06-30 03:00:00,2025,TARGET_BPA_1_DFP,Ativo Total,DFP,GradientBoosting,f708a2164507,150,raw,49348994.0,17.67539476633663,-193615355.6913132,193615391.04210275,387230746.73341596,True,193615373.36670798,0.1
33.256.439/0001-39,2025-09-30 03:00:00,2025,TARGET_BPA_1_DFP,Ativo Total,DFP,GradientBoosting,f708a2164507,150,raw,49348994.0,16.864599298029653,-193615356.5021087,193615390.23130727,387230746.73341596,True,193615373.36670798,0.1
33.592.510/0001-54,2025-03-31 03:00:00,2025,TARGET_BPA_1_DFP,Ativo Total,DFP,GradientBoosting,f708a2164507,150,raw,476094000.0,19.89436050166863,-193615353.47234747,193615393.2610685,387230746.73341596,False,193615373.36670798,0.1
33.592.510/0001-54,2025-06-30 03:00:00,2025,TARGET_BPA_1_DFP,Ativo Total,DFP,GradientBoosting,f708a2164507,150,raw,476094000.0,19.84003088763892,-193615353.5266771,193615393.20673886,387230746.73341596,False,193615373.36670798,0.1
33.592.510/0001-54,2025-09-30 03:00:00,2025,TARGET_BPA_1_DFP,Ativo Total,DFP,GradientBoosting,f708a2164507,150,raw,476094000.0,17.105519294552185,-193615356.2611887,193615390.47222728,387230746.73341596,False,193615373.36670798,0.1
33.611.500/0001-19,2025-03-31 03:00:00,2025,TARGET_BPA_1_DFP,Ativo Total,DFP,GradientBoosting,f708a2164507,150,raw,81688175.0,18.254849551865036,-193615355.11185843,193615391.62155753,387230746.73341596,True,193615373.36670798,0.1
33.611.500/0001-19,2025-06-30 03:00:00,2025,TARGET_BPA_1_DFP,Ativo Total,DFP,GradientBoosting,f708a2164507,150,raw,81688175.0,18.158995852278544,-193615355.2077121,193615391.52570385,387230746.73341596,True,193615373.36670798,0.1
33.611.500/0001-19,2025-09-30 03:00:00,2025,TARGET_BPA_1_DFP,Ativo Total,DFP,GradientBoosting,f708a2164507,150,raw,81688175.0,16.927418297896885,-193615356.4392897,193615390.29412627,387230746.73341596,True,193615373.36670798,0.1
34.274.233/0001-02,2025-03-31 03:00:00,2025,TARGET_BPA_1_DFP,Ativo Total,DFP,GradientBoosting,f708a2164507,150,raw,60963000.0,18.00665322557075,-193615355.36005476,193615391.3733612,387230746.73341596,True,193615373.36670798,0.1
34.274.233/0001-02,2025-06-30 03:00:00,2025,TARGET_BPA_1_DFP,Ativo Total,DFP,GradientBoosting,f708a2164507,150,raw,60963000.0,17.778486738213108,-193615355.58822125,193615391.1451947,387230746.73341596,True,193615373.36670798,0.1
34.274.233/0001-02,2025-09-30 03:00:00,2025,TARGET_BPA_1_DFP,Ativo Total,DFP,GradientBoosting,f708a2164507,150,raw,60963000.0,16.91296537852548,-193615356.4537426,193615390.27967337,387230746.73341596,True,193615373.36670798,0.1
47.960.950/0001-21,2025-03-31 03:00:00,2025,TARGET_BPA_1_DFP,Ativo Total,DFP,GradientBoosting,f708a2164507,150,raw,37911158.0,17.463987831049064,-193615355.90272015,193615390.8306958,387230746.73341596,True,193615373.36670798,0.1
47.960.950/0001-21,2025-06-30 03:00:00,2025,TARGET_BPA_1_DFP,Ativo Total,DFP,GradientBoosting,f708a2164507,150,raw,37911158.0,17.44061578191466,-193615355.9260922,193615390.80732375,387230746.73341596,True,193615373.36670798,0.1
47.960.950/0001-21,2025-09-30 03:00:00,2025,TARGET_BPA_1_DFP,Ativo Total,DFP,GradientBoosting,f708a2164507,150,raw,37911158.0,16.78858284489494,-193615356.57812515,193615390.1552908,387230746.73341596,True,193615373.36670798,0.1
53.113.791/0001-22,2025-03-31 03:00:00,2025,TARGET_BPA_1_DFP,Ativo Total,DFP,GradientBoosting,f708a2164507,150,raw,9452171.0,16.024721010664788,-193615357.34198698,193615389.39142898,387230746.73341596,True,193615373.36670798,0.1
53.113.791/0001-22,2025-06-30 03:00:00,2025,TARGET_BPA_1_DFP,Ativo Total,DFP,GradientBoosting,f708a2164507,150,raw,9452171.0,16.34559935941401,-193615357.02110863,193615389.71230733,387230746.73341596,True,193615373.36670798,0.1
53.113.791/0001-22,2025-09-30 03:00:00,2025,TARGET_BPA_1_DFP,Ativo Total,DFP,GradientBoosting,f708a2164507,150,raw,9452171.0,16.44810944315459,-193615356.91859853,193615389.81481743,387230746.73341596,True,193615373.36670798,0.1
61.079.117/0001-05,2025-03-31 03:00:00,2025,TARGET_BPA_1_DFP,Ativo Total,DFP,GradientBoosting,f708a2164507,150,raw,6096758.0,15.669186616373315,-193615357.69752136,193615389.0358946,387230746.73341596,True,193615373.36670798,0.1
61.079.117/0001-05,2025-06-30 03:00:00,2025,TARGET_BPA_1_DFP,Ativo Total,DFP,GradientBoosting,f708a2164507,150,raw,6096758.0,15.60235547997095,-193615357.7643525,193615388.96906346,387230746.73341596,True,193615373.36670798,0.1
61.079.117/0001-05,2025-09-30 03:00:00,2025,TARGET_BPA_1_DFP,Ativo Total,DFP,GradientBoosting,f708a2164507,150,raw,6096758.0,16.212837129832096,-193615357.15387085,193615389.5795451,387230746.73341596,True,193615373.36670798,0.1
81.243.735/0001-48,2025-03-31 03:00:00,2025,TARGET_BPA_1_DFP,Ativo Total,DFP,GradientBoosting,f708a2164507,150,raw,4473551.0,15.348582146129031,-193615358.01812583,193615388.71529013,387230746.73341596,True,193615373.36670798,0.1
81.243.735/0001-48,2025-06-30 03:00:00,2025,TARGET_BPA_1_DFP,Ativo Total,DFP,GradientBoosting,f708a2164507,150,raw,4473551.0,15.229938876498785,-193615358.13676912,193615388.59664685,387230746.73341596,True,193615373.36670798,0.1
81.243.735/0001-48,2025-09-30 03:00:00,2025,TARGET_BPA_1_DFP,Ativo Total,DFP,GradientBoosting,f708a2164507,150,raw,4473551.0,15.997066958424087,-193615357.36964104,193615389.36377493,387230746.73341596,True,193615373.36670798,0.1
82.901.000/0001-27,2025-03-31 03:00:00,2025,TARGET_BPA_1_DFP,Ativo Total,DFP,GradientBoosting,f708a2164507,150,raw,5325682.0,15.502886581727461,-193615357.8638214,193615388.86959457,387230746.73341596,True,193615373.36670798,0.1
82.901.000/0001-27,2025-06-30 03:00:00,2025,TARGET_BPA_1_DFP,Ativo Total,DFP,GradientBoosting,f708a2164507,150,raw,5325682.0,15.464351407599889,-193615357.90235656,193615388.8310594,387230746.73341596,True,193615373.36670798,0.1
82.901.000/0001-27,2025-09-30 03:00:00,2025,TARGET_BPA_1_DFP,Ativo Total,DFP,GradientBoosting,f708a2164507,150,raw,5325682.0,16.252235735264588,-193615357.11447224,193615389.61894372,387230746.73341596,True,193615373.36670798,0.1
84.429.695/0001-11,2025-03-31 03:00:00,2025,TARGET_BPA_1_DFP,Ativo Total,DFP,GradientBoosting,f708a2164507,150,raw,42645030.0,17.804456336334063,-193615355.56225166,193615391.1711643,387230746.73341596,True,193615373.36670798,0.1
84.429.695/0001-11,2025-06-30 03:00:00,2025,TARGET_BPA_1_DFP,Ativo Total,DFP,GradientBoosting,f708a2164507,150,raw,42645030.0,17.792762362527718,-193615355.5739456,193615391.15947035,387230746.73341596,True,193615373.36670798,0.1
84.429.695/0001-11,2025-09-30 03:00:00,2025,TARGET_BPA_1_DFP,Ativo Total,DFP,GradientBoosting,f708a2164507,150,raw,42645030.0,18.182292816013263,-193615355.18441516,193615391.5490008,387230746.73341596,True,193615373.36670798,0.1
89.637.490/0001-45,2025-03-31 03:00:00,2025,TARGET_BPA_1_DFP,Ativo Total,DFP,GradientBoosting,f708a2164507,150,raw,63796777.0,17.972149184353786,-193615355.3945588,193615391.33885717,387230746.73341596,True,193615373.36670798,0.1
89.637.490/0001-45,2025-06-30 03:00:00,2025,TARGET_BPA_1_DFP,Ativo Total,DFP,GradientBoosting,f708a2164507,150,raw,63796777.0,17.92258063729002,-193615355.44412735,193615391.2892886,387230746.73341596,True,193615373.36670798,0.1
89.637.490/0001-45,2025-09-30 03:00:00,2025,TARGET_BPA_1_DFP,Ativo Total,DFP,GradientBoosting,f708a2164507,150,raw,63796777.0,16.939627985046787,-193615356.42708,193615390.30633596,387230746.73341596,True,193615373.36670798,0.1
92.754.738/0001-62,2025-03-31 03:00:00,2025,TARGET_BPA_1_DFP,Ativo Total,DFP,GradientBoosting,f708a2164507,150,raw,19626027.0,16.77187429947321,-193615356.59483367,193615390.1385823,387230746.73341596,True,193615373.36670798,0.1
92.754.738/0001-62,2025-06-30 03:00:00,2025,TARGET_BPA_1_DFP,Ativo Total,DFP,GradientBoosting,f708a2164507,150,raw,19626027.0,16.71308223164384,-193615356.65362576,193615390.0797902,387230746.73341596,True,193615373.36670798,0.1
92.754.738/0001-62,2025-09-30 03:00:00,2025,TARGET_BPA_1_DFP,Ativo Total,DFP,GradientBoosting,f708a2164507,150,raw,19626027.0,16.756324778142723,-193615356.6103832,193615390.12303275,387230746.73341596,True,193615373.36670798,0.1
02.429.144/0001-93,2025-03-31 03:00:00,2025,TARGET_BPA_1.01_ITR_T1,Ativo Circulante,ITRT1,RandomForest,dcf777113362,152,raw,16105849.0,16.716014633614193,-67330806.07186776,67330839.50389704,134661645.5757648,True,67330822.7878824,0.1
02.429.144/0001-93,2025-06-30 03:00:00,2025,TARGET_BPA_1.01_ITR_T1,Ativo Circulante,ITRT1,RandomForest,dcf777113362,152,raw,18520635.0,16.56571860757518,-67330806.2221638,67330839.35360101,134661645.5757648,True,67330822.7878824,0.1
02.429.144/0001-93,2025-09-30 03:00:00,2025,TARGET_BPA_1.01_ITR_T1,Ativo Circulante,ITRT1,RandomForest,dcf777113362,152,raw,19687140.0,16.81399226408662,-67330805.97389014,67330839.60187466,134661645.5757648,True,67330822.7878824,0.1
02.429.144/0001-93,2025-12-31 03:00:00,2025,TARGET_BPA_1.01_ITR_T1,Ativo Circulante,ITRT1,RandomForest,dcf777113362,152,raw,19687140.0,16.833440250025852,-67330805.95444216,67330839.62132265,134661645.5757648,True,67330822.7878824,0.1
02.474.103/0001-19,2025-03-31 03:00:00,2025,TARGET_BPA_1.01_ITR_T1,Ativo Circulante,ITRT1,RandomForest,dcf777113362,152,raw,8824865.0,15.757825290099788,-67330807.03005712,67330838.54570769,134661645.5757648,True,67330822.7878824,0.1
02.474.103/0001-19,2025-06-30 03:00:00,2025,TARGET_BPA_1.01_ITR_T1,Ativo Circulante,ITRT1,RandomForest,dcf777113362,152,raw,8217512.0,15.759656603157618,-67330807.0282258,67330838.54753901,134661645.5757648,True,67330822.7878824,0.1
02.474.103/0001-19,2025-09-30 03:00:00,2025,TARGET_BPA_1.01_ITR_T1,Ativo Circulante,ITRT1,RandomForest,dcf777113362,152,raw,9983643.0,15.759656603157618,-67330807.0282258,67330838.54753901,134661645.5757648,True,67330822.7878824,0.1
02.474.103/0001-19,2025-12-31 03:00:00,2025,TARGET_BPA_1.01_ITR_T1,Ativo Circulante,ITRT1,RandomForest,dcf777113362,152,raw,9983643.0,16.05445896123079,-67330806.73342344,67330838.84234136,134661645.5757648,True,67330822.7878824,0.1
02.998.611/0001-04,2025-03-31 03:00:00,2025,TARGET_BPA_1.01_ITR_T1,Ativo Circulante,ITRT1,RandomForest,dcf777113362,152,raw,6605421.0,15.74397467471473,-67330807.04390773,67330838.53185707,134661645.5757648,True,67330822.7878824,0.1
02.998.611/0001-04,2025-06-30 03:00:00,2025,TARGET_BPA_1.01_ITR_T1,Ativo Circulante,ITRT1,RandomForest,dcf777113362,152,raw,7065287.0,15.737107852503472,-67330807.05077454,67330838.52499026,134661645.5757648,True,67330822.7878824,0.1
02.998.611/0001-04,2025-09-30 03:00:00,2025,TARGET_BPA_1.01_ITR_T1,Ativo Circulante,ITRT1,RandomForest,dcf777113362,152,raw,6457570.0,15.741717430451358,-67330807.04616497,67330838.52959983,134661645.5757648,True,67330822.7878824,0.1
02.998.611/0001-04,2025-12-31 03:00:00,2025,TARGET_BPA_1.01_ITR_T1,Ativo Circulante,ITRT1,RandomForest,dcf777113362,152,raw,6457570.0,15.737107852503472,-67330807.05077454,67330838.52499026,134661645.5757648,True,67330822.7878824,0.1
03.220.438/0001-73,2025-03-31 03:00:00,2025,TARGET_BPA_1.01_ITR_T1,Ativo Circulante,ITRT1,RandomForest,dcf777113362,152,raw,25128826.0,17.32669658493986,-67330805.46118581,67330840.11457899,134661645.5757648,True,67330822.7878824,0.1
03.220.438/0001-73,2025-06-30 03:00:00,2025,TARGET_BPA_1.01_ITR_T1,Ativo Circulante,ITRT1,RandomForest,dcf777113362,152,raw,32667372.0,17.031662603370776,-67330805.7562198,67330839.819545,134661645.5757648,True,67330822.7878824,0.1
03.220.438/0001-73,2025-09-30 03:00:00,2025,TARGET_BPA_1.01_ITR_T1,Ativo Circulante,ITRT1,RandomForest,dcf777113362,152,raw,27293654.0,17.551544608084725,-67330805.2363378,67330840.33942701,134661645.5757648,True,67330822.7878824,0.1
03.220.438/0001-73,2025-12-31 03:00:00,2025,TARGET_BPA_1.01_ITR_T1,Ativo Circulante,ITRT1,RandomForest,dcf777113362,152,raw,27293654.0,17.497628867277484,-67330805.29025353,67330840.28551127,134661645.5757648,True,67330822.7878824,0.1
07.859.971/0001-30,2025-03-31 03:00:00,2025,TARGET_BPA_1.01_ITR_T1,Ativo Circulante,ITRT1,RandomForest,dcf777113362,152,raw,3198267.0,15.072140851073026,-67330807.71574154,67330837.86002326,134661645.5757648,True,67330822.7878824,0.1
07.859.971/0001-30,2025-06-30 03:00:00,2025,TARGET_BPA_1.01_ITR_T1,Ativo Circulante,ITRT1,RandomForest,dcf777113362,152,raw,3387108.0,15.073766312254174,-67330807.7141161,67330837.86164871,134661645.5757648,True,67330822.7878824,0.1
07.859.971/0001-30,2025-09-30 03:00:00,2025,TARGET_BPA_1.01_ITR_T1,Ativo Circulante,ITRT1,RandomForest,dcf777113362,152,raw,3864132.0,15.070694751869373,-67330807.71718766,67330837.85857715,134661645.5757648,True,67330822.7878824,0.1
07.859.971/0001-30,2025-12-31 03:00:00,2025,TARGET_BPA_1.01_ITR_T1,Ativo Circulante,ITRT1,RandomForest,dcf777113362,152,raw,3864132.0,15.144431074914209,-67330807.64345133,67330837.93231347,134661645.5757648,True,67330822.7878824,0.1
10.629.105/0001-68,2025-03-31 03:00:00,2025,TARGET_BPA_1.01_ITR_T1,Ativo Circulante,ITRT1,RandomForest,dcf777113362,152,raw,9062136.0,15.74977805300933,-67330807.03810436,67330838.53766045,134661645.5757648,True,67330822.7878824,0.1
10.629.105/0001-68,2025-06-30 03:00:00,2025,TARGET_BPA_1.01_ITR_T1,Ativo Circulante,ITRT1,RandomForest,dcf777113362,152,raw,13636387.0,15.93218787863113,-67330806.85569452,67330838.72007029,134661645.5757648,True,67330822.7878824,0.1
10.629.105/0001-68,2025-09-30 03:00:00,2025,TARGET_BPA_1.01_ITR_T1,Ativo Circulante,ITRT1,RandomForest,dcf777113362,152,raw,10657530.0,16.452868163483707,-67330806.33501424,67330839.24075057,134661645.5757648,True,67330822.7878824,0.1
10.629.105/0001-68,2025-12-31 03:00:00,2025,TARGET_BPA_1.01_ITR_T1,Ativo Circulante,ITRT1,RandomForest,dcf777113362,152,raw,10657530.0,16.044972574731293,-67330806.74290983,67330838.83285497,134661645.5757648,True,67330822.7878824,0.1
16.404.287/0001-55,2025-03-31 03:00:00,2025,TARGET_BPA_1.01_ITR_T1,Ativo Circulante,ITRT1,RandomForest,dcf777113362,152,raw,39909114.0,17.344142649606525,-67330805.44373976,67330840.13202505,134661645.5757648,True,67330822.7878824,0.1
16.404.287/0001-55,2025-06-30 03:00:00,2025,TARGET_BPA_1.01_ITR_T1,Ativo Circulante,ITRT1,RandomForest,dcf777113362,152,raw,42575229.0,17.342749056252504,-67330805.44513334,67330840.13063146,134661645.5757648,True,67330822.7878824,0.1
16.404.287/0001-55,2025-09-30 03:00:00,2025,TARGET_BPA_1.01_ITR_T1,Ativo Circulante,ITRT1,RandomForest,dcf777113362,152,raw,42231546.0,17.34220054680724,-67330805.44568186,67330840.13008295,134661645.5757648,True,67330822.7878824,0.1
16.404.287/0001-55,2025-12-31 03:00:00,2025,TARGET_BPA_1.01_ITR_T1,Ativo Circulante,ITRT1,RandomForest,dcf777113362,152,raw,42231546.0,17.360587125479395,-67330805.42729528,67330840.14846952,134661645.5757648,True,67330822.7878824,0.1
16.590.234/0001-76,2025-03-31 03:00:00,2025,TARGET_BPA_1.01_ITR_T1,Ativo Circulante,ITRT1,RandomForest,dcf777113362,152,raw,6865973.0,15.688161416133855,-67330807.09972098,67330838.47604382,134661645.5757648,True,67330822.7878824,0.1
16.590.234/0001-76,2025-06-30 03:00:00,2025,TARGET_BPA_1.01_ITR_T1,Ativo Circulante,ITRT1,RandomForest,dcf777113362,152,raw,6874456.0,15.727534762601385,-67330807.06034765,67330838.51541716,134661645.5757648,True,67330822.7878824,0.1
16.590.234/0001-76,2025-09-30 03:00:00,2025,TARGET_BPA_1.01_ITR_T1,Ativo Circulante,ITRT1,RandomForest,dcf777113362,152,raw,6692581.0,15.727534762601385,-67330807.06034765,67330838.51541716,134661645.5757648,True,67330822.7878824,0.1
16.590.234/0001-76,2025-12-31 03:00:00,2025,TARGET_BPA_1.01_ITR_T1,Ativo Circulante,ITRT1,RandomForest,dcf777113362,152,raw,6692581.0,15.732803734801786,-67330807.05507867,67330838.52068613,134661645.5757648,True,67330822.7878824,0.1
24.990.777/0001-09,2025-03-31 03:00:00,2025,TARGET_BPA_1.01_ITR_T1,Ativo Circulante,ITRT1,RandomForest,dcf777113362,152,raw,11817576.0,16.427601311670166,-67330806.3602811,67330839.21548371,134661645.5757648,True,67330822.7878824,0.1
24.990.777/0001-09,2025-06-30 03:00:00,2025,TARGET_BPA_1.01_ITR_T1,Ativo Circulante,ITRT1,RandomForest,dcf777113362,152,raw,12388045.0,16.35398246450626,-67330806.43389994,67330839.14186487,134661645.5757648,True,67330822.7878824,0.1
24.990.777/0001-09,2025-09-30 03:00:00,2025,TARGET_BPA_1.01_ITR_T1,Ativo Circulante,ITRT1,RandomForest,dcf777113362,152,raw,12952512.0,16.426074774005155,-67330806.36180763,67330839.21395718,134661645.5757648,True,67330822.7878824,0.1
24.990.777/0001-09,2025-12-31 03:00:00,2025,TARGET_BPA_1.01_ITR_T1,Ativo Circulante,ITRT1,RandomForest,dcf777113362,152,raw,12952512.0,16.430461394387983,-67330806.35742101,67330839.2183438,134661645.5757648,True,67330822.7878824,0.1
33.000.167/0001-01,2025-03-31 03:00:00,2025,TARGET_BPA_1.01_ITR_T1,Ativo Circulante,ITRT1,RandomForest,dcf777113362,152,raw,135859000.0,18.86370442361276,-67330803.92417797,67330841.65158683,134661645.5757648,False,67330822.7878824,0.1
33.000.167/0001-01,2025-06-30 03:00:00,2025,TARGET_BPA_1.01_ITR_T1,Ativo Circulante,ITRT1,RandomForest,dcf777113362,152,raw,149361000.0,18.887870678958844,-67330803.90001172,67330841.67575309,134661645.5757648,False,67330822.7878824,0.1
33.000.167/0001-01,2025-09-30 03:00:00,2025,TARGET_BPA_1.01_ITR_T1,Ativo Circulante,ITRT1,RandomForest,dcf777113362,152,raw,140533000.0,18.88953270415012,-67330803.8983497,67330841.6774151,134661645.5757648,False,67330822.7878824,0.1
33.000.167/0001-01,2025-12-31 03:00:00,2025,TARGET_BPA_1.01_ITR_T1,Ativo Circulante,ITRT1,RandomForest,dcf777113362,152,raw,140533000.0,18.88595384595556,-67330803.90192856,67330841.67383625,134661645.5757648,False,67330822.7878824,0.1
33.042.730/0001-04,2025-03-31 03:00:00,2025,TARGET_BPA_1.01_ITR_T1,Ativo Circulante,ITRT1,RandomForest,dcf777113362,152,raw,34699821.0,17.30975390082131,-67330805.47812851,67330840.0976363,134661645.5757648,True,67330822.7878824,0.1
33.042.730/0001-04,2025-06-30 03:00:00,2025,TARGET_BPA_1.01_ITR_T1,Ativo Circulante,ITRT1,RandomForest,dcf777113362,152,raw,32836649.0,17.297655860336516,-67330805.49022654,67330840.08553827,134661645.5757648,True,67330822.7878824,0.1
33.042.730/0001-04,2025-09-30 03:00:00,2025,TARGET_BPA_1.01_ITR_T1,Ativo Circulante,ITRT1,RandomForest,dcf777113362,152,raw,29391868.0,17.270690672252588,-67330805.51719172,67330840.05857308,134661645.5757648,True,67330822.7878824,0.1
33.042.730/0001-04,2025-12-31 03:00:00,2025,TARGET_BPA_1.01_ITR_T1,Ativo Circulante,ITRT1,RandomForest,dcf777113362,152,raw,29391868.0,17.262426383230405,-67330805.52545603,67330840.05030878,134661645.5757648,True,67330822.7878824,0.1
33.256.439/0001-39,2025-03-31 03:00:00,2025,TARGET_BPA_1.01_ITR_T1,Ativo Circulante,ITRT1,RandomForest,dcf777113362,152,raw,16857052.0,16.477613664125975,-67330806.31026874,67330839.26549606,134661645.5757648,True,67330822.7878824,0.1
33.256.439/0001-39,2025-06-30 03:00:00,2025,TARGET_BPA_1.01_ITR_T1,Ativo Circulante,ITRT1,RandomForest,dcf777113362,152,raw,16297032.0,16.614101863928333,-67330806.17378055,67330839.40198426,134661645.5757648,True,67330822.7878824,0.1
33.256.439/0001-39,2025-09-30 03:00:00,2025,TARGET_BPA_1.01_ITR_T1,Ativo Circulante,ITRT1,RandomForest,dcf777113362,152,raw,20795561.0,16.56571860757518,-67330806.2221638,67330839.35360101,134661645.5757648,True,67330822.7878824,0.1
33.256.439/0001-39,2025-12-31 03:00:00,2025,TARGET_BPA_1.01_ITR_T1,Ativo Circulante,ITRT1,RandomForest,dcf777113362,152,raw,20795561.0,16.84481262728459,-67330805.94306977,67330839.63269503,134661645.5757648,True,67330822.7878824,0.1
33.453.598/0001-23,2025-03-31 03:00:00,2025,TARGET_BPA_1.01_ITR_T1,Ativo Circulante,ITRT1,RandomForest,dcf777113362,152,raw,57921048.0,17.866775370254896,-67330804.92110704,67330840.65465777,134661645.5757648,True,67330822.7878824,0.1
33.453.598/0001-23,2025-06-30 03:00:00,2025,TARGET_BPA_1.01_ITR_T1,Ativo Circulante,ITRT1,RandomForest,dcf777113362,152,raw,60725018.0,17.88050207203277,-67330804.90738033,67330840.66838448,134661645.5757648,True,67330822.7878824,0.1
33.453.598/0001-23,2025-09-30 03:00:00,2025,TARGET_BPA_1.01_ITR_T1,Ativo Circulante,ITRT1,RandomForest,dcf777113362,152,raw,60987992.0,17.870440365092048,-67330804.91744204,67330840.65832277,134661645.5757648,True,67330822.7878824,0.1
33.592.510/0001-54,2025-03-31 03:00:00,2025,TARGET_BPA_1.01_ITR_T1,Ativo Circulante,ITRT1,RandomForest,dcf777113362,152,raw,95964000.0,18.342206662534014,-67330804.44567575,67330841.13008906,134661645.5757648,False,67330822.7878824,0.1
33.592.510/0001-54,2025-06-30 03:00:00,2025,TARGET_BPA_1.01_ITR_T1,Ativo Circulante,ITRT1,RandomForest,dcf777113362,152,raw,87682000.0,18.45930852536984,-67330804.32857388,67330841.24719092,134661645.5757648,False,67330822.7878824,0.1
33.592.510/0001-54,2025-09-30 03:00:00,2025,TARGET_BPA_1.01_ITR_T1,Ativo Circulante,ITRT1,RandomForest,dcf777113362,152,raw,87427000.0,18.350666361889125,-67330804.43721604,67330841.13854876,134661645.5757648,False,67330822.7878824,0.1
33.592.510/0001-54,2025-12-31 03:00:00,2025,TARGET_BPA_1.01_ITR_T1,Ativo Circulante,ITRT1,RandomForest,dcf777113362,152,raw,87427000.0,18.35687134047739,-67330804.43101107,67330841.14475374,134661645.5757648,False,67330822.7878824,0.1
33.611.500/0001-19,2025-03-31 03:00:00,2025,TARGET_BPA_1.01_ITR_T1,Ativo Circulante,ITRT1,RandomForest,dcf777113362,152,raw,33306852.0,17.26350874555319,-67330805.52437365,67330840.05139115,134661645.5757648,True,67330822.7878824,0.1
33.611.500/0001-19,2025-06-30 03:00:00,2025,TARGET_BPA_1.01_ITR_T1,Ativo Circulante,ITRT1,RandomForest,dcf777113362,152,raw,33400217.0,17.305448986879103,-67330805.48243341,67330840.0933314,134661645.5757648,True,67330822.7878824,0.1
33.611.500/0001-19,2025-09-30 03:00:00,2025,TARGET_BPA_1.01_ITR_T1,Ativo Circulante,ITRT1,RandomForest,dcf777113362,152,raw,28573526.0,17.29651110286967,-67330805.4913713,67330840.0843935,134661645.5757648,True,67330822.7878824,0.1
33.611.500/0001-19,2025-12-31 03:00:00,2025,TARGET_BPA_1.01_ITR_T1,Ativo Circulante,ITRT1,RandomForest,dcf777113362,152,raw,28573526.0,17.266256231054264,-67330805.52162617,67330840.05413863,134661645.5757648,True,67330822.7878824,0.1
34.274.233/0001-02,2025-03-31 03:00:00,2025,TARGET_BPA_1.01_ITR_T1,Ativo Circulante,ITRT1,RandomForest,dcf777113362,152,raw,24050000.0,17.154894272834913,-67330805.63298813,67330839.94277668,134661645.5757648,True,67330822.7878824,0.1
34.274.233/0001-02,2025-06-30 03:00:00,2025,TARGET_BPA_1.01_ITR_T1,Ativo Circulante,ITRT1,RandomForest,dcf777113362,152,raw,24313000.0,16.87938606972746,-67330805.90849634,67330839.66726847,134661645.5757648,True,67330822.7878824,0.1
34.274.233/0001-02,2025-09-30 03:00:00,2025,TARGET_BPA_1.01_ITR_T1,Ativo Circulante,ITRT1,RandomForest,dcf777113362,152,raw,25829000.0,16.876118372096744,-67330805.91176403,67330839.66400078,134661645.5757648,True,67330822.7878824,0.1
34.274.233/0001-02,2025-12-31 03:00:00,2025,TARGET_BPA_1.01_ITR_T1,Ativo Circulante,ITRT1,RandomForest,dcf777113362,152,raw,25829000.0,17.135853481541236,-67330805.65202892,67330839.92373589,134661645.5757648,True,67330822.7878824,0.1
47.960.950/0001-21,2025-03-31 03:00:00,2025,TARGET_BPA_1.01_ITR_T1,Ativo Circulante,ITRT1,RandomForest,dcf777113362,152,raw,19219372.0,16.719446890827886,-67330806.0684355,67330839.5073293,134661645.5757648,True,67330822.7878824,0.1
47.960.950/0001-21,2025-06-30 03:00:00,2025,TARGET_BPA_1.01_ITR_T1,Ativo Circulante,ITRT1,RandomForest,dcf777113362,152,raw,19241455.0,16.82580586009349,-67330805.96207654,67330839.61368826,134661645.5757648,True,67330822.7878824,0.1
47.960.950/0001-21,2025-09-30 03:00:00,2025,TARGET_BPA_1.01_ITR_T1,Ativo Circulante,ITRT1,RandomForest,dcf777113362,152,raw,18395290.0,16.828242701430803,-67330805.9596397,67330839.6161251,134661645.5757648,True,67330822.7878824,0.1
47.960.950/0001-21,2025-12-31 03:00:00,2025,TARGET_BPA_1.01_ITR_T1,Ativo Circulante,ITRT1,RandomForest,dcf777113362,152,raw,18395290.0,16.80714356071383,-67330805.98073885,67330839.59502596,134661645.5757648,True,67330822.7878824,0.1
53.113.791/0001-22,2025-03-31 03:00:00,2025,TARGET_BPA_1.01_ITR_T1,Ativo Circulante,ITRT1,RandomForest,dcf777113362,152,raw,3169357.0,15.032124140908358,-67330807.75575826,67330837.82000655,134661645.5757648,True,67330822.7878824,0.1
53.113.791/0001-22,2025-06-30 03:00:00,2025,TARGET_BPA_1.01_ITR_T1,Ativo Circulante,ITRT1,RandomForest,dcf777113362,152,raw,3145240.0,15.073074133939134,-67330807.71480827,67330837.86095653,134661645.5757648,True,67330822.7878824,0.1
53.113.791/0001-22,2025-09-30 03:00:00,2025,TARGET_BPA_1.01_ITR_T1,Ativo Circulante,ITRT1,RandomForest,dcf777113362,152,raw,3793423.0,15.064481420438442,-67330807.72340098,67330837.85236382,134661645.5757648,True,67330822.7878824,0.1
53.113.791/0001-22,2025-12-31 03:00:00,2025,TARGET_BPA_1.01_ITR_T1,Ativo Circulante,ITRT1,RandomForest,dcf777113362,152,raw,3793423.0,15.13439381929379,-67330807.65348858,67330837.92227623,134661645.5757648,True,67330822.7878824,0.1
61.079.117/0001-05,2025-03-31 03:00:00,2025,TARGET_BPA_1.01_ITR_T1,Ativo Circulante,ITRT1,RandomForest,dcf777113362,152,raw,3031060.0,15.058366258417298,-67330807.72951615,67330837.84624866,134661645.5757648,True,67330822.7878824,0.1
61.079.117/0001-05,2025-06-30 03:00:00,2025,TARGET_BPA_1.01_ITR_T1,Ativo Circulante,ITRT1,RandomForest,dcf777113362,152,raw,3129477.0,15.047489131753771,-67330807.74039327,67330837.83537154,134661645.5757648,True,67330822.7878824,0.1
61.079.117/0001-05,2025-09-30 03:00:00,2025,TARGET_BPA_1.01_ITR_T1,Ativo Circulante,ITRT1,RandomForest,dcf777113362,152,raw,3021735.0,15.050826760405437,-67330807.73705564,67330837.83870916,134661645.5757648,True,67330822.7878824,0.1
61.079.117/0001-05,2025-12-31 03:00:00,2025,TARGET_BPA_1.01_ITR_T1,Ativo Circulante,ITRT1,RandomForest,dcf777113362,152,raw,3021735.0,15.034673747384721,-67330807.75320865,67330837.82255615,134661645.5757648,True,67330822.7878824,0.1
81.243.735/0001-48,2025-03-31 03:00:00,2025,TARGET_BPA_1.01_ITR_T1,Ativo Circulante,ITRT1,RandomForest,dcf777113362,152,raw,2685925.0,14.8153536762007,-67330807.97252873,67330837.60323608,134661645.5757648,True,67330822.7878824,0.1
81.243.735/0001-48,2025-06-30 03:00:00,2025,TARGET_BPA_1.01_ITR_T1,Ativo Circulante,ITRT1,RandomForest,dcf777113362,152,raw,2939235.0,14.675745020554977,-67330808.11213738,67330837.46362743,134661645.5757648,True,67330822.7878824,0.1
81.243.735/0001-48,2025-09-30 03:00:00,2025,TARGET_BPA_1.01_ITR_T1,Ativo Circulante,ITRT1,RandomForest,dcf777113362,152,raw,2779077.0,15.02911027158617,-67330807.75877213,67330837.81699267,134661645.5757648,True,67330822.7878824,0.1
81.243.735/0001-48,2025-12-31 03:00:00,2025,TARGET_BPA_1.01_ITR_T1,Ativo Circulante,ITRT1,RandomForest,dcf777113362,152,raw,2779077.0,14.861424763272526,-67330807.92645764,67330837.64930716,134661645.5757648,True,67330822.7878824,0.1
82.901.000/0001-27,2025-03-31 03:00:00,2025,TARGET_BPA_1.01_ITR_T1,Ativo Circulante,ITRT1,RandomForest,dcf777113362,152,raw,3734054.0,15.083815772276012,-67330807.70406663,67330837.87169817,134661645.5757648,True,67330822.7878824,0.1
82.901.000/0001-27,2025-06-30 03:00:00,2025,TARGET_BPA_1.01_ITR_T1,Ativo Circulante,ITRT1,RandomForest,dcf777113362,152,raw,4110059.0,15.10425568439096,-67330807.68362671,67330837.8921381,134661645.5757648,True,67330822.7878824,0.1
82.901.000/0001-27,2025-09-30 03:00:00,2025,TARGET_BPA_1.01_ITR_T1,Ativo Circulante,ITRT1,RandomForest,dcf777113362,152,raw,3957940.0,15.293391541692344,-67330807.49449086,67330838.08127394,134661645.5757648,True,67330822.7878824,0.1
82.901.000/0001-27,2025-12-31 03:00:00,2025,TARGET_BPA_1.01_ITR_T1,Ativo Circulante,ITRT1,RandomForest,dcf777113362,152,raw,3957940.0,15.131328689644636,-67330807.65655372,67330837.91921109,134661645.5757648,True,67330822.7878824,0.1
84.429.695/0001-11,2025-03-31 03:00:00,2025,TARGET_BPA_1.01_ITR_T1,Ativo Circulante,ITRT1,RandomForest,dcf777113362,152,raw,25299344.0,17.031654289423894,-67330805.75622812,67330839.81953669,134661645.5757648,True,67330822.7878824,0.1
84.429.695/0001-11,2025-06-30 03:00:00,2025,TARGET_BPA_1.01_ITR_T1,Ativo Circulante,ITRT1,RandomForest,dcf777113362,152,raw,26776141.0,17.277459784065282,-67330805.51042262,67330840.06534219,134661645.5757648,True,67330822.7878824,0.1
84.429.695/0001-11,2025-09-30 03:00:00,2025,TARGET_BPA_1.01_ITR_T1,Ativo Circulante,ITRT1,RandomForest,dcf777113362,152,raw,27341315.0,17.329346578800138,-67330805.45853582,67330840.11722898,134661645.5757648,True,67330822.7878824,0.1
84.429.695/0001-11,2025-12-31 03:00:00,2025,TARGET_BPA_1.01_ITR_T1,Ativo Circulante,ITRT1,RandomForest,dcf777113362,152,raw,27341315.0,17.529366508533577,-67330805.2585159,67330840.31724891,134661645.5757648,True,67330822.7878824,0.1
89.637.490/0001-45,2025-03-31 03:00:00,2025,TARGET_BPA_1.01_ITR_T1,Ativo Circulante,ITRT1,RandomForest,dcf777113362,152,raw,15144906.0,16.438544237254984,-67330806.34933816,67330839.22642665,134661645.5757648,True,67330822.7878824,0.1
89.637.490/0001-45,2025-06-30 03:00:00,2025,TARGET_BPA_1.01_ITR_T1,Ativo Circulante,ITRT1,RandomForest,dcf777113362,152,raw,16586925.0,16.511351099012533,-67330806.27653131,67330839.2992335,134661645.5757648,True,67330822.7878824,0.1
89.637.490/0001-45,2025-09-30 03:00:00,2025,TARGET_BPA_1.01_ITR_T1,Ativo Circulante,ITRT1,RandomForest,dcf777113362,152,raw,16094470.0,16.582856439048317,-67330806.20502597,67330839.37073883,134661645.5757648,True,67330822.7878824,0.1
89.637.490/0001-45,2025-12-31 03:00:00,2025,TARGET_BPA_1.01_ITR_T1,Ativo Circulante,ITRT1,RandomForest,dcf777113362,152,raw,16094470.0,16.563942709938758,-67330806.22393969,67330839.35182512,134661645.5757648,True,67330822.7878824,0.1
92.754.738/0001-62,2025-03-31 03:00:00,2025,TARGET_BPA_1.01_ITR_T1,Ativo Circulante,ITRT1,RandomForest,dcf777113362,152,raw,10994642.0,16.074759580663073,-67330806.71312281,67330838.86264199,134661645.5757648,True,67330822.7878824,0.1
92.754.738/0001-62,2025-06-30 03:00:00,2025,TARGET_BPA_1.01_ITR_T1,Ativo Circulante,ITRT1,RandomForest,dcf777113362,152,raw,10617415.0,16.124390221191188,-67330806.66349219,67330838.91227262,134661645.5757648,True,67330822.7878824,0.1
92.754.738/0001-62,2025-09-30 03:00:00,2025,TARGET_BPA_1.01_ITR_T1,Ativo Circulante,ITRT1,RandomForest,dcf777113362,152,raw,10955027.0,16.098283032623534,-67330806.68959936,67330838.88616544,134661645.5757648,True,67330822.7878824,0.1
92.754.738/0001-62,2025-12-31 03:00:00,2025,TARGET_BPA_1.01_ITR_T1,Ativo Circulante,ITRT1,RandomForest,dcf777113362,152,raw,10955027.0,16.134029457979988,-67330806.65385294,67330838.92191187,134661645.5757648,True,67330822.7878824,0.1
02.429.144/0001-93,2025-03-31 03:00:00,2025,TARGET_BPA_1.01_ITR_T2,Ativo Circulante,ITRT2,RandomForest,aa0bf9de8dfc,153,raw,18520635.0,16.562145951607057,-67338001.79996327,67338034.92425516,134676036.72421843,True,67338018.36210921,0.1
02.429.144/0001-93,2025-06-30 03:00:00,2025,TARGET_BPA_1.01_ITR_T2,Ativo Circulante,ITRT2,RandomForest,aa0bf9de8dfc,153,raw,19687140.0,16.830593779960466,-67338001.53151543,67338035.192703,134676036.72421843,True,67338018.36210921,0.1
02.474.103/0001-19,2025-03-31 03:00:00,2025,TARGET_BPA_1.01_ITR_T2,Ativo Circulante,ITRT2,RandomForest,aa0bf9de8dfc,153,raw,8217512.0,15.79524753133142,-67338002.56686169,67338034.15735674,134676036.72421843,True,67338018.36210921,0.1
02.474.103/0001-19,2025-06-30 03:00:00,2025,TARGET_BPA_1.01_ITR_T2,Ativo Circulante,ITRT2,RandomForest,aa0bf9de8dfc,153,raw,9983643.0,15.79524753133142,-67338002.56686169,67338034.15735674,134676036.72421843,True,67338018.36210921,0.1
02.998.611/0001-04,2025-03-31 03:00:00,2025,TARGET_BPA_1.01_ITR_T2,Ativo Circulante,ITRT2,RandomForest,aa0bf9de8dfc,153,raw,7065287.0,15.776894792610419,-67338002.58521442,67338034.139004,134676036.72421843,True,67338018.36210921,0.1
02.998.611/0001-04,2025-06-30 03:00:00,2025,TARGET_BPA_1.01_ITR_T2,Ativo Circulante,ITRT2,RandomForest,aa0bf9de8dfc,153,raw,6457570.0,15.776894792610419,-67338002.58521442,67338034.139004,134676036.72421843,True,67338018.36210921,0.1
03.220.438/0001-73,2025-03-31 03:00:00,2025,TARGET_BPA_1.01_ITR_T2,Ativo Circulante,ITRT2,RandomForest,aa0bf9de8dfc,153,raw,32667372.0,16.981359987600086,-67338001.38074923,67338035.3434692,134676036.72421843,True,67338018.36210921,0.1
03.220.438/0001-73,2025-06-30 03:00:00,2025,TARGET_BPA_1.01_ITR_T2,Ativo Circulante,ITRT2,RandomForest,aa0bf9de8dfc,153,raw,27293654.0,17.389257386650556,-67338000.97285183,67338035.7513666,134676036.72421843,True,67338018.36210921,0.1
07.859.971/0001-30,2025-03-31 03:00:00,2025,TARGET_BPA_1.01_ITR_T2,Ativo Circulante,ITRT2,RandomForest,aa0bf9de8dfc,153,raw,3387108.0,15.076503545766341,-67338003.28560567,67338033.43861276,134676036.72421843,True,67338018.36210921,0.1
07.859.971/0001-30,2025-06-30 03:00:00,2025,TARGET_BPA_1.01_ITR_T2,Ativo Circulante,ITRT2,RandomForest,aa0bf9de8dfc,153,raw,3864132.0,15.057603477605491,-67338003.30450574,67338033.41971269,134676036.72421843,True,67338018.36210921,0.1
10.629.105/0001-68,2025-03-31 03:00:00,2025,TARGET_BPA_1.01_ITR_T2,Ativo Circulante,ITRT2,RandomForest,aa0bf9de8dfc,153,raw,13636387.0,15.790472122956492,-67338002.5716371,67338034.15258133,134676036.72421843,True,67338018.36210921,0.1
10.629.105/0001-68,2025-06-30 03:00:00,2025,TARGET_BPA_1.01_ITR_T2,Ativo Circulante,ITRT2,RandomForest,aa0bf9de8dfc,153,raw,10657530.0,16.434266876349923,-67338001.92784233,67338034.7963761,134676036.72421843,True,67338018.36210921,0.1
16.404.287/0001-55,2025-03-31 03:00:00,2025,TARGET_BPA_1.01_ITR_T2,Ativo Circulante,ITRT2,RandomForest,aa0bf9de8dfc,153,raw,42575229.0,17.419213822084338,-67338000.9428954,67338035.78132303,134676036.72421843,True,67338018.36210921,0.1
16.404.287/0001-55,2025-06-30 03:00:00,2025,TARGET_BPA_1.01_ITR_T2,Ativo Circulante,ITRT2,RandomForest,aa0bf9de8dfc,153,raw,42231546.0,17.411731451683583,-67338000.95037776,67338035.77384067,134676036.72421843,True,67338018.36210921,0.1
16.590.234/0001-76,2025-03-31 03:00:00,2025,TARGET_BPA_1.01_ITR_T2,Ativo Circulante,ITRT2,RandomForest,aa0bf9de8dfc,153,raw,6874456.0,15.757850356063525,-67338002.60425887,67338034.11995956,134676036.72421843,True,67338018.36210921,0.1
16.590.234/0001-76,2025-06-30 03:00:00,2025,TARGET_BPA_1.01_ITR_T2,Ativo Circulante,ITRT2,RandomForest,aa0bf9de8dfc,153,raw,6692581.0,15.776894792610419,-67338002.58521442,67338034.139004,134676036.72421843,True,67338018.36210921,0.1
24.990.777/0001-09,2025-03-31 03:00:00,2025,TARGET_BPA_1.01_ITR_T2,Ativo Circulante,ITRT2,RandomForest,aa0bf9de8dfc,153,raw,12388045.0,16.365456310063266,-67338001.9966529,67338034.72756553,134676036.72421843,True,67338018.36210921,0.1
24.990.777/0001-09,2025-06-30 03:00:00,2025,TARGET_BPA_1.01_ITR_T2,Ativo Circulante,ITRT2,RandomForest,aa0bf9de8dfc,153,raw,12952512.0,16.415229273470196,-67338001.94687994,67338034.77733849,134676036.72421843,True,67338018.36210921,0.1
33.000.167/0001-01,2025-03-31 03:00:00,2025,TARGET_BPA_1.01_ITR_T2,Ativo Circulante,ITRT2,RandomForest,aa0bf9de8dfc,153,raw,149361000.0,18.84531537179748,-67337999.51679385,67338037.20742458,134676036.72421843,False,67338018.36210921,0.1
33.000.167/0001-01,2025-06-30 03:00:00,2025,TARGET_BPA_1.01_ITR_T2,Ativo Circulante,ITRT2,RandomForest,aa0bf9de8dfc,153,raw,140533000.0,18.8572834570434,-67337999.50482576,67338037.21939267,134676036.72421843,False,67338018.36210921,0.1
33.042.730/0001-04,2025-03-31 03:00:00,2025,TARGET_BPA_1.01_ITR_T2,Ativo Circulante,ITRT2,RandomForest,aa0bf9de8dfc,153,raw,32836649.0,17.421454081964107,-67338000.94065513,67338035.7835633,134676036.72421843,True,67338018.36210921,0.1
33.042.730/0001-04,2025-06-30 03:00:00,2025,TARGET_BPA_1.01_ITR_T2,Ativo Circulante,ITRT2,RandomForest,aa0bf9de8dfc,153,raw,29391868.0,17.305964638919946,-67338001.05614458,67338035.66807385,134676036.72421843,True,67338018.36210921,0.1
33.256.439/0001-39,2025-03-31 03:00:00,2025,TARGET_BPA_1.01_ITR_T2,Ativo Circulante,ITRT2,RandomForest,aa0bf9de8dfc,153,raw,16297032.0,16.614043743271996,-67338001.74806547,67338034.97615296,134676036.72421843,True,67338018.36210921,0.1
33.256.439/0001-39,2025-06-30 03:00:00,2025,TARGET_BPA_1.01_ITR_T2,Ativo Circulante,ITRT2,RandomForest,aa0bf9de8dfc,153,raw,20795561.0,16.561791005489667,-67338001.80031821,67338034.92390022,134676036.72421843,True,67338018.36210921,0.1
33.453.598/0001-23,2025-03-31 03:00:00,2025,TARGET_BPA_1.01_ITR_T2,Ativo Circulante,ITRT2,RandomForest,aa0bf9de8dfc,153,raw,60725018.0,17.856127791724546,-67338000.50598142,67338036.21823701,134676036.72421843,True,67338018.36210921,0.1
33.453.598/0001-23,2025-06-30 03:00:00,2025,TARGET_BPA_1.01_ITR_T2,Ativo Circulante,ITRT2,RandomForest,aa0bf9de8dfc,153,raw,60987992.0,17.84356819816545,-67338000.51854102,67338036.2056774,134676036.72421843,True,67338018.36210921,0.1
33.592.510/0001-54,2025-03-31 03:00:00,2025,TARGET_BPA_1.01_ITR_T2,Ativo Circulante,ITRT2,RandomForest,aa0bf9de8dfc,153,raw,87682000.0,18.49658698430596,-67337999.86552224,67338036.85869619,134676036.72421843,False,67338018.36210921,0.1
33.592.510/0001-54,2025-06-30 03:00:00,2025,TARGET_BPA_1.01_ITR_T2,Ativo Circulante,ITRT2,RandomForest,aa0bf9de8dfc,153,raw,87427000.0,18.362589209861387,-67337999.99952,67338036.72469842,134676036.72421843,False,67338018.36210921,0.1
33.611.500/0001-19,2025-03-31 03:00:00,2025,TARGET_BPA_1.01_ITR_T2,Ativo Circulante,ITRT2,RandomForest,aa0bf9de8dfc,153,raw,33400217.0,17.36842992765081,-67338000.99367929,67338035.73053914,134676036.72421843,True,67338018.36210921,0.1
33.611.500/0001-19,2025-06-30 03:00:00,2025,TARGET_BPA_1.01_ITR_T2,Ativo Circulante,ITRT2,RandomForest,aa0bf9de8dfc,153,raw,28573526.0,17.381189917125244,-67338000.9809193,67338035.74329913,134676036.72421843,True,67338018.36210921,0.1
34.274.233/0001-02,2025-03-31 03:00:00,2025,TARGET_BPA_1.01_ITR_T2,Ativo Circulante,ITRT2,RandomForest,aa0bf9de8dfc,153,raw,24313000.0,16.909711802394828,-67338001.4523974,67338035.27182102,134676036.72421843,True,67338018.36210921,0.1
34.274.233/0001-02,2025-06-30 03:00:00,2025,TARGET_BPA_1.01_ITR_T2,Ativo Circulante,ITRT2,RandomForest,aa0bf9de8dfc,153,raw,25829000.0,16.925313649163307,-67338001.43679556,67338035.28742287,134676036.72421843,True,67338018.36210921,0.1
47.960.950/0001-21,2025-03-31 03:00:00,2025,TARGET_BPA_1.01_ITR_T2,Ativo Circulante,ITRT2,RandomForest,aa0bf9de8dfc,153,raw,19241455.0,16.815961893516615,-67338001.54614732,67338035.17807111,134676036.72421843,True,67338018.36210921,0.1
47.960.950/0001-21,2025-06-30 03:00:00,2025,TARGET_BPA_1.01_ITR_T2,Ativo Circulante,ITRT2,RandomForest,aa0bf9de8dfc,153,raw,18395290.0,16.815961893516615,-67338001.54614732,67338035.17807111,134676036.72421843,True,67338018.36210921,0.1
53.113.791/0001-22,2025-03-31 03:00:00,2025,TARGET_BPA_1.01_ITR_T2,Ativo Circulante,ITRT2,RandomForest,aa0bf9de8dfc,153,raw,3145240.0,15.062916584117202,-67338003.29919264,67338033.42502579,134676036.72421843,True,67338018.36210921,0.1
53.113.791/0001-22,2025-06-30 03:00:00,2025,TARGET_BPA_1.01_ITR_T2,Ativo Circulante,ITRT2,RandomForest,aa0bf9de8dfc,153,raw,3793423.0,15.057273548572834,-67338003.30483566,67338033.41938277,134676036.72421843,True,67338018.36210921,0.1
61.079.117/0001-05,2025-03-31 03:00:00,2025,TARGET_BPA_1.01_ITR_T2,Ativo Circulante,ITRT2,RandomForest,aa0bf9de8dfc,153,raw,3129477.0,14.98325333463233,-67338003.37885588,67338033.34536254,134676036.72421843,True,67338018.36210921,0.1
61.079.117/0001-05,2025-06-30 03:00:00,2025,TARGET_BPA_1.01_ITR_T2,Ativo Circulante,ITRT2,RandomForest,aa0bf9de8dfc,153,raw,3021735.0,15.035428941571105,-67338003.32668027,67338033.39753816,134676036.72421843,True,67338018.36210921,0.1
81.243.735/0001-48,2025-03-31 03:00:00,2025,TARGET_BPA_1.01_ITR_T2,Ativo Circulante,ITRT2,RandomForest,aa0bf9de8dfc,153,raw,2939235.0,14.738700575539966,-67338003.62340865,67338033.10080978,134676036.72421843,True,67338018.36210921,0.1
81.243.735/0001-48,2025-06-30 03:00:00,2025,TARGET_BPA_1.01_ITR_T2,Ativo Circulante,ITRT2,RandomForest,aa0bf9de8dfc,153,raw,2779077.0,14.904968491336199,-67338003.45714073,67338033.2670777,134676036.72421843,True,67338018.36210921,0.1
82.901.000/0001-27,2025-03-31 03:00:00,2025,TARGET_BPA_1.01_ITR_T2,Ativo Circulante,ITRT2,RandomForest,aa0bf9de8dfc,153,raw,4110059.0,15.16570170921218,-67338003.19640751,67338033.52781092,134676036.72421843,True,67338018.36210921,0.1
82.901.000/0001-27,2025-06-30 03:00:00,2025,TARGET_BPA_1.01_ITR_T2,Ativo Circulante,ITRT2,RandomForest,aa0bf9de8dfc,153,raw,3957940.0,15.262398814374826,-67338003.0997104,67338033.62450802,134676036.72421843,True,67338018.36210921,0.1
84.429.695/0001-11,2025-03-31 03:00:00,2025,TARGET_BPA_1.01_ITR_T2,Ativo Circulante,ITRT2,RandomForest,aa0bf9de8dfc,153,raw,26776141.0,17.009195107206594,-67338001.35291411,67338035.37130432,134676036.72421843,True,67338018.36210921,0.1
84.429.695/0001-11,2025-06-30 03:00:00,2025,TARGET_BPA_1.01_ITR_T2,Ativo Circulante,ITRT2,RandomForest,aa0bf9de8dfc,153,raw,27341315.0,17.291213700235843,-67338001.07089551,67338035.65332292,134676036.72421843,True,67338018.36210921,0.1
89.637.490/0001-45,2025-03-31 03:00:00,2025,TARGET_BPA_1.01_ITR_T2,Ativo Circulante,ITRT2,RandomForest,aa0bf9de8dfc,153,raw,16586925.0,16.52438007286555,-67338001.83772914,67338034.88648929,134676036.72421843,True,67338018.36210921,0.1
89.637.490/0001-45,2025-06-30 03:00:00,2025,TARGET_BPA_1.01_ITR_T2,Ativo Circulante,ITRT2,RandomForest,aa0bf9de8dfc,153,raw,16094470.0,16.573294330323893,-67338001.78881489,67338034.93540354,134676036.72421843,True,67338018.36210921,0.1
92.754.738/0001-62,2025-03-31 03:00:00,2025,TARGET_BPA_1.01_ITR_T2,Ativo Circulante,ITRT2,RandomForest,aa0bf9de8dfc,153,raw,10617415.0,16.19022669629305,-67338002.17188253,67338034.5523359,134676036.72421843,True,67338018.36210921,0.1
92.754.738/0001-62,2025-06-30 03:00:00,2025,TARGET_BPA_1.01_ITR_T2,Ativo Circulante,ITRT2,RandomForest,aa0bf9de8dfc,153,raw,10955027.0,16.154799806762615,-67338002.20730941,67338034.51690902,134676036.72421843,True,67338018.36210921,0.1
02.429.144/0001-93,2025-03-31 03:00:00,2025,TARGET_BPA_1.01_ITR_T3,Ativo Circulante,ITRT3,GradientBoosting,9215d2e06a14,157,raw,19687140.0,16.786943058766738,-67841434.5231206,67841468.09700672,135682902.62012732,True,67841451.31006366,0.1
02.474.103/0001-19,2025-03-31 03:00:00,2025,TARGET_BPA_1.01_ITR_T3,Ativo Circulante,ITRT3,GradientBoosting,9215d2e06a14,157,raw,9983643.0,15.918384493817928,-67841435.39167917,67841467.22844815,135682902.62012732,True,67841451.31006366,0.1
02.998.611/0001-04,2025-03-31 03:00:00,2025,TARGET_BPA_1.01_ITR_T3,Ativo Circulante,ITRT3,GradientBoosting,9215d2e06a14,157,raw,6457570.0,15.767122828443892,-67841435.54294083,67841467.0771865,135682902.62012732,True,67841451.31006366,0.1
03.220.438/0001-73,2025-03-31 03:00:00,2025,TARGET_BPA_1.01_ITR_T3,Ativo Circulante,ITRT3,GradientBoosting,9215d2e06a14,157,raw,27293654.0,17.253889652058927,-67841434.05617401,67841468.56395331,135682902.62012732,True,67841451.31006366,0.1
07.859.971/0001-30,2025-03-31 03:00:00,2025,TARGET_BPA_1.01_ITR_T3,Ativo Circulante,ITRT3,GradientBoosting,9215d2e06a14,157,raw,3864132.0,15.070130102329138,-67841436.23993357,67841466.38019376,135682902.62012732,True,67841451.31006366,0.1
10.629.105/0001-68,2025-03-31 03:00:00,2025,TARGET_BPA_1.01_ITR_T3,Ativo Circulante,ITRT3,GradientBoosting,9215d2e06a14,157,raw,10657530.0,16.422356377018698,-67841434.88770728,67841467.73242004,135682902.62012732,True,67841451.31006366,0.1
16.404.287/0001-55,2025-03-31 03:00:00,2025,TARGET_BPA_1.01_ITR_T3,Ativo Circulante,ITRT3,GradientBoosting,9215d2e06a14,157,raw,42231546.0,17.407273028725484,-67841433.90279064,67841468.71733668,135682902.62012732,True,67841451.31006366,0.1
16.590.234/0001-76,2025-03-31 03:00:00,2025,TARGET_BPA_1.01_ITR_T3,Ativo Circulante,ITRT3,GradientBoosting,9215d2e06a14,157,raw,6692581.0,15.806980711995696,-67841435.50308295,67841467.11704437,135682902.62012732,True,67841451.31006366,0.1
24.990.777/0001-09,2025-03-31 03:00:00,2025,TARGET_BPA_1.01_ITR_T3,Ativo Circulante,ITRT3,GradientBoosting,9215d2e06a14,157,raw,12952512.0,16.464929324869708,-67841434.84513433,67841467.77499299,135682902.62012732,True,67841451.31006366,0.1
33.000.167/0001-01,2025-03-31 03:00:00,2025,TARGET_BPA_1.01_ITR_T3,Ativo Circulante,ITRT3,GradientBoosting,9215d2e06a14,157,raw,140533000.0,18.782854956348565,-67841432.5272087,67841470.09291862,135682902.62012732,False,67841451.31006366,0.1
33.042.730/0001-04,2025-03-31 03:00:00,2025,TARGET_BPA_1.01_ITR_T3,Ativo Circulante,ITRT3,GradientBoosting,9215d2e06a14,157,raw,29391868.0,17.25884382603585,-67841434.05121984,67841468.56890748,135682902.62012732,True,67841451.31006366,0.1
33.256.439/0001-39,2025-03-31 03:00:00,2025,TARGET_BPA_1.01_ITR_T3,Ativo Circulante,ITRT3,GradientBoosting,9215d2e06a14,157,raw,20795561.0,16.591027888907096,-67841434.71903577,67841467.90109155,135682902.62012732,True,67841451.31006366,0.1
33.453.598/0001-23,2025-03-31 03:00:00,2025,TARGET_BPA_1.01_ITR_T3,Ativo Circulante,ITRT3,GradientBoosting,9215d2e06a14,157,raw,60987992.0,17.90753616774377,-67841433.4025275,67841469.21759982,135682902.62012732,True,67841451.31006366,0.1
33.592.510/0001-54,2025-03-31 03:00:00,2025,TARGET_BPA_1.01_ITR_T3,Ativo Circulante,ITRT3,GradientBoosting,9215d2e06a14,157,raw,87427000.0,18.18395429170314,-67841433.12610936,67841469.49401796,135682902.62012732,False,67841451.31006366,0.1
33.611.500/0001-19,2025-03-31 03:00:00,2025,TARGET_BPA_1.01_ITR_T3,Ativo Circulante,ITRT3,GradientBoosting,9215d2e06a14,157,raw,28573526.0,17.36010339959589,-67841433.94996026,67841468.67016706,135682902.62012732,True,67841451.31006366,0.1
34.274.233/0001-02,2025-03-31 03:00:00,2025,TARGET_BPA_1.01_ITR_T3,Ativo Circulante,ITRT3,GradientBoosting,9215d2e06a14,157,raw,25829000.0,17.013818698268377,-67841434.29624496,67841468.32388236,135682902.62012732,True,67841451.31006366,0.1
47.960.950/0001-21,2025-03-31 03:00:00,2025,TARGET_BPA_1.01_ITR_T3,Ativo Circulante,ITRT3,GradientBoosting,9215d2e06a14,157,raw,18395290.0,16.75920874685552,-67841434.5508549,67841468.06927241,135682902.62012732,True,67841451.31006366,0.1
53.113.791/0001-22,2025-03-31 03:00:00,2025,TARGET_BPA_1.01_ITR_T3,Ativo Circulante,ITRT3,GradientBoosting,9215d2e06a14,157,raw,3793423.0,15.06203856413328,-67841436.24802509,67841466.37210223,135682902.62012732,True,67841451.31006366,0.1
61.079.117/0001-05,2025-03-31 03:00:00,2025,TARGET_BPA_1.01_ITR_T3,Ativo Circulante,ITRT3,GradientBoosting,9215d2e06a14,157,raw,3021735.0,14.918752593918756,-67841436.39131106,67841466.22881626,135682902.62012732,True,67841451.31006366,0.1
81.243.735/0001-48,2025-03-31 03:00:00,2025,TARGET_BPA_1.01_ITR_T3,Ativo Circulante,ITRT3,GradientBoosting,9215d2e06a14,157,raw,2779077.0,14.804947356246121,-67841436.5051163,67841466.11501102,135682902.62012732,True,67841451.31006366,0.1
82.901.000/0001-27,2025-03-31 03:00:00,2025,TARGET_BPA_1.01_ITR_T3,Ativo Circulante,ITRT3,GradientBoosting,9215d2e06a14,157,raw,3957940.0,15.211235297592049,-67841436.09882836,67841466.52129896,135682902.62012732,True,67841451.31006366,0.1
84.429.695/0001-11,2025-03-31 03:00:00,2025,TARGET_BPA_1.01_ITR_T3,Ativo Circulante,ITRT3,GradientBoosting,9215d2e06a14,157,raw,27341315.0,17.145027912130537,-67841434.16503575,67841468.45509157,135682902.62012732,True,67841451.31006366,0.1
89.637.490/0001-45,2025-03-31 03:00:00,2025,TARGET_BPA_1.01_ITR_T3,Ativo Circulante,ITRT3,GradientBoosting,9215d2e06a14,157,raw,16094470.0,16.632800563409244,-67841434.6772631,67841467.94286422,135682902.62012732,True,67841451.31006366,0.1
92.754.738/0001-62,2025-03-31 03:00:00,2025,TARGET_BPA_1.01_ITR_T3,Ativo Circulante,ITRT3,GradientBoosting,9215d2e06a14,157,raw,10955027.0,16.27662625448236,-67841435.0334374,67841467.58668992,135682902.62012732,True,67841451.31006366,0.1
02.429.144/0001-93,2025-03-31 03:00:00,2025,TARGET_BPA_1.01_DFP,Ativo Circulante,DFP,GradientBoosting,9cd75faea1e4,156,raw,16616314.0,16.839986370937556,-62983311.85614838,62983345.536121115,125966657.39226949,True,62983328.696134746,0.1
02.429.144/0001-93,2025-06-30 03:00:00,2025,TARGET_BPA_1.01_DFP,Ativo Circulante,DFP,GradientBoosting,9cd75faea1e4,156,raw,16616314.0,16.852570224403177,-62983311.843564525,62983345.54870497,125966657.39226949,True,62983328.696134746,0.1
02.429.144/0001-93,2025-09-30 03:00:00,2025,TARGET_BPA_1.01_DFP,Ativo Circulante,DFP,GradientBoosting,9cd75faea1e4,156,raw,16616314.0,16.211605162274687,-62983312.484529585,62983344.90773991,125966657.39226949,True,62983328.696134746,0.1
02.474.103/0001-19,2025-03-31 03:00:00,2025,TARGET_BPA_1.01_DFP,Ativo Circulante,DFP,GradientBoosting,9cd75faea1e4,156,raw,6911102.0,15.9475839163188,-62983312.74855083,62983344.64371866,125966657.39226949,True,62983328.696134746,0.1
02.474.103/0001-19,2025-06-30 03:00:00,2025,TARGET_BPA_1.01_DFP,Ativo Circulante,DFP,GradientBoosting,9cd75faea1e4,156,raw,6911102.0,16.1813407244993,-62983312.51479402,62983344.87747547,125966657.39226949,True,62983328.696134746,0.1
02.474.103/0001-19,2025-09-30 03:00:00,2025,TARGET_BPA_1.01_DFP,Ativo Circulante,DFP,GradientBoosting,9cd75faea1e4,156,raw,6911102.0,15.89306063821409,-62983312.80307411,62983344.589195386,125966657.39226949,True,62983328.696134746,0.1
02.998.611/0001-04,2025-03-31 03:00:00,2025,TARGET_BPA_1.01_DFP,Ativo Circulante,DFP,GradientBoosting,9cd75faea1e4,156,raw,7087439.0,15.781766195226039,-62983312.91436855,62983344.477900945,125966657.39226949,True,62983328.696134746,0.1
02.998.611/0001-04,2025-06-30 03:00:00,2025,TARGET_BPA_1.01_DFP,Ativo Circulante,DFP,GradientBoosting,9cd75faea1e4,156,raw,7087439.0,15.680893846331536,-62983313.0152409,62983344.37702859,125966657.39226949,True,62983328.696134746,0.1
02.998.611/0001-04,2025-09-30 03:00:00,2025,TARGET_BPA_1.01_DFP,Ativo Circulante,DFP,GradientBoosting,9cd75faea1e4,156,raw,7087439.0,15.7111472436853,-62983312.984987505,62983344.40728199,125966657.39226949,True,62983328.696134746,0.1
03.220.438/0001-73,2025-03-31 03:00:00,2025,TARGET_BPA_1.01_DFP,Ativo Circulante,DFP,GradientBoosting,9cd75faea1e4,156,raw,26604996.0,17.25771923243059,-62983311.43841551,62983345.95385398,125966657.39226949,True,62983328.696134746,0.1
03.220.438/0001-73,2025-06-30 03:00:00,2025,TARGET_BPA_1.01_DFP,Ativo Circulante,DFP,GradientBoosting,9cd75faea1e4,156,raw,26604996.0,17.143213591432424,-62983311.55292115,62983345.83934834,125966657.39226949,True,62983328.696134746,0.1
03.220.438/0001-73,2025-09-30 03:00:00,2025,TARGET_BPA_1.01_DFP,Ativo Circulante,DFP,GradientBoosting,9cd75faea1e4,156,raw,26604996.0,16.622325485496983,-62983312.07380926,62983345.31846023,125966657.39226949,True,62983328.696134746,0.1
07.859.971/0001-30,2025-03-31 03:00:00,2025,TARGET_BPA_1.01_DFP,Ativo Circulante,DFP,GradientBoosting,9cd75faea1e4,156,raw,3579382.0,15.198026941640066,-62983313.498107806,62983343.89416169,125966657.39226949,True,62983328.696134746,0.1
07.859.971/0001-30,2025-06-30 03:00:00,2025,TARGET_BPA_1.01_DFP,Ativo Circulante,DFP,GradientBoosting,9cd75faea1e4,156,raw,3579382.0,15.23017740876159,-62983313.465957336,62983343.926312156,125966657.39226949,True,62983328.696134746,0.1
07.859.971/0001-30,2025-09-30 03:00:00,2025,TARGET_BPA_1.01_DFP,Ativo Circulante,DFP,GradientBoosting,9cd75faea1e4,156,raw,3579382.0,15.678508307352306,-62983313.01762644,62983344.37464305,125966657.39226949,True,62983328.696134746,0.1
10.629.105/0001-68,2025-03-31 03:00:00,2025,TARGET_BPA_1.01_DFP,Ativo Circulante,DFP,GradientBoosting,9cd75faea1e4,156,raw,9573265.0,16.31314491082183,-62983312.38298984,62983345.00927965,125966657.39226949,True,62983328.696134746,0.1
10.629.105/0001-68,2025-06-30 03:00:00,2025,TARGET_BPA_1.01_DFP,Ativo Circulante,DFP,GradientBoosting,9cd75faea1e4,156,raw,9573265.0,16.081786670115235,-62983312.61434808,62983344.777921416,125966657.39226949,True,62983328.696134746,0.1
10.629.105/0001-68,2025-09-30 03:00:00,2025,TARGET_BPA_1.01_DFP,Ativo Circulante,DFP,GradientBoosting,9cd75faea1e4,156,raw,9573265.0,15.555311906577048,-62983313.14082284,62983344.25144665,125966657.39226949,True,62983328.696134746,0.1
16.404.287/0001-55,2025-03-31 03:00:00,2025,TARGET_BPA_1.01_DFP,Ativo Circulante,DFP,GradientBoosting,9cd75faea1e4,156,raw,43867069.0,17.460039988667162,-62983311.23609476,62983346.156174734,125966657.39226949,True,62983328.696134746,0.1
16.404.287/0001-55,2025-06-30 03:00:00,2025,TARGET_BPA_1.01_DFP,Ativo Circulante,DFP,GradientBoosting,9cd75faea1e4,156,raw,43867069.0,17.478662142462998,-62983311.217472605,62983346.17479689,125966657.39226949,True,62983328.696134746,0.1
16.404.287/0001-55,2025-09-30 03:00:00,2025,TARGET_BPA_1.01_DFP,Ativo Circulante,DFP,GradientBoosting,9cd75faea1e4,156,raw,43867069.0,16.475320714426886,-62983312.220814034,62983345.17145546,125966657.39226949,True,62983328.696134746,0.1
16.590.234/0001-76,2025-03-31 03:00:00,2025,TARGET_BPA_1.01_DFP,Ativo Circulante,DFP,GradientBoosting,9cd75faea1e4,156,raw,6924640.0,15.85794365656378,-62983312.83819109,62983344.5540784,125966657.39226949,True,62983328.696134746,0.1
16.590.234/0001-76,2025-06-30 03:00:00,2025,TARGET_BPA_1.01_DFP,Ativo Circulante,DFP,GradientBoosting,9cd75faea1e4,156,raw,6924640.0,15.725621357265924,-62983312.97051339,62983344.4217561,125966657.39226949,True,62983328.696134746,0.1
16.590.234/0001-76,2025-09-30 03:00:00,2025,TARGET_BPA_1.01_DFP,Ativo Circulante,DFP,GradientBoosting,9cd75faea1e4,156,raw,6924640.0,15.801762277405999,-62983312.89437247,62983344.49789702,125966657.39226949,True,62983328.696134746,0.1
24.990.777/0001-09,2025-03-31 03:00:00,2025,TARGET_BPA_1.01_DFP,Ativo Circulante,DFP,GradientBoosting,9cd75faea1e4,156,raw,12753545.0,16.392389237101224,-62983312.30374551,62983345.088523984,125966657.39226949,True,62983328.696134746,0.1
24.990.777/0001-09,2025-06-30 03:00:00,2025,TARGET_BPA_1.01_DFP,Ativo Circulante,DFP,GradientBoosting,9cd75faea1e4,156,raw,12753545.0,16.327234251618464,-62983312.36890049,62983345.023369,125966657.39226949,True,62983328.696134746,0.1
24.990.777/0001-09,2025-09-30 03:00:00,2025,TARGET_BPA_1.01_DFP,Ativo Circulante,DFP,GradientBoosting,9cd75faea1e4,156,raw,12753545.0,15.949514651934908,-62983312.746620096,62983344.645649396,125966657.39226949,True,62983328.696134746,0.1
33.000.167/0001-01,2025-03-31 03:00:00,2025,TARGET_BPA_1.01_DFP,Ativo Circulante,DFP,GradientBoosting,9cd75faea1e4,156,raw,140026000.0,18.76847099838232,-62983309.92766375,62983347.46460574,125966657.39226949,False,62983328.696134746,0.1
33.000.167/0001-01,2025-06-30 03:00:00,2025,TARGET_BPA_1.01_DFP,Ativo Circulante,DFP,GradientBoosting,9cd75faea1e4,156,raw,140026000.0,18.78970454712263,-62983309.9064302,62983347.48583929,125966657.39226949,False,62983328.696134746,0.1
33.000.167/0001-01,2025-09-30 03:00:00,2025,TARGET_BPA_1.01_DFP,Ativo Circulante,DFP,GradientBoosting,9cd75faea1e4,156,raw,140026000.0,17.734645200705184,-62983310.96148954,62983346.43077995,125966657.39226949,False,62983328.696134746,0.1
33.042.730/0001-04,2025-03-31 03:00:00,2025,TARGET_BPA_1.01_DFP,Ativo Circulante,DFP,GradientBoosting,9cd75faea1e4,156,raw,30330629.0,17.228889316190337,-62983311.46724543,62983345.92502406,125966657.39226949,True,62983328.696134746,0.1
33.042.730/0001-04,2025-06-30 03:00:00,2025,TARGET_BPA_1.01_DFP,Ativo Circulante,DFP,GradientBoosting,9cd75faea1e4,156,raw,30330629.0,17.15672702614676,-62983311.53940772,62983345.85286177,125966657.39226949,True,62983328.696134746,0.1
33.042.730/0001-04,2025-09-30 03:00:00,2025,TARGET_BPA_1.01_DFP,Ativo Circulante,DFP,GradientBoosting,9cd75faea1e4,156,raw,30330629.0,15.958441920449498,-62983312.737692825,62983344.65457667,125966657.39226949,True,62983328.696134746,0.1
33.256.439/0001-39,2025-03-31 03:00:00,2025,TARGET_BPA_1.01_DFP,Ativo Circulante,DFP,GradientBoosting,9cd75faea1e4,156,raw,19176470.0,16.598958168534175,-62983312.097176574,62983345.29509292,125966657.39226949,True,62983328.696134746,0.1
33.256.439/0001-39,2025-06-30 03:00:00,2025,TARGET_BPA_1.01_DFP,Ativo Circulante,DFP,GradientBoosting,9cd75faea1e4,156,raw,19176470.0,16.912010463130944,-62983311.784124285,62983345.60814521,125966657.39226949,True,62983328.696134746,0.1
33.256.439/0001-39,2025-09-30 03:00:00,2025,TARGET_BPA_1.01_DFP,Ativo Circulante,DFP,GradientBoosting,9cd75faea1e4,156,raw,19176470.0,15.984821946425333,-62983312.7113128,62983344.68095669,125966657.39226949,True,62983328.696134746,0.1
33.592.510/0001-54,2025-03-31 03:00:00,2025,TARGET_BPA_1.01_DFP,Ativo Circulante,DFP,GradientBoosting,9cd75faea1e4,156,raw,100645000.0,18.46958813129501,-62983310.226546615,62983347.16572288,125966657.39226949,False,62983328.696134746,0.1
33.592.510/0001-54,2025-06-30 03:00:00,2025,TARGET_BPA_1.01_DFP,Ativo Circulante,DFP,GradientBoosting,9cd75faea1e4,156,raw,100645000.0,18.408878712348553,-62983310.28725603,62983347.10501346,125966657.39226949,False,62983328.696134746,0.1
33.592.510/0001-54,2025-09-30 03:00:00,2025,TARGET_BPA_1.01_DFP,Ativo Circulante,DFP,GradientBoosting,9cd75faea1e4,156,raw,100645000.0,17.009325902690897,-62983311.68680885,62983345.705460645,125966657.39226949,False,62983328.696134746,0.1
33.611.500/0001-19,2025-03-31 03:00:00,2025,TARGET_BPA_1.01_DFP,Ativo Circulante,DFP,GradientBoosting,9cd75faea1e4,156,raw,28605081.0,17.183734138530323,-62983311.512400605,62983345.87986889,125966657.39226949,True,62983328.696134746,0.1
33.611.500/0001-19,2025-06-30 03:00:00,2025,TARGET_BPA_1.01_DFP,Ativo Circulante,DFP,GradientBoosting,9cd75faea1e4,156,raw,28605081.0,17.08404251944635,-62983311.61209223,62983345.780177265,125966657.39226949,True,62983328.696134746,0.1
33.611.500/0001-19,2025-09-30 03:00:00,2025,TARGET_BPA_1.01_DFP,Ativo Circulante,DFP,GradientBoosting,9cd75faea1e4,156,raw,28605081.0,16.112177127065678,-62983312.58395762,62983344.80831187,125966657.39226949,True,62983328.696134746,0.1
34.274.233/0001-02,2025-03-31 03:00:00,2025,TARGET_BPA_1.01_DFP,Ativo Circulante,DFP,GradientBoosting,9cd75faea1e4,156,raw,22913000.0,17.065428079037122,-62983311.63070667,62983345.761562824,125966657.39226949,True,62983328.696134746,0.1
34.274.233/0001-02,2025-06-30 03:00:00,2025,TARGET_BPA_1.01_DFP,Ativo Circulante,DFP,GradientBoosting,9cd75faea1e4,156,raw,22913000.0,17.00394741731323,-62983311.69218733,62983345.70008216,125966657.39226949,True,62983328.696134746,0.1
34.274.233/0001-02,2025-09-30 03:00:00,2025,TARGET_BPA_1.01_DFP,Ativo Circulante,DFP,GradientBoosting,9cd75faea1e4,156,raw,22913000.0,16.033862028696046,-62983312.662272714,62983344.72999678,125966657.39226949,True,62983328.696134746,0.1
47.960.950/0001-21,2025-03-31 03:00:00,2025,TARGET_BPA_1.01_DFP,Ativo Circulante,DFP,GradientBoosting,9cd75faea1e4,156,raw,19839054.0,16.87900213537259,-62983311.81713261,62983345.575136885,125966657.39226949,True,62983328.696134746,0.1
47.960.950/0001-21,2025-06-30 03:00:00,2025,TARGET_BPA_1.01_DFP,Ativo Circulante,DFP,GradientBoosting,9cd75faea1e4,156,raw,19839054.0,16.879852019819253,-62983311.81628273,62983345.575986765,125966657.39226949,True,62983328.696134746,0.1
47.960.950/0001-21,2025-09-30 03:00:00,2025,TARGET_BPA_1.01_DFP,Ativo Circulante,DFP,GradientBoosting,9cd75faea1e4,156,raw,19839054.0,16.028693246899582,-62983312.6674415,62983344.72482799,125966657.39226949,True,62983328.696134746,0.1
53.113.791/0001-22,2025-03-31 03:00:00,2025,TARGET_BPA_1.01_DFP,Ativo Circulante,DFP,GradientBoosting,9cd75faea1e4,156,raw,3875770.0,15.110124429658038,-62983313.586010315,62983343.80625918,125966657.39226949,True,62983328.696134746,0.1
53.113.791/0001-22,2025-06-30 03:00:00,2025,TARGET_BPA_1.01_DFP,Ativo Circulante,DFP,GradientBoosting,9cd75faea1e4,156,raw,3875770.0,15.156483008526772,-62983313.53965174,62983343.852617756,125966657.39226949,True,62983328.696134746,0.1
53.113.791/0001-22,2025-09-30 03:00:00,2025,TARGET_BPA_1.01_DFP,Ativo Circulante,DFP,GradientBoosting,9cd75faea1e4,156,raw,3875770.0,15.765880238336457,-62983312.930254504,62983344.46201499,125966657.39226949,True,62983328.696134746,0.1
61.079.117/0001-05,2025-03-31 03:00:00,2025,TARGET_BPA_1.01_DFP,Ativo Circulante,DFP,GradientBoosting,9cd75faea1e4,156,raw,2711014.0,14.966049738538935,-62983313.73008501,62983343.662184484,125966657.39226949,True,62983328.696134746,0.1
61.079.117/0001-05,2025-06-30 03:00:00,2025,TARGET_BPA_1.01_DFP,Ativo Circulante,DFP,GradientBoosting,9cd75faea1e4,156,raw,2711014.0,14.753419166476014,-62983313.94271558,62983343.449553914,125966657.39226949,True,62983328.696134746,0.1
61.079.117/0001-05,2025-09-30 03:00:00,2025,TARGET_BPA_1.01_DFP,Ativo Circulante,DFP,GradientBoosting,9cd75faea1e4,156,raw,2711014.0,15.420009802485437,-62983313.27612495,62983344.116144545,125966657.39226949,True,62983328.696134746,0.1
81.243.735/0001-48,2025-03-31 03:00:00,2025,TARGET_BPA_1.01_DFP,Ativo Circulante,DFP,GradientBoosting,9cd75faea1e4,156,raw,2821028.0,14.8923782208402,-62983313.80375653,62983343.588512965,125966657.39226949,True,62983328.696134746,0.1
81.243.735/0001-48,2025-06-30 03:00:00,2025,TARGET_BPA_1.01_DFP,Ativo Circulante,DFP,GradientBoosting,9cd75faea1e4,156,raw,2821028.0,14.728579494604517,-62983313.967555255,62983343.42471424,125966657.39226949,True,62983328.696134746,0.1
81.243.735/0001-48,2025-09-30 03:00:00,2025,TARGET_BPA_1.01_DFP,Ativo Circulante,DFP,GradientBoosting,9cd75faea1e4,156,raw,2821028.0,14.807407455294332,-62983313.88872729,62983343.5035422,125966657.39226949,True,62983328.696134746,0.1
82.901.000/0001-27,2025-03-31 03:00:00,2025,TARGET_BPA_1.01_DFP,Ativo Circulante,DFP,GradientBoosting,9cd75faea1e4,156,raw,3866307.0,15.01549752957432,-62983313.68063722,62983343.711632274,125966657.39226949,True,62983328.696134746,0.1
82.901.000/0001-27,2025-06-30 03:00:00,2025,TARGET_BPA_1.01_DFP,Ativo Circulante,DFP,GradientBoosting,9cd75faea1e4,156,raw,3866307.0,15.152239922445887,-62983313.54389482,62983343.84837467,125966657.39226949,True,62983328.696134746,0.1
82.901.000/0001-27,2025-09-30 03:00:00,2025,TARGET_BPA_1.01_DFP,Ativo Circulante,DFP,GradientBoosting,9cd75faea1e4,156,raw,3866307.0,15.688224396183946,-62983313.00791035,62983344.38435914,125966657.39226949,True,62983328.696134746,0.1
84.429.695/0001-11,2025-03-31 03:00:00,2025,TARGET_BPA_1.01_DFP,Ativo Circulante,DFP,GradientBoosting,9cd75faea1e4,156,raw,26910845.0,17.202920290861954,-62983311.49321446,62983345.899055034,125966657.39226949,True,62983328.696134746,0.1
84.429.695/0001-11,2025-06-30 03:00:00,2025,TARGET_BPA_1.01_DFP,Ativo Circulante,DFP,GradientBoosting,9cd75faea1e4,156,raw,26910845.0,17.17794656117469,-62983311.518188186,62983345.874081306,125966657.39226949,True,62983328.696134746,0.1
84.429.695/0001-11,2025-09-30 03:00:00,2025,TARGET_BPA_1.01_DFP,Ativo Circulante,DFP,GradientBoosting,9cd75faea1e4,156,raw,26910845.0,16.184128061574732,-62983312.512006685,62983344.88026281,125966657.39226949,True,62983328.696134746,0.1
89.637.490/0001-45,2025-03-31 03:00:00,2025,TARGET_BPA_1.01_DFP,Ativo Circulante,DFP,GradientBoosting,9cd75faea1e4,156,raw,18049685.0,16.62339146290204,-62983312.07274328,62983345.31952621,125966657.39226949,True,62983328.696134746,0.1
89.637.490/0001-45,2025-06-30 03:00:00,2025,TARGET_BPA_1.01_DFP,Ativo Circulante,DFP,GradientBoosting,9cd75faea1e4,156,raw,18049685.0,16.473838072614313,-62983312.22229667,62983345.16997282,125966657.39226949,True,62983328.696134746,0.1
89.637.490/0001-45,2025-09-30 03:00:00,2025,TARGET_BPA_1.01_DFP,Ativo Circulante,DFP,GradientBoosting,9cd75faea1e4,156,raw,18049685.0,15.875016365432296,-62983312.82111838,62983344.571151115,125966657.39226949,True,62983328.696134746,0.1
92.754.738/0001-62,2025-03-31 03:00:00,2025,TARGET_BPA_1.01_DFP,Ativo Circulante,DFP,GradientBoosting,9cd75faea1e4,156,raw,11633757.0,16.277496507538807,-62983312.41863824,62983344.973631255,125966657.39226949,True,62983328.696134746,0.1
92.754.738/0001-62,2025-06-30 03:00:00,2025,TARGET_BPA_1.01_DFP,Ativo Circulante,DFP,GradientBoosting,9cd75faea1e4,156,raw,11633757.0,16.2500203030566,-62983312.44611444,62983344.94615505,125966657.39226949,True,62983328.696134746,0.1
92.754.738/0001-62,2025-09-30 03:00:00,2025,TARGET_BPA_1.01_DFP,Ativo Circulante,DFP,GradientBoosting,9cd75faea1e4,156,raw,11633757.0,15.793527585761348,-62983312.90260716,62983344.489662334,125966657.39226949,True,62983328.696134746,0.1
02.429.144/0001-93,2025-03-31 03:00:00,2025,TARGET_BPP_2.01_ITR_T1,Passivo Circulante,ITRT1,GradientBoosting,a689526c608c,153,raw,18372711.0,16.76451566437984,-59712369.07613739,59712402.605168715,119424771.68130611,True,59712385.840653054,0.1
02.429.144/0001-93,2025-06-30 03:00:00,2025,TARGET_BPP_2.01_ITR_T1,Passivo Circulante,ITRT1,GradientBoosting,a689526c608c,153,raw,18418946.0,16.82028650406787,-59712369.02036655,59712402.66093956,119424771.68130611,True,59712385.840653054,0.1
02.429.144/0001-93,2025-09-30 03:00:00,2025,TARGET_BPP_2.01_ITR_T1,Passivo Circulante,ITRT1,GradientBoosting,a689526c608c,153,raw,17182529.0,16.8057598443701,-59712369.03489321,59712402.6464129,119424771.68130611,True,59712385.840653054,0.1
02.429.144/0001-93,2025-12-31 03:00:00,2025,TARGET_BPP_2.01_ITR_T1,Passivo Circulante,ITRT1,GradientBoosting,a689526c608c,153,raw,17182529.0,16.700626375404674,-59712369.14002668,59712402.54127943,119424771.68130611,True,59712385.840653054,0.1
02.474.103/0001-19,2025-03-31 03:00:00,2025,TARGET_BPP_2.01_ITR_T1,Passivo Circulante,ITRT1,GradientBoosting,a689526c608c,153,raw,6220539.0,15.685873865564625,-59712370.15477919,59712401.52652692,119424771.68130611,True,59712385.840653054,0.1
02.474.103/0001-19,2025-06-30 03:00:00,2025,TARGET_BPP_2.01_ITR_T1,Passivo Circulante,ITRT1,GradientBoosting,a689526c608c,153,raw,7600856.0,15.739665988006555,-59712370.10098707,59712401.58031904,119424771.68130611,True,59712385.840653054,0.1
02.474.103/0001-19,2025-09-30 03:00:00,2025,TARGET_BPP_2.01_ITR_T1,Passivo Circulante,ITRT1,GradientBoosting,a689526c608c,153,raw,6497774.0,15.848222194456127,-59712369.99243086,59712401.68887525,119424771.68130611,True,59712385.840653054,0.1
02.474.103/0001-19,2025-12-31 03:00:00,2025,TARGET_BPP_2.01_ITR_T1,Passivo Circulante,ITRT1,GradientBoosting,a689526c608c,153,raw,6497774.0,15.733951502076005,-59712370.10670155,59712401.574604556,119424771.68130611,True,59712385.840653054,0.1
02.998.611/0001-04,2025-03-31 03:00:00,2025,TARGET_BPP_2.01_ITR_T1,Passivo Circulante,ITRT1,GradientBoosting,a689526c608c,153,raw,1109833.0,14.087366846395488,-59712371.753286205,59712399.9280199,119424771.68130611,True,59712385.840653054,0.1
02.998.611/0001-04,2025-06-30 03:00:00,2025,TARGET_BPP_2.01_ITR_T1,Passivo Circulante,ITRT1,GradientBoosting,a689526c608c,153,raw,1583102.0,14.210326280636897,-59712371.63032677,59712400.05097934,119424771.68130611,True,59712385.840653054,0.1
02.998.611/0001-04,2025-09-30 03:00:00,2025,TARGET_BPP_2.01_ITR_T1,Passivo Circulante,ITRT1,GradientBoosting,a689526c608c,153,raw,1616051.0,14.610785714591614,-59712371.22986734,59712400.45143877,119424771.68130611,True,59712385.840653054,0.1
02.998.611/0001-04,2025-12-31 03:00:00,2025,TARGET_BPP_2.01_ITR_T1,Passivo Circulante,ITRT1,GradientBoosting,a689526c608c,153,raw,1616051.0,14.50646602717481,-59712371.33418703,59712400.34711908,119424771.68130611,True,59712385.840653054,0.1
03.220.438/0001-73,2025-03-31 03:00:00,2025,TARGET_BPP_2.01_ITR_T1,Passivo Circulante,ITRT1,GradientBoosting,a689526c608c,153,raw,20219188.0,16.822456007331468,-59712369.018197045,59712402.663109064,119424771.68130611,True,59712385.840653054,0.1
03.220.438/0001-73,2025-06-30 03:00:00,2025,TARGET_BPP_2.01_ITR_T1,Passivo Circulante,ITRT1,GradientBoosting,a689526c608c,153,raw,20859413.0,16.88202307937058,-59712368.95862997,59712402.722676136,119424771.68130611,True,59712385.840653054,0.1
03.220.438/0001-73,2025-09-30 03:00:00,2025,TARGET_BPP_2.01_ITR_T1,Passivo Circulante,ITRT1,GradientBoosting,a689526c608c,153,raw,17523209.0,16.811221817074035,-59712369.02943124,59712402.65187487,119424771.68130611,True,59712385.840653054,0.1
03.220.438/0001-73,2025-12-31 03:00:00,2025,TARGET_BPP_2.01_ITR_T1,Passivo Circulante,ITRT1,GradientBoosting,a689526c608c,153,raw,17523209.0,16.69607382264371,-59712369.14457923,59712402.53672688,119424771.68130611,True,59712385.840653054,0.1
07.859.971/0001-30,2025-03-31 03:00:00,2025,TARGET_BPP_2.01_ITR_T1,Passivo Circulante,ITRT1,GradientBoosting,a689526c608c,153,raw,2585882.0,14.607383771291147,-59712371.23326928,59712400.44803683,119424771.68130611,True,59712385.840653054,0.1
07.859.971/0001-30,2025-06-30 03:00:00,2025,TARGET_BPP_2.01_ITR_T1,Passivo Circulante,ITRT1,GradientBoosting,a689526c608c,153,raw,2029621.0,14.824191631955086,-59712371.016461425,59712400.664844684,119424771.68130611,True,59712385.840653054,0.1
07.859.971/0001-30,2025-09-30 03:00:00,2025,TARGET_BPP_2.01_ITR_T1,Passivo Circulante,ITRT1,GradientBoosting,a689526c608c,153,raw,1686325.0,14.736767819130558,-59712371.10388523,59712400.577420875,119424771.68130611,True,59712385.840653054,0.1
07.859.971/0001-30,2025-12-31 03:00:00,2025,TARGET_BPP_2.01_ITR_T1,Passivo Circulante,ITRT1,GradientBoosting,a689526c608c,153,raw,1686325.0,14.605302109340851,-59712371.235350944,59712400.445955165,119424771.68130611,True,59712385.840653054,0.1
10.629.105/0001-68,2025-03-31 03:00:00,2025,TARGET_BPP_2.01_ITR_T1,Passivo Circulante,ITRT1,GradientBoosting,a689526c608c,153,raw,5898957.0,15.58359827140731,-59712370.25705478,59712401.424251325,119424771.68130611,True,59712385.840653054,0.1
10.629.105/0001-68,2025-06-30 03:00:00,2025,TARGET_BPP_2.01_ITR_T1,Passivo Circulante,ITRT1,GradientBoosting,a689526c608c,153,raw,6181008.0,15.673616668550485,-59712370.167036384,59712401.514269724,119424771.68130611,True,59712385.840653054,0.1
10.629.105/0001-68,2025-09-30 03:00:00,2025,TARGET_BPP_2.01_ITR_T1,Passivo Circulante,ITRT1,GradientBoosting,a689526c608c,153,raw,5554527.0,15.80829319855819,-59712370.03235985,59712401.648946255,119424771.68130611,True,59712385.840653054,0.1
10.629.105/0001-68,2025-12-31 03:00:00,2025,TARGET_BPP_2.01_ITR_T1,Passivo Circulante,ITRT1,GradientBoosting,a689526c608c,153,raw,5554527.0,15.578484270336636,-59712370.26216879,59712401.41913732,119424771.68130611,True,59712385.840653054,0.1
16.404.287/0001-55,2025-03-31 03:00:00,2025,TARGET_BPP_2.01_ITR_T1,Passivo Circulante,ITRT1,GradientBoosting,a689526c608c,153,raw,12616956.0,16.388709590166847,-59712369.451943465,59712402.229362644,119424771.68130611,True,59712385.840653054,0.1
16.404.287/0001-55,2025-06-30 03:00:00,2025,TARGET_BPP_2.01_ITR_T1,Passivo Circulante,ITRT1,GradientBoosting,a689526c608c,153,raw,13320581.0,16.429352050762564,-59712369.411301,59712402.27000511,119424771.68130611,True,59712385.840653054,0.1
16.404.287/0001-55,2025-09-30 03:00:00,2025,TARGET_BPP_2.01_ITR_T1,Passivo Circulante,ITRT1,GradientBoosting,a689526c608c,153,raw,12015046.0,16.390824397850366,-59712369.449828655,59712402.231477454,119424771.68130611,True,59712385.840653054,0.1
16.404.287/0001-55,2025-12-31 03:00:00,2025,TARGET_BPP_2.01_ITR_T1,Passivo Circulante,ITRT1,GradientBoosting,a689526c608c,153,raw,12015046.0,16.326917903440187,-59712369.51373515,59712402.167570956,119424771.68130611,True,59712385.840653054,0.1
16.590.234/0001-76,2025-03-31 03:00:00,2025,TARGET_BPP_2.01_ITR_T1,Passivo Circulante,ITRT1,GradientBoosting,a689526c608c,153,raw,4272647.0,14.931404070899896,-59712370.909248985,59712400.77205712,119424771.68130611,True,59712385.840653054,0.1
16.590.234/0001-76,2025-06-30 03:00:00,2025,TARGET_BPP_2.01_ITR_T1,Passivo Circulante,ITRT1,GradientBoosting,a689526c608c,153,raw,3625523.0,14.974057374740553,-59712370.86659568,59712400.81471043,119424771.68130611,True,59712385.840653054,0.1
16.590.234/0001-76,2025-09-30 03:00:00,2025,TARGET_BPP_2.01_ITR_T1,Passivo Circulante,ITRT1,GradientBoosting,a689526c608c,153,raw,3044759.0,14.621646156469405,-59712371.219006896,59712400.46229921,119424771.68130611,True,59712385.840653054,0.1
16.590.234/0001-76,2025-12-31 03:00:00,2025,TARGET_BPP_2.01_ITR_T1,Passivo Circulante,ITRT1,GradientBoosting,a689526c608c,153,raw,3044759.0,14.59857867476198,-59712371.24207438,59712400.43923173,119424771.68130611,True,59712385.840653054,0.1
24.990.777/0001-09,2025-03-31 03:00:00,2025,TARGET_BPP_2.01_ITR_T1,Passivo Circulante,ITRT1,GradientBoosting,a689526c608c,153,raw,5049866.0,15.436779278024254,-59712370.40387378,59712401.27743233,119424771.68130611,True,59712385.840653054,0.1
24.990.777/0001-09,2025-06-30 03:00:00,2025,TARGET_BPP_2.01_ITR_T1,Passivo Circulante,ITRT1,GradientBoosting,a689526c608c,153,raw,6415587.0,15.496851152195271,-59712370.3438019,59712401.33750421,119424771.68130611,True,59712385.840653054,0.1
24.990.777/0001-09,2025-09-30 03:00:00,2025,TARGET_BPP_2.01_ITR_T1,Passivo Circulante,ITRT1,GradientBoosting,a689526c608c,153,raw,7566500.0,15.705390767276935,-59712370.13526229,59712401.54604382,119424771.68130611,True,59712385.840653054,0.1
24.990.777/0001-09,2025-12-31 03:00:00,2025,TARGET_BPP_2.01_ITR_T1,Passivo Circulante,ITRT1,GradientBoosting,a689526c608c,153,raw,7566500.0,15.83210947461948,-59712370.00854358,59712401.67276253,119424771.68130611,True,59712385.840653054,0.1
33.000.167/0001-01,2025-03-31 03:00:00,2025,TARGET_BPP_2.01_ITR_T1,Passivo Circulante,ITRT1,GradientBoosting,a689526c608c,153,raw,179180000.0,18.80989445261178,-59712367.030758604,59712404.650547504,119424771.68130611,False,59712385.840653054,0.1
33.000.167/0001-01,2025-06-30 03:00:00,2025,TARGET_BPP_2.01_ITR_T1,Passivo Circulante,ITRT1,GradientBoosting,a689526c608c,153,raw,182367000.0,18.843663821658144,-59712366.996989235,59712404.68431687,119424771.68130611,False,59712385.840653054,0.1
33.000.167/0001-01,2025-09-30 03:00:00,2025,TARGET_BPP_2.01_ITR_T1,Passivo Circulante,ITRT1,GradientBoosting,a689526c608c,153,raw,189166000.0,18.795955088866773,-59712367.04469796,59712404.636608146,119424771.68130611,False,59712385.840653054,0.1
33.000.167/0001-01,2025-12-31 03:00:00,2025,TARGET_BPP_2.01_ITR_T1,Passivo Circulante,ITRT1,GradientBoosting,a689526c608c,153,raw,189166000.0,18.78095527869279,-59712367.05969778,59712404.62160833,119424771.68130611,False,59712385.840653054,0.1
33.042.730/0001-04,2025-03-31 03:00:00,2025,TARGET_BPP_2.01_ITR_T1,Passivo Circulante,ITRT1,GradientBoosting,a689526c608c,153,raw,25738266.0,17.043775565795347,-59712368.79687749,59712402.88442862,119424771.68130611,True,59712385.840653054,0.1
33.042.730/0001-04,2025-06-30 03:00:00,2025,TARGET_BPP_2.01_ITR_T1,Passivo Circulante,ITRT1,GradientBoosting,a689526c608c,153,raw,24821214.0,17.10401299279698,-59712368.73664006,59712402.94466605,119424771.68130611,True,59712385.840653054,0.1
33.042.730/0001-04,2025-09-30 03:00:00,2025,TARGET_BPP_2.01_ITR_T1,Passivo Circulante,ITRT1,GradientBoosting,a689526c608c,153,raw,26481943.0,17.116210426872104,-59712368.72444263,59712402.95686348,119424771.68130611,True,59712385.840653054,0.1
33.042.730/0001-04,2025-12-31 03:00:00,2025,TARGET_BPP_2.01_ITR_T1,Passivo Circulante,ITRT1,GradientBoosting,a689526c608c,153,raw,26481943.0,17.088347143948646,-59712368.75230591,59712402.9290002,119424771.68130611,True,59712385.840653054,0.1
33.256.439/0001-39,2025-03-31 03:00:00,2025,TARGET_BPP_2.01_ITR_T1,Passivo Circulante,ITRT1,GradientBoosting,a689526c608c,153,raw,9279761.0,15.979729643086836,-59712369.86092341,59712401.8203827,119424771.68130611,True,59712385.840653054,0.1
33.256.439/0001-39,2025-06-30 03:00:00,2025,TARGET_BPP_2.01_ITR_T1,Passivo Circulante,ITRT1,GradientBoosting,a689526c608c,153,raw,8909887.0,16.077455496353203,-59712369.763197556,59712401.91810855,119424771.68130611,True,59712385.840653054,0.1
33.256.439/0001-39,2025-09-30 03:00:00,2025,TARGET_BPP_2.01_ITR_T1,Passivo Circulante,ITRT1,GradientBoosting,a689526c608c,153,raw,12479454.0,16.056302357238042,-59712369.7843507,59712401.89695541,119424771.68130611,True,59712385.840653054,0.1
33.256.439/0001-39,2025-12-31 03:00:00,2025,TARGET_BPP_2.01_ITR_T1,Passivo Circulante,ITRT1,GradientBoosting,a689526c608c,153,raw,12479454.0,16.34782709607234,-59712369.492825955,59712402.18848015,119424771.68130611,True,59712385.840653054,0.1
33.453.598/0001-23,2025-03-31 03:00:00,2025,TARGET_BPP_2.01_ITR_T1,Passivo Circulante,ITRT1,GradientBoosting,a689526c608c,153,raw,39890758.0,17.59436575296505,-59712368.2462873,59712403.43501881,119424771.68130611,True,59712385.840653054,0.1
33.453.598/0001-23,2025-06-30 03:00:00,2025,TARGET_BPP_2.01_ITR_T1,Passivo Circulante,ITRT1,GradientBoosting,a689526c608c,153,raw,35413769.0,17.50259136726978,-59712368.33806169,59712403.34324442,119424771.68130611,True,59712385.840653054,0.1
33.453.598/0001-23,2025-09-30 03:00:00,2025,TARGET_BPP_2.01_ITR_T1,Passivo Circulante,ITRT1,GradientBoosting,a689526c608c,153,raw,36059973.0,17.530976406474885,-59712368.30967665,59712403.37162946,119424771.68130611,True,59712385.840653054,0.1
33.592.510/0001-54,2025-03-31 03:00:00,2025,TARGET_BPP_2.01_ITR_T1,Passivo Circulante,ITRT1,GradientBoosting,a689526c608c,153,raw,78962000.0,18.152446661970046,-59712367.68820639,59712403.99309972,119424771.68130611,False,59712385.840653054,0.1
33.592.510/0001-54,2025-06-30 03:00:00,2025,TARGET_BPP_2.01_ITR_T1,Passivo Circulante,ITRT1,GradientBoosting,a689526c608c,153,raw,70860000.0,18.173590938140784,-59712367.66706212,59712404.01424399,119424771.68130611,False,59712385.840653054,0.1
33.592.510/0001-54,2025-09-30 03:00:00,2025,TARGET_BPP_2.01_ITR_T1,Passivo Circulante,ITRT1,GradientBoosting,a689526c608c,153,raw,70512000.0,18.138004430623123,-59712367.702648625,59712403.978657484,119424771.68130611,False,59712385.840653054,0.1
33.592.510/0001-54,2025-12-31 03:00:00,2025,TARGET_BPP_2.01_ITR_T1,Passivo Circulante,ITRT1,GradientBoosting,a689526c608c,153,raw,70512000.0,18.10290104474602,-59712367.73775201,59712403.943554096,119424771.68130611,False,59712385.840653054,0.1
33.611.500/0001-19,2025-03-31 03:00:00,2025,TARGET_BPP_2.01_ITR_T1,Passivo Circulante,ITRT1,GradientBoosting,a689526c608c,153,raw,11521998.0,16.290970533031896,-59712369.54968252,59712402.13162359,119424771.68130611,True,59712385.840653054,0.1
33.611.500/0001-19,2025-06-30 03:00:00,2025,TARGET_BPP_2.01_ITR_T1,Passivo Circulante,ITRT1,GradientBoosting,a689526c608c,153,raw,12353460.0,16.33120388568476,-59712369.50944917,59712402.17185694,119424771.68130611,True,59712385.840653054,0.1
33.611.500/0001-19,2025-09-30 03:00:00,2025,TARGET_BPP_2.01_ITR_T1,Passivo Circulante,ITRT1,GradientBoosting,a689526c608c,153,raw,10360391.0,16.29415974300064,-59712369.546493314,59712402.134812795,119424771.68130611,True,59712385.840653054,0.1
33.611.500/0001-19,2025-12-31 03:00:00,2025,TARGET_BPP_2.01_ITR_T1,Passivo Circulante,ITRT1,GradientBoosting,a689526c608c,153,raw,10360391.0,16.142953602356116,-59712369.69769945,59712401.98360666,119424771.68130611,True,59712385.840653054,0.1
34.274.233/0001-02,2025-03-31 03:00:00,2025,TARGET_BPP_2.01_ITR_T1,Passivo Circulante,ITRT1,GradientBoosting,a689526c608c,153,raw,11506000.0,16.325306223880652,-59712369.51534683,59712402.165959276,119424771.68130611,True,59712385.840653054,0.1
34.274.233/0001-02,2025-06-30 03:00:00,2025,TARGET_BPP_2.01_ITR_T1,Passivo Circulante,ITRT1,GradientBoosting,a689526c608c,153,raw,11654000.0,16.3477518411697,-59712369.49290121,59712402.188404895,119424771.68130611,True,59712385.840653054,0.1
34.274.233/0001-02,2025-09-30 03:00:00,2025,TARGET_BPP_2.01_ITR_T1,Passivo Circulante,ITRT1,GradientBoosting,a689526c608c,153,raw,14600000.0,16.31743521057849,-59712369.52321784,59712402.15808827,119424771.68130611,True,59712385.840653054,0.1
34.274.233/0001-02,2025-12-31 03:00:00,2025,TARGET_BPP_2.01_ITR_T1,Passivo Circulante,ITRT1,GradientBoosting,a689526c608c,153,raw,14600000.0,16.464159991677526,-59712369.37649306,59712402.30481305,119424771.68130611,True,59712385.840653054,0.1
47.960.950/0001-21,2025-03-31 03:00:00,2025,TARGET_BPP_2.01_ITR_T1,Passivo Circulante,ITRT1,GradientBoosting,a689526c608c,153,raw,14909554.0,16.447821069757342,-59712369.39283198,59712402.28847413,119424771.68130611,True,59712385.840653054,0.1
47.960.950/0001-21,2025-06-30 03:00:00,2025,TARGET_BPP_2.01_ITR_T1,Passivo Circulante,ITRT1,GradientBoosting,a689526c608c,153,raw,15246303.0,16.47830293557014,-59712369.36235012,59712402.31895599,119424771.68130611,True,59712385.840653054,0.1
47.960.950/0001-21,2025-09-30 03:00:00,2025,TARGET_BPP_2.01_ITR_T1,Passivo Circulante,ITRT1,GradientBoosting,a689526c608c,153,raw,16274530.0,16.561877030280595,-59712369.27877603,59712402.40253008,119424771.68130611,True,59712385.840653054,0.1
47.960.950/0001-21,2025-12-31 03:00:00,2025,TARGET_BPP_2.01_ITR_T1,Passivo Circulante,ITRT1,GradientBoosting,a689526c608c,153,raw,16274530.0,16.54420611315529,-59712369.29644694,59712402.38485917,119424771.68130611,True,59712385.840653054,0.1
53.113.791/0001-22,2025-03-31 03:00:00,2025,TARGET_BPP_2.01_ITR_T1,Passivo Circulante,ITRT1,GradientBoosting,a689526c608c,153,raw,1343319.0,13.936197888007792,-59712371.90445517,59712399.77685094,119424771.68130611,True,59712385.840653054,0.1
53.113.791/0001-22,2025-06-30 03:00:00,2025,TARGET_BPP_2.01_ITR_T1,Passivo Circulante,ITRT1,GradientBoosting,a689526c608c,153,raw,1339676.0,14.042344519909179,-59712371.79830854,59712399.88299757,119424771.68130611,True,59712385.840653054,0.1
53.113.791/0001-22,2025-09-30 03:00:00,2025,TARGET_BPP_2.01_ITR_T1,Passivo Circulante,ITRT1,GradientBoosting,a689526c608c,153,raw,2344195.0,13.944623767902396,-59712371.896029286,59712399.78527682,119424771.68130611,True,59712385.840653054,0.1
53.113.791/0001-22,2025-12-31 03:00:00,2025,TARGET_BPP_2.01_ITR_T1,Passivo Circulante,ITRT1,GradientBoosting,a689526c608c,153,raw,2344195.0,14.400543187541146,-59712371.440109864,59712400.241196245,119424771.68130611,True,59712385.840653054,0.1
61.079.117/0001-05,2025-03-31 03:00:00,2025,TARGET_BPP_2.01_ITR_T1,Passivo Circulante,ITRT1,GradientBoosting,a689526c608c,153,raw,1346981.0,13.720564822376373,-59712372.120088235,59712399.561217874,119424771.68130611,True,59712385.840653054,0.1
61.079.117/0001-05,2025-06-30 03:00:00,2025,TARGET_BPP_2.01_ITR_T1,Passivo Circulante,ITRT1,GradientBoosting,a689526c608c,153,raw,1302698.0,13.628964730008738,-59712372.211688325,59712399.469617784,119424771.68130611,True,59712385.840653054,0.1
61.079.117/0001-05,2025-09-30 03:00:00,2025,TARGET_BPP_2.01_ITR_T1,Passivo Circulante,ITRT1,GradientBoosting,a689526c608c,153,raw,1749586.0,13.73201327355577,-59712372.108639784,59712399.572666325,119424771.68130611,True,59712385.840653054,0.1
61.079.117/0001-05,2025-12-31 03:00:00,2025,TARGET_BPP_2.01_ITR_T1,Passivo Circulante,ITRT1,GradientBoosting,a689526c608c,153,raw,1749586.0,13.969551519510967,-59712371.871101536,59712399.81020457,119424771.68130611,True,59712385.840653054,0.1
81.243.735/0001-48,2025-03-31 03:00:00,2025,TARGET_BPP_2.01_ITR_T1,Passivo Circulante,ITRT1,GradientBoosting,a689526c608c,153,raw,1395155.0,13.996367667992782,-59712371.844285384,59712399.837020725,119424771.68130611,True,59712385.840653054,0.1
81.243.735/0001-48,2025-06-30 03:00:00,2025,TARGET_BPP_2.01_ITR_T1,Passivo Circulante,ITRT1,GradientBoosting,a689526c608c,153,raw,1741706.0,14.104690590465534,-59712371.735962465,59712399.94534364,119424771.68130611,True,59712385.840653054,0.1
81.243.735/0001-48,2025-09-30 03:00:00,2025,TARGET_BPP_2.01_ITR_T1,Passivo Circulante,ITRT1,GradientBoosting,a689526c608c,153,raw,1647070.0,14.124612705667284,-59712371.71604035,59712399.96526576,119424771.68130611,True,59712385.840653054,0.1
81.243.735/0001-48,2025-12-31 03:00:00,2025,TARGET_BPP_2.01_ITR_T1,Passivo Circulante,ITRT1,GradientBoosting,a689526c608c,153,raw,1647070.0,14.032885415414336,-59712371.80776764,59712399.87353847,119424771.68130611,True,59712385.840653054,0.1
82.901.000/0001-27,2025-03-31 03:00:00,2025,TARGET_BPP_2.01_ITR_T1,Passivo Circulante,ITRT1,GradientBoosting,a689526c608c,153,raw,1336156.0,14.00174828084443,-59712371.838904776,59712399.84240133,119424771.68130611,True,59712385.840653054,0.1
82.901.000/0001-27,2025-06-30 03:00:00,2025,TARGET_BPP_2.01_ITR_T1,Passivo Circulante,ITRT1,GradientBoosting,a689526c608c,153,raw,1620955.0,14.039571733589513,-59712371.80108132,59712399.88022479,119424771.68130611,True,59712385.840653054,0.1
82.901.000/0001-27,2025-09-30 03:00:00,2025,TARGET_BPP_2.01_ITR_T1,Passivo Circulante,ITRT1,GradientBoosting,a689526c608c,153,raw,1491819.0,14.155993968588007,-59712371.684659086,59712399.99664702,119424771.68130611,True,59712385.840653054,0.1
82.901.000/0001-27,2025-12-31 03:00:00,2025,TARGET_BPP_2.01_ITR_T1,Passivo Circulante,ITRT1,GradientBoosting,a689526c608c,153,raw,1491819.0,14.0262843108167,-59712371.81436875,59712399.86693736,119424771.68130611,True,59712385.840653054,0.1
84.429.695/0001-11,2025-03-31 03:00:00,2025,TARGET_BPP_2.01_ITR_T1,Passivo Circulante,ITRT1,GradientBoosting,a689526c608c,153,raw,14256179.0,16.383193033487835,-59712369.45746002,59712402.223846085,119424771.68130611,True,59712385.840653054,0.1
84.429.695/0001-11,2025-06-30 03:00:00,2025,TARGET_BPP_2.01_ITR_T1,Passivo Circulante,ITRT1,GradientBoosting,a689526c608c,153,raw,15054797.0,16.443025543185925,-59712369.39762751,59712402.2836786,119424771.68130611,True,59712385.840653054,0.1
84.429.695/0001-11,2025-09-30 03:00:00,2025,TARGET_BPP_2.01_ITR_T1,Passivo Circulante,ITRT1,GradientBoosting,a689526c608c,153,raw,17662876.0,16.54616460249762,-59712369.29448845,59712402.38681766,119424771.68130611,True,59712385.840653054,0.1
84.429.695/0001-11,2025-12-31 03:00:00,2025,TARGET_BPP_2.01_ITR_T1,Passivo Circulante,ITRT1,GradientBoosting,a689526c608c,153,raw,17662876.0,16.661536480126358,-59712369.17911658,59712402.50218953,119424771.68130611,True,59712385.840653054,0.1
89.637.490/0001-45,2025-03-31 03:00:00,2025,TARGET_BPP_2.01_ITR_T1,Passivo Circulante,ITRT1,GradientBoosting,a689526c608c,153,raw,7169128.0,15.77443745983197,-59712370.0662156,59712401.61509051,119424771.68130611,True,59712385.840653054,0.1
89.637.490/0001-45,2025-06-30 03:00:00,2025,TARGET_BPP_2.01_ITR_T1,Passivo Circulante,ITRT1,GradientBoosting,a689526c608c,153,raw,7831467.0,15.867699768214452,-59712369.97295329,59712401.70835282,119424771.68130611,True,59712385.840653054,0.1
89.637.490/0001-45,2025-09-30 03:00:00,2025,TARGET_BPP_2.01_ITR_T1,Passivo Circulante,ITRT1,GradientBoosting,a689526c608c,153,raw,9049524.0,15.94056925958006,-59712369.900083795,59712401.78122231,119424771.68130611,True,59712385.840653054,0.1
89.637.490/0001-45,2025-12-31 03:00:00,2025,TARGET_BPP_2.01_ITR_T1,Passivo Circulante,ITRT1,GradientBoosting,a689526c608c,153,raw,9049524.0,16.022150412826882,-59712369.81850264,59712401.86280347,119424771.68130611,True,59712385.840653054,0.1
92.754.738/0001-62,2025-03-31 03:00:00,2025,TARGET_BPP_2.01_ITR_T1,Passivo Circulante,ITRT1,GradientBoosting,a689526c608c,153,raw,6313301.0,15.584665076121805,-59712370.25598798,59712401.42531813,119424771.68130611,True,59712385.840653054,0.1
92.754.738/0001-62,2025-06-30 03:00:00,2025,TARGET_BPP_2.01_ITR_T1,Passivo Circulante,ITRT1,GradientBoosting,a689526c608c,153,raw,6036040.0,15.644379976375536,-59712370.19627308,59712401.48503303,119424771.68130611,True,59712385.840653054,0.1
92.754.738/0001-62,2025-09-30 03:00:00,2025,TARGET_BPP_2.01_ITR_T1,Passivo Circulante,ITRT1,GradientBoosting,a689526c608c,153,raw,6172158.0,15.612775054216211,-59712370.227878,59712401.45342811,119424771.68130611,True,59712385.840653054,0.1
92.754.738/0001-62,2025-12-31 03:00:00,2025,TARGET_BPP_2.01_ITR_T1,Passivo Circulante,ITRT1,GradientBoosting,a689526c608c,153,raw,6172158.0,15.546825374418981,-59712370.29382768,59712401.387478426,119424771.68130611,True,59712385.840653054,0.1
02.429.144/0001-93,2025-03-31 03:00:00,2025,TARGET_BPP_2.01_ITR_T2,Passivo Circulante,ITRT2,RandomForest,62bc0a033d2b,155,raw,18418946.0,16.68753305353516,-59727291.15196202,59727324.52702812,119454615.67899014,True,59727307.83949507,0.1
02.429.144/0001-93,2025-06-30 03:00:00,2025,TARGET_BPP_2.01_ITR_T2,Passivo Circulante,ITRT2,RandomForest,62bc0a033d2b,155,raw,17182529.0,16.68330382641358,-59727291.156191245,59727324.522798896,119454615.67899014,True,59727307.83949507,0.1
02.474.103/0001-19,2025-03-31 03:00:00,2025,TARGET_BPP_2.01_ITR_T2,Passivo Circulante,ITRT2,RandomForest,62bc0a033d2b,155,raw,7600856.0,15.674609463361923,-59727292.16488561,59727323.51410453,119454615.67899014,True,59727307.83949507,0.1
02.474.103/0001-19,2025-06-30 03:00:00,2025,TARGET_BPP_2.01_ITR_T2,Passivo Circulante,ITRT2,RandomForest,62bc0a033d2b,155,raw,6497774.0,15.851246276358804,-59727291.988248795,59727323.690741345,119454615.67899014,True,59727307.83949507,0.1
02.998.611/0001-04,2025-03-31 03:00:00,2025,TARGET_BPP_2.01_ITR_T2,Passivo Circulante,ITRT2,RandomForest,62bc0a033d2b,155,raw,1583102.0,13.904189690003719,-59727293.93530538,59727321.74368476,119454615.67899014,True,59727307.83949507,0.1
02.998.611/0001-04,2025-06-30 03:00:00,2025,TARGET_BPP_2.01_ITR_T2,Passivo Circulante,ITRT2,RandomForest,62bc0a033d2b,155,raw,1616051.0,14.387932786613874,-59727293.451562285,59727322.227427855,119454615.67899014,True,59727307.83949507,0.1
03.220.438/0001-73,2025-03-31 03:00:00,2025,TARGET_BPP_2.01_ITR_T2,Passivo Circulante,ITRT2,RandomForest,62bc0a033d2b,155,raw,20859413.0,16.689520183260463,-59727291.14997489,59727324.52901525,119454615.67899014,True,59727307.83949507,0.1
03.220.438/0001-73,2025-06-30 03:00:00,2025,TARGET_BPP_2.01_ITR_T2,Passivo Circulante,ITRT2,RandomForest,62bc0a033d2b,155,raw,17523209.0,16.749535414998537,-59727291.08995966,59727324.58903048,119454615.67899014,True,59727307.83949507,0.1
07.859.971/0001-30,2025-03-31 03:00:00,2025,TARGET_BPP_2.01_ITR_T2,Passivo Circulante,ITRT2,RandomForest,62bc0a033d2b,155,raw,2029621.0,14.563763249310021,-59727293.275731824,59727322.403258316,119454615.67899014,True,59727307.83949507,0.1
07.859.971/0001-30,2025-06-30 03:00:00,2025,TARGET_BPP_2.01_ITR_T2,Passivo Circulante,ITRT2,RandomForest,62bc0a033d2b,155,raw,1686325.0,14.501236745122144,-59727293.338258326,59727322.340731815,119454615.67899014,True,59727307.83949507,0.1
10.629.105/0001-68,2025-03-31 03:00:00,2025,TARGET_BPP_2.01_ITR_T2,Passivo Circulante,ITRT2,RandomForest,62bc0a033d2b,155,raw,6181008.0,15.612284277973695,-59727292.22721079,59727323.45177935,119454615.67899014,True,59727307.83949507,0.1
10.629.105/0001-68,2025-06-30 03:00:00,2025,TARGET_BPP_2.01_ITR_T2,Passivo Circulante,ITRT2,RandomForest,62bc0a033d2b,155,raw,5554527.0,15.684627614256922,-59727292.154867455,59727323.524122685,119454615.67899014,True,59727307.83949507,0.1
16.404.287/0001-55,2025-03-31 03:00:00,2025,TARGET_BPP_2.01_ITR_T2,Passivo Circulante,ITRT2,RandomForest,62bc0a033d2b,155,raw,13320581.0,16.359864651063265,-59727291.47963042,59727324.19935972,119454615.67899014,True,59727307.83949507,0.1
16.404.287/0001-55,2025-06-30 03:00:00,2025,TARGET_BPP_2.01_ITR_T2,Passivo Circulante,ITRT2,RandomForest,62bc0a033d2b,155,raw,12015046.0,16.368669089486986,-59727291.47082598,59727324.20816416,119454615.67899014,True,59727307.83949507,0.1
16.590.234/0001-76,2025-03-31 03:00:00,2025,TARGET_BPP_2.01_ITR_T2,Passivo Circulante,ITRT2,RandomForest,62bc0a033d2b,155,raw,3625523.0,14.804254948279999,-59727293.03524012,59727322.64375002,119454615.67899014,True,59727307.83949507,0.1
16.590.234/0001-76,2025-06-30 03:00:00,2025,TARGET_BPP_2.01_ITR_T2,Passivo Circulante,ITRT2,RandomForest,62bc0a033d2b,155,raw,3044759.0,15.001903186547157,-59727292.83759189,59727322.841398254,119454615.67899014,True,59727307.83949507,0.1
24.990.777/0001-09,2025-03-31 03:00:00,2025,TARGET_BPP_2.01_ITR_T2,Passivo Circulante,ITRT2,RandomForest,62bc0a033d2b,155,raw,6415587.0,15.438604398407067,-59727292.40089067,59727323.27809947,119454615.67899014,True,59727307.83949507,0.1
24.990.777/0001-09,2025-06-30 03:00:00,2025,TARGET_BPP_2.01_ITR_T2,Passivo Circulante,ITRT2,RandomForest,62bc0a033d2b,155,raw,7566500.0,15.681294100109492,-59727292.15820097,59727323.52078917,119454615.67899014,True,59727307.83949507,0.1
33.000.167/0001-01,2025-03-31 03:00:00,2025,TARGET_BPP_2.01_ITR_T2,Passivo Circulante,ITRT2,RandomForest,62bc0a033d2b,155,raw,182367000.0,18.765140643991142,-59727289.074354425,59727326.604635715,119454615.67899014,False,59727307.83949507,0.1
33.000.167/0001-01,2025-06-30 03:00:00,2025,TARGET_BPP_2.01_ITR_T2,Passivo Circulante,ITRT2,RandomForest,62bc0a033d2b,155,raw,189166000.0,18.78842374988619,-59727289.05107132,59727326.62791882,119454615.67899014,False,59727307.83949507,0.1
33.042.730/0001-04,2025-03-31 03:00:00,2025,TARGET_BPP_2.01_ITR_T2,Passivo Circulante,ITRT2,RandomForest,62bc0a033d2b,155,raw,24821214.0,16.9484084034733,-59727290.89108667,59727324.78790347,119454615.67899014,True,59727307.83949507,0.1
33.042.730/0001-04,2025-06-30 03:00:00,2025,TARGET_BPP_2.01_ITR_T2,Passivo Circulante,ITRT2,RandomForest,62bc0a033d2b,155,raw,26481943.0,16.958256052773876,-59727290.88123902,59727324.79775112,119454615.67899014,True,59727307.83949507,0.1
33.256.439/0001-39,2025-03-31 03:00:00,2025,TARGET_BPP_2.01_ITR_T2,Passivo Circulante,ITRT2,RandomForest,62bc0a033d2b,155,raw,8909887.0,16.051364936108257,-59727291.788130134,59727323.890860006,119454615.67899014,True,59727307.83949507,0.1
33.256.439/0001-39,2025-06-30 03:00:00,2025,TARGET_BPP_2.01_ITR_T2,Passivo Circulante,ITRT2,RandomForest,62bc0a033d2b,155,raw,12479454.0,15.964674348664957,-59727291.874820724,59727323.80416942,119454615.67899014,True,59727307.83949507,0.1
33.453.598/0001-23,2025-03-31 03:00:00,2025,TARGET_BPP_2.01_ITR_T2,Passivo Circulante,ITRT2,RandomForest,62bc0a033d2b,155,raw,35413769.0,17.50945021774173,-59727290.33004485,59727325.34894529,119454615.67899014,True,59727307.83949507,0.1
33.453.598/0001-23,2025-06-30 03:00:00,2025,TARGET_BPP_2.01_ITR_T2,Passivo Circulante,ITRT2,RandomForest,62bc0a033d2b,155,raw,36059973.0,17.500731508098017,-59727290.338763565,59727325.340226576,119454615.67899014,True,59727307.83949507,0.1
33.592.510/0001-54,2025-03-31 03:00:00,2025,TARGET_BPP_2.01_ITR_T2,Passivo Circulante,ITRT2,RandomForest,62bc0a033d2b,155,raw,70860000.0,18.098623542188832,-59727289.74087153,59727325.938118614,119454615.67899014,False,59727307.83949507,0.1
33.592.510/0001-54,2025-06-30 03:00:00,2025,TARGET_BPP_2.01_ITR_T2,Passivo Circulante,ITRT2,RandomForest,62bc0a033d2b,155,raw,70512000.0,18.05880729241901,-59727289.78068778,59727325.89830236,119454615.67899014,False,59727307.83949507,0.1
33.611.500/0001-19,2025-03-31 03:00:00,2025,TARGET_BPP_2.01_ITR_T2,Passivo Circulante,ITRT2,RandomForest,62bc0a033d2b,155,raw,12353460.0,16.305263714614526,-59727291.53423136,59727324.14475878,119454615.67899014,True,59727307.83949507,0.1
33.611.500/0001-19,2025-06-30 03:00:00,2025,TARGET_BPP_2.01_ITR_T2,Passivo Circulante,ITRT2,RandomForest,62bc0a033d2b,155,raw,10360391.0,16.325985761676414,-59727291.51350931,59727324.16548083,119454615.67899014,True,59727307.83949507,0.1
34.274.233/0001-02,2025-03-31 03:00:00,2025,TARGET_BPP_2.01_ITR_T2,Passivo Circulante,ITRT2,RandomForest,62bc0a033d2b,155,raw,11654000.0,16.37302072638989,-59727291.46647435,59727324.212515794,119454615.67899014,True,59727307.83949507,0.1
34.274.233/0001-02,2025-06-30 03:00:00,2025,TARGET_BPP_2.01_ITR_T2,Passivo Circulante,ITRT2,RandomForest,62bc0a033d2b,155,raw,14600000.0,16.340136418029353,-59727291.499358654,59727324.17963149,119454615.67899014,True,59727307.83949507,0.1
47.960.950/0001-21,2025-03-31 03:00:00,2025,TARGET_BPP_2.01_ITR_T2,Passivo Circulante,ITRT2,RandomForest,62bc0a033d2b,155,raw,15246303.0,16.50031619415412,-59727291.339178875,59727324.339811265,119454615.67899014,True,59727307.83949507,0.1
47.960.950/0001-21,2025-06-30 03:00:00,2025,TARGET_BPP_2.01_ITR_T2,Passivo Circulante,ITRT2,RandomForest,62bc0a033d2b,155,raw,16274530.0,16.540195117893628,-59727291.299299955,59727324.379690185,119454615.67899014,True,59727307.83949507,0.1
53.113.791/0001-22,2025-03-31 03:00:00,2025,TARGET_BPP_2.01_ITR_T2,Passivo Circulante,ITRT2,RandomForest,62bc0a033d2b,155,raw,1339676.0,14.180984598316131,-59727293.65851047,59727322.02047967,119454615.67899014,True,59727307.83949507,0.1
53.113.791/0001-22,2025-06-30 03:00:00,2025,TARGET_BPP_2.01_ITR_T2,Passivo Circulante,ITRT2,RandomForest,62bc0a033d2b,155,raw,2344195.0,14.192768944185032,-59727293.646726124,59727322.03226402,119454615.67899014,True,59727307.83949507,0.1
61.079.117/0001-05,2025-03-31 03:00:00,2025,TARGET_BPP_2.01_ITR_T2,Passivo Circulante,ITRT2,RandomForest,62bc0a033d2b,155,raw,1302698.0,14.167961373488748,-59727293.6715337,59727322.007456444,119454615.67899014,True,59727307.83949507,0.1
61.079.117/0001-05,2025-06-30 03:00:00,2025,TARGET_BPP_2.01_ITR_T2,Passivo Circulante,ITRT2,RandomForest,62bc0a033d2b,155,raw,1749586.0,14.12330049164986,-59727293.71619458,59727321.96279556,119454615.67899014,True,59727307.83949507,0.1
81.243.735/0001-48,2025-03-31 03:00:00,2025,TARGET_BPP_2.01_ITR_T2,Passivo Circulante,ITRT2,RandomForest,62bc0a033d2b,155,raw,1741706.0,14.246792144891128,-59727293.592702925,59727322.086287215,119454615.67899014,True,59727307.83949507,0.1
81.243.735/0001-48,2025-06-30 03:00:00,2025,TARGET_BPP_2.01_ITR_T2,Passivo Circulante,ITRT2,RandomForest,62bc0a033d2b,155,raw,1647070.0,14.290988370734489,-59727293.5485067,59727322.13048344,119454615.67899014,True,59727307.83949507,0.1
82.901.000/0001-27,2025-03-31 03:00:00,2025,TARGET_BPP_2.01_ITR_T2,Passivo Circulante,ITRT2,RandomForest,62bc0a033d2b,155,raw,1620955.0,14.159432612612179,-59727293.68006246,59727321.99892768,119454615.67899014,True,59727307.83949507,0.1
82.901.000/0001-27,2025-06-30 03:00:00,2025,TARGET_BPP_2.01_ITR_T2,Passivo Circulante,ITRT2,RandomForest,62bc0a033d2b,155,raw,1491819.0,14.372804388635856,-59727293.46669068,59727322.21229946,119454615.67899014,True,59727307.83949507,0.1
84.429.695/0001-11,2025-03-31 03:00:00,2025,TARGET_BPP_2.01_ITR_T2,Passivo Circulante,ITRT2,RandomForest,62bc0a033d2b,155,raw,15054797.0,16.414013262151244,-59727291.42548181,59727324.25350833,119454615.67899014,True,59727307.83949507,0.1
84.429.695/0001-11,2025-06-30 03:00:00,2025,TARGET_BPP_2.01_ITR_T2,Passivo Circulante,ITRT2,RandomForest,62bc0a033d2b,155,raw,17662876.0,16.559349637018414,-59727291.28014544,59727324.398844704,119454615.67899014,True,59727307.83949507,0.1
89.637.490/0001-45,2025-03-31 03:00:00,2025,TARGET_BPP_2.01_ITR_T2,Passivo Circulante,ITRT2,RandomForest,62bc0a033d2b,155,raw,7831467.0,15.78977728644729,-59727292.049717784,59727323.62927236,119454615.67899014,True,59727307.83949507,0.1
89.637.490/0001-45,2025-06-30 03:00:00,2025,TARGET_BPP_2.01_ITR_T2,Passivo Circulante,ITRT2,RandomForest,62bc0a033d2b,155,raw,9049524.0,15.928595885472257,-59727291.910899185,59727323.768090956,119454615.67899014,True,59727307.83949507,0.1
92.754.738/0001-62,2025-03-31 03:00:00,2025,TARGET_BPP_2.01_ITR_T2,Passivo Circulante,ITRT2,RandomForest,62bc0a033d2b,155,raw,6036040.0,15.67871424404142,-59727292.160780825,59727323.518209316,119454615.67899014,True,59727307.83949507,0.1
92.754.738/0001-62,2025-06-30 03:00:00,2025,TARGET_BPP_2.01_ITR_T2,Passivo Circulante,ITRT2,RandomForest,62bc0a033d2b,155,raw,6172158.0,15.645834775717582,-59727292.1936603,59727323.485329844,119454615.67899014,True,59727307.83949507,0.1
02.429.144/0001-93,2025-03-31 03:00:00,2025,TARGET_BPP_2.01_ITR_T3,Passivo Circulante,ITRT3,RandomForest,151e834bf5be,155,raw,17182529.0,16.73955808737476,-59314523.95690047,59314557.43601664,118629081.39291711,True,59314540.696458556,0.1
02.474.103/0001-19,2025-03-31 03:00:00,2025,TARGET_BPP_2.01_ITR_T3,Passivo Circulante,ITRT3,RandomForest,151e834bf5be,155,raw,6497774.0,15.821557116538957,-59314524.874901436,59314556.518015675,118629081.39291711,True,59314540.696458556,0.1
02.998.611/0001-04,2025-03-31 03:00:00,2025,TARGET_BPP_2.01_ITR_T3,Passivo Circulante,ITRT3,RandomForest,151e834bf5be,155,raw,1616051.0,14.433530558558532,-59314526.262927994,59314555.12998912,118629081.39291711,True,59314540.696458556,0.1
03.220.438/0001-73,2025-03-31 03:00:00,2025,TARGET_BPP_2.01_ITR_T3,Passivo Circulante,ITRT3,RandomForest,151e834bf5be,155,raw,17523209.0,16.772460406767888,-59314523.92399815,59314557.468918964,118629081.39291711,True,59314540.696458556,0.1
07.859.971/0001-30,2025-03-31 03:00:00,2025,TARGET_BPP_2.01_ITR_T3,Passivo Circulante,ITRT3,RandomForest,151e834bf5be,155,raw,1686325.0,14.564685079833612,-59314526.13177348,59314555.26114363,118629081.39291711,True,59314540.696458556,0.1
10.629.105/0001-68,2025-03-31 03:00:00,2025,TARGET_BPP_2.01_ITR_T3,Passivo Circulante,ITRT3,RandomForest,151e834bf5be,155,raw,5554527.0,15.705013060635071,-59314524.9914455,59314556.401471615,118629081.39291711,True,59314540.696458556,0.1
16.404.287/0001-55,2025-03-31 03:00:00,2025,TARGET_BPP_2.01_ITR_T3,Passivo Circulante,ITRT3,RandomForest,151e834bf5be,155,raw,12015046.0,16.34690675274415,-59314524.349551804,59314557.04336531,118629081.39291711,True,59314540.696458556,0.1
16.590.234/0001-76,2025-03-31 03:00:00,2025,TARGET_BPP_2.01_ITR_T3,Passivo Circulante,ITRT3,RandomForest,151e834bf5be,155,raw,3044759.0,14.942664997570512,-59314525.75379356,59314555.63912355,118629081.39291711,True,59314540.696458556,0.1
24.990.777/0001-09,2025-03-31 03:00:00,2025,TARGET_BPP_2.01_ITR_T3,Passivo Circulante,ITRT3,RandomForest,151e834bf5be,155,raw,7566500.0,15.753165969833088,-59314524.94329259,59314556.44962452,118629081.39291711,True,59314540.696458556,0.1
33.000.167/0001-01,2025-03-31 03:00:00,2025,TARGET_BPP_2.01_ITR_T3,Passivo Circulante,ITRT3,RandomForest,151e834bf5be,155,raw,189166000.0,18.81092361977764,-59314521.885534935,59314559.50738218,118629081.39291711,False,59314540.696458556,0.1
33.042.730/0001-04,2025-03-31 03:00:00,2025,TARGET_BPP_2.01_ITR_T3,Passivo Circulante,ITRT3,RandomForest,151e834bf5be,155,raw,26481943.0,17.020334235771983,-59314523.67612432,59314557.71679279,118629081.39291711,True,59314540.696458556,0.1
33.256.439/0001-39,2025-03-31 03:00:00,2025,TARGET_BPP_2.01_ITR_T3,Passivo Circulante,ITRT3,RandomForest,151e834bf5be,155,raw,12479454.0,15.998514131001716,-59314524.697944425,59314556.69497269,118629081.39291711,True,59314540.696458556,0.1
33.453.598/0001-23,2025-03-31 03:00:00,2025,TARGET_BPP_2.01_ITR_T3,Passivo Circulante,ITRT3,RandomForest,151e834bf5be,155,raw,36059973.0,17.536047583275902,-59314523.16041097,59314558.23250614,118629081.39291711,True,59314540.696458556,0.1
33.592.510/0001-54,2025-03-31 03:00:00,2025,TARGET_BPP_2.01_ITR_T3,Passivo Circulante,ITRT3,RandomForest,151e834bf5be,155,raw,70512000.0,18.044194548650257,-59314522.65226401,59314558.740653105,118629081.39291711,False,59314540.696458556,0.1
33.611.500/0001-19,2025-03-31 03:00:00,2025,TARGET_BPP_2.01_ITR_T3,Passivo Circulante,ITRT3,RandomForest,151e834bf5be,155,raw,10360391.0,16.311354067199193,-59314524.385104485,59314557.00781263,118629081.39291711,True,59314540.696458556,0.1
34.274.233/0001-02,2025-03-31 03:00:00,2025,TARGET_BPP_2.01_ITR_T3,Passivo Circulante,ITRT3,RandomForest,151e834bf5be,155,raw,14600000.0,16.340431073322343,-59314524.356027484,59314557.03688963,118629081.39291711,True,59314540.696458556,0.1
47.960.950/0001-21,2025-03-31 03:00:00,2025,TARGET_BPP_2.01_ITR_T3,Passivo Circulante,ITRT3,RandomForest,151e834bf5be,155,raw,16274530.0,16.540821292205898,-59314524.155637264,59314557.23727985,118629081.39291711,True,59314540.696458556,0.1
53.113.791/0001-22,2025-03-31 03:00:00,2025,TARGET_BPP_2.01_ITR_T3,Passivo Circulante,ITRT3,RandomForest,151e834bf5be,155,raw,2344195.0,14.204166741104945,-59314526.492291816,59314554.900625296,118629081.39291711,True,59314540.696458556,0.1
61.079.117/0001-05,2025-03-31 03:00:00,2025,TARGET_BPP_2.01_ITR_T3,Passivo Circulante,ITRT3,RandomForest,151e834bf5be,155,raw,1749586.0,14.0747919370126,-59314526.62166662,59314554.771250494,118629081.39291711,True,59314540.696458556,0.1
81.243.735/0001-48,2025-03-31 03:00:00,2025,TARGET_BPP_2.01_ITR_T3,Passivo Circulante,ITRT3,RandomForest,151e834bf5be,155,raw,1647070.0,14.280736682629927,-59314526.41572187,59314554.97719524,118629081.39291711,True,59314540.696458556,0.1
82.901.000/0001-27,2025-03-31 03:00:00,2025,TARGET_BPP_2.01_ITR_T3,Passivo Circulante,ITRT3,RandomForest,151e834bf5be,155,raw,1491819.0,14.398865423799883,-59314526.29759313,59314555.09532398,118629081.39291711,True,59314540.696458556,0.1
84.429.695/0001-11,2025-03-31 03:00:00,2025,TARGET_BPP_2.01_ITR_T3,Passivo Circulante,ITRT3,RandomForest,151e834bf5be,155,raw,17662876.0,16.5361818222987,-59314524.16027673,59314557.23264038,118629081.39291711,True,59314540.696458556,0.1
89.637.490/0001-45,2025-03-31 03:00:00,2025,TARGET_BPP_2.01_ITR_T3,Passivo Circulante,ITRT3,RandomForest,151e834bf5be,155,raw,9049524.0,15.922807348328407,-59314524.773651205,59314556.61926591,118629081.39291711,True,59314540.696458556,0.1
92.754.738/0001-62,2025-03-31 03:00:00,2025,TARGET_BPP_2.01_ITR_T3,Passivo Circulante,ITRT3,RandomForest,151e834bf5be,155,raw,6172158.0,15.676023357112905,-59314525.0204352,59314556.37248191,118629081.39291711,True,59314540.696458556,0.1
02.429.144/0001-93,2025-03-31 03:00:00,2025,TARGET_BPP_2.01_DFP,Passivo Circulante,DFP,GradientBoosting,e3f27c1ac53f,154,raw,17875964.0,16.734175297345285,-48863944.16619648,48863977.63454707,97727921.80074355,True,48863960.900371775,0.1
02.429.144/0001-93,2025-06-30 03:00:00,2025,TARGET_BPP_2.01_DFP,Passivo Circulante,DFP,GradientBoosting,e3f27c1ac53f,154,raw,17875964.0,16.71751274687242,-48863944.182859026,48863977.617884524,97727921.80074355,True,48863960.900371775,0.1
02.429.144/0001-93,2025-09-30 03:00:00,2025,TARGET_BPP_2.01_DFP,Passivo Circulante,DFP,GradientBoosting,e3f27c1ac53f,154,raw,17875964.0,15.492259140642092,-48863945.40811264,48863976.39263091,97727921.80074355,True,48863960.900371775,0.1
02.474.103/0001-19,2025-03-31 03:00:00,2025,TARGET_BPP_2.01_DFP,Passivo Circulante,DFP,GradientBoosting,e3f27c1ac53f,154,raw,6158138.0,15.861412746632086,-48863945.03895903,48863976.761784524,97727921.80074355,True,48863960.900371775,0.1
02.474.103/0001-19,2025-06-30 03:00:00,2025,TARGET_BPP_2.01_DFP,Passivo Circulante,DFP,GradientBoosting,e3f27c1ac53f,154,raw,6158138.0,15.732866828866532,-48863945.167504944,48863976.633238606,97727921.80074355,True,48863960.900371775,0.1
02.474.103/0001-19,2025-09-30 03:00:00,2025,TARGET_BPP_2.01_DFP,Passivo Circulante,DFP,GradientBoosting,e3f27c1ac53f,154,raw,6158138.0,15.181033958069687,-48863945.71933781,48863976.08140574,97727921.80074355,True,48863960.900371775,0.1
02.998.611/0001-04,2025-03-31 03:00:00,2025,TARGET_BPP_2.01_DFP,Passivo Circulante,DFP,GradientBoosting,e3f27c1ac53f,154,raw,1886771.0,14.422881152150552,-48863946.47749063,48863975.323252924,97727921.80074355,True,48863960.900371775,0.1
02.998.611/0001-04,2025-06-30 03:00:00,2025,TARGET_BPP_2.01_DFP,Passivo Circulante,DFP,GradientBoosting,e3f27c1ac53f,154,raw,1886771.0,14.348027203846408,-48863946.55234457,48863975.24839898,97727921.80074355,True,48863960.900371775,0.1
02.998.611/0001-04,2025-09-30 03:00:00,2025,TARGET_BPP_2.01_DFP,Passivo Circulante,DFP,GradientBoosting,e3f27c1ac53f,154,raw,1886771.0,14.485566452531659,-48863946.41480532,48863975.38593823,97727921.80074355,True,48863960.900371775,0.1
03.220.438/0001-73,2025-03-31 03:00:00,2025,TARGET_BPP_2.01_DFP,Passivo Circulante,DFP,GradientBoosting,e3f27c1ac53f,154,raw,17803899.0,16.937820468592392,-48863943.9625513,48863977.83819225,97727921.80074355,True,48863960.900371775,0.1
03.220.438/0001-73,2025-06-30 03:00:00,2025,TARGET_BPP_2.01_DFP,Passivo Circulante,DFP,GradientBoosting,e3f27c1ac53f,154,raw,17803899.0,16.79876823848702,-48863944.10160354,48863977.69914001,97727921.80074355,True,48863960.900371775,0.1
03.220.438/0001-73,2025-09-30 03:00:00,2025,TARGET_BPP_2.01_DFP,Passivo Circulante,DFP,GradientBoosting,e3f27c1ac53f,154,raw,17803899.0,15.449270730405178,-48863945.45110104,48863976.34964251,97727921.80074355,True,48863960.900371775,0.1
07.859.971/0001-30,2025-03-31 03:00:00,2025,TARGET_BPP_2.01_DFP,Passivo Circulante,DFP,GradientBoosting,e3f27c1ac53f,154,raw,2285134.0,14.554030165288259,-48863946.34634161,48863975.45440194,97727921.80074355,True,48863960.900371775,0.1
07.859.971/0001-30,2025-06-30 03:00:00,2025,TARGET_BPP_2.01_DFP,Passivo Circulante,DFP,GradientBoosting,e3f27c1ac53f,154,raw,2285134.0,14.349965978909497,-48863946.55040579,48863975.25033776,97727921.80074355,True,48863960.900371775,0.1
07.859.971/0001-30,2025-09-30 03:00:00,2025,TARGET_BPP_2.01_DFP,Passivo Circulante,DFP,GradientBoosting,e3f27c1ac53f,154,raw,2285134.0,14.755330655742162,-48863946.145041116,48863975.655702434,97727921.80074355,True,48863960.900371775,0.1
10.629.105/0001-68,2025-03-31 03:00:00,2025,TARGET_BPP_2.01_DFP,Passivo Circulante,DFP,GradientBoosting,e3f27c1ac53f,154,raw,5262495.0,15.374453867940128,-48863945.52591791,48863976.27482564,97727921.80074355,True,48863960.900371775,0.1
10.629.105/0001-68,2025-06-30 03:00:00,2025,TARGET_BPP_2.01_DFP,Passivo Circulante,DFP,GradientBoosting,e3f27c1ac53f,154,raw,5262495.0,15.551223121716976,-48863945.34914865,48863976.4515949,97727921.80074355,True,48863960.900371775,0.1
10.629.105/0001-68,2025-09-30 03:00:00,2025,TARGET_BPP_2.01_DFP,Passivo Circulante,DFP,GradientBoosting,e3f27c1ac53f,154,raw,5262495.0,14.985049063995312,-48863945.91532271,48863975.88542084,97727921.80074355,True,48863960.900371775,0.1
16.404.287/0001-55,2025-03-31 03:00:00,2025,TARGET_BPP_2.01_DFP,Passivo Circulante,DFP,GradientBoosting,e3f27c1ac53f,154,raw,13772871.0,16.613685800701617,-48863944.28668597,48863977.51405758,97727921.80074355,True,48863960.900371775,0.1
16.404.287/0001-55,2025-06-30 03:00:00,2025,TARGET_BPP_2.01_DFP,Passivo Circulante,DFP,GradientBoosting,e3f27c1ac53f,154,raw,13772871.0,16.56422394124535,-48863944.33614784,48863977.46459571,97727921.80074355,True,48863960.900371775,0.1
16.404.287/0001-55,2025-09-30 03:00:00,2025,TARGET_BPP_2.01_DFP,Passivo Circulante,DFP,GradientBoosting,e3f27c1ac53f,154,raw,13772871.0,15.385780113441044,-48863945.514591664,48863976.286151886,97727921.80074355,True,48863960.900371775,0.1
16.590.234/0001-76,2025-03-31 03:00:00,2025,TARGET_BPP_2.01_DFP,Passivo Circulante,DFP,GradientBoosting,e3f27c1ac53f,154,raw,3765563.0,14.936487809833443,-48863945.963883966,48863975.836859584,97727921.80074355,True,48863960.900371775,0.1
16.590.234/0001-76,2025-06-30 03:00:00,2025,TARGET_BPP_2.01_DFP,Passivo Circulante,DFP,GradientBoosting,e3f27c1ac53f,154,raw,3765563.0,14.964810393782356,-48863945.93556138,48863975.86518217,97727921.80074355,True,48863960.900371775,0.1
16.590.234/0001-76,2025-09-30 03:00:00,2025,TARGET_BPP_2.01_DFP,Passivo Circulante,DFP,GradientBoosting,e3f27c1ac53f,154,raw,3765563.0,14.695591506321854,-48863946.204780266,48863975.595963284,97727921.80074355,True,48863960.900371775,0.1
24.990.777/0001-09,2025-03-31 03:00:00,2025,TARGET_BPP_2.01_DFP,Passivo Circulante,DFP,GradientBoosting,e3f27c1ac53f,154,raw,7297138.0,15.674144915658673,-48863945.22622686,48863976.57451669,97727921.80074355,True,48863960.900371775,0.1
24.990.777/0001-09,2025-06-30 03:00:00,2025,TARGET_BPP_2.01_DFP,Passivo Circulante,DFP,GradientBoosting,e3f27c1ac53f,154,raw,7297138.0,15.700978228916407,-48863945.19939355,48863976.60135,97727921.80074355,True,48863960.900371775,0.1
24.990.777/0001-09,2025-09-30 03:00:00,2025,TARGET_BPP_2.01_DFP,Passivo Circulante,DFP,GradientBoosting,e3f27c1ac53f,154,raw,7297138.0,15.14461158140491,-48863945.75576019,48863976.04498336,97727921.80074355,True,48863960.900371775,0.1
33.000.167/0001-01,2025-03-31 03:00:00,2025,TARGET_BPP_2.01_DFP,Passivo Circulante,DFP,GradientBoosting,e3f27c1ac53f,154,raw,198368000.0,18.911050830098596,-48863941.98932094,48863979.81142261,97727921.80074355,False,48863960.900371775,0.1
33.000.167/0001-01,2025-06-30 03:00:00,2025,TARGET_BPP_2.01_DFP,Passivo Circulante,DFP,GradientBoosting,e3f27c1ac53f,154,raw,198368000.0,18.90701369909994,-48863941.993358076,48863979.807385474,97727921.80074355,False,48863960.900371775,0.1
33.000.167/0001-01,2025-09-30 03:00:00,2025,TARGET_BPP_2.01_DFP,Passivo Circulante,DFP,GradientBoosting,e3f27c1ac53f,154,raw,198368000.0,17.485602402494045,-48863943.414769374,48863978.385974176,97727921.80074355,False,48863960.900371775,0.1
33.042.730/0001-04,2025-03-31 03:00:00,2025,TARGET_BPP_2.01_DFP,Passivo Circulante,DFP,GradientBoosting,e3f27c1ac53f,154,raw,28074399.0,17.054969135380965,-48863943.84540264,48863977.95534091,97727921.80074355,True,48863960.900371775,0.1
33.042.730/0001-04,2025-06-30 03:00:00,2025,TARGET_BPP_2.01_DFP,Passivo Circulante,DFP,GradientBoosting,e3f27c1ac53f,154,raw,28074399.0,17.137480020574394,-48863943.762891755,48863978.037851796,97727921.80074355,True,48863960.900371775,0.1
33.042.730/0001-04,2025-09-30 03:00:00,2025,TARGET_BPP_2.01_DFP,Passivo Circulante,DFP,GradientBoosting,e3f27c1ac53f,154,raw,28074399.0,15.451895561806863,-48863945.44847621,48863976.35226734,97727921.80074355,True,48863960.900371775,0.1
33.256.439/0001-39,2025-03-31 03:00:00,2025,TARGET_BPP_2.01_DFP,Passivo Circulante,DFP,GradientBoosting,e3f27c1ac53f,154,raw,11847344.0,16.07619370718289,-48863944.82417807,48863976.97656548,97727921.80074355,True,48863960.900371775,0.1
33.256.439/0001-39,2025-06-30 03:00:00,2025,TARGET_BPP_2.01_DFP,Passivo Circulante,DFP,GradientBoosting,e3f27c1ac53f,154,raw,11847344.0,16.185796528967778,-48863944.714575246,48863977.086168304,97727921.80074355,True,48863960.900371775,0.1
33.256.439/0001-39,2025-09-30 03:00:00,2025,TARGET_BPP_2.01_DFP,Passivo Circulante,DFP,GradientBoosting,e3f27c1ac53f,154,raw,11847344.0,15.29417801408158,-48863945.60619376,48863976.19454979,97727921.80074355,True,48863960.900371775,0.1
33.592.510/0001-54,2025-03-31 03:00:00,2025,TARGET_BPP_2.01_DFP,Passivo Circulante,DFP,GradientBoosting,e3f27c1ac53f,154,raw,87320000.0,18.01870540028208,-48863942.88166638,48863978.91907717,97727921.80074355,False,48863960.900371775,0.1
33.592.510/0001-54,2025-06-30 03:00:00,2025,TARGET_BPP_2.01_DFP,Passivo Circulante,DFP,GradientBoosting,e3f27c1ac53f,154,raw,87320000.0,18.000871429468045,-48863942.89950035,48863978.9012432,97727921.80074355,False,48863960.900371775,0.1
33.592.510/0001-54,2025-09-30 03:00:00,2025,TARGET_BPP_2.01_DFP,Passivo Circulante,DFP,GradientBoosting,e3f27c1ac53f,154,raw,87320000.0,16.501966132693003,-48863944.39840564,48863977.40233791,97727921.80074355,False,48863960.900371775,0.1
33.611.500/0001-19,2025-03-31 03:00:00,2025,TARGET_BPP_2.01_DFP,Passivo Circulante,DFP,GradientBoosting,e3f27c1ac53f,154,raw,9887420.0,16.38075472188418,-48863944.51961705,48863977.2811265,97727921.80074355,True,48863960.900371775,0.1
33.611.500/0001-19,2025-06-30 03:00:00,2025,TARGET_BPP_2.01_DFP,Passivo Circulante,DFP,GradientBoosting,e3f27c1ac53f,154,raw,9887420.0,16.25090023933365,-48863944.64947154,48863977.151272014,97727921.80074355,True,48863960.900371775,0.1
33.611.500/0001-19,2025-09-30 03:00:00,2025,TARGET_BPP_2.01_DFP,Passivo Circulante,DFP,GradientBoosting,e3f27c1ac53f,154,raw,9887420.0,15.211417152985478,-48863945.68895462,48863976.11178893,97727921.80074355,True,48863960.900371775,0.1
34.274.233/0001-02,2025-03-31 03:00:00,2025,TARGET_BPP_2.01_DFP,Passivo Circulante,DFP,GradientBoosting,e3f27c1ac53f,154,raw,11771000.0,16.396793159408208,-48863944.50357862,48863977.29716493,97727921.80074355,True,48863960.900371775,0.1
34.274.233/0001-02,2025-06-30 03:00:00,2025,TARGET_BPP_2.01_DFP,Passivo Circulante,DFP,GradientBoosting,e3f27c1ac53f,154,raw,11771000.0,16.439226341094685,-48863944.46114543,48863977.33959812,97727921.80074355,True,48863960.900371775,0.1
34.274.233/0001-02,2025-09-30 03:00:00,2025,TARGET_BPP_2.01_DFP,Passivo Circulante,DFP,GradientBoosting,e3f27c1ac53f,154,raw,11771000.0,15.367168287834893,-48863945.53320349,48863976.26754006,97727921.80074355,True,48863960.900371775,0.1
47.960.950/0001-21,2025-03-31 03:00:00,2025,TARGET_BPP_2.01_DFP,Passivo Circulante,DFP,GradientBoosting,e3f27c1ac53f,154,raw,17182792.0,16.530367163871375,-48863944.37000461,48863977.43073894,97727921.80074355,True,48863960.900371775,0.1
47.960.950/0001-21,2025-06-30 03:00:00,2025,TARGET_BPP_2.01_DFP,Passivo Circulante,DFP,GradientBoosting,e3f27c1ac53f,154,raw,17182792.0,16.66448518296605,-48863944.23588659,48863977.56485696,97727921.80074355,True,48863960.900371775,0.1
47.960.950/0001-21,2025-09-30 03:00:00,2025,TARGET_BPP_2.01_DFP,Passivo Circulante,DFP,GradientBoosting,e3f27c1ac53f,154,raw,17182792.0,15.444571618269876,-48863945.45580015,48863976.3449434,97727921.80074355,True,48863960.900371775,0.1
53.113.791/0001-22,2025-03-31 03:00:00,2025,TARGET_BPP_2.01_DFP,Passivo Circulante,DFP,GradientBoosting,e3f27c1ac53f,154,raw,1978222.0,14.11894137511615,-48863946.7814304,48863975.01931315,97727921.80074355,True,48863960.900371775,0.1
53.113.791/0001-22,2025-06-30 03:00:00,2025,TARGET_BPP_2.01_DFP,Passivo Circulante,DFP,GradientBoosting,e3f27c1ac53f,154,raw,1978222.0,14.292065284474896,-48863946.60830649,48863975.19243706,97727921.80074355,True,48863960.900371775,0.1
53.113.791/0001-22,2025-09-30 03:00:00,2025,TARGET_BPP_2.01_DFP,Passivo Circulante,DFP,GradientBoosting,e3f27c1ac53f,154,raw,1978222.0,14.572500195082968,-48863946.32787158,48863975.47287197,97727921.80074355,True,48863960.900371775,0.1
61.079.117/0001-05,2025-03-31 03:00:00,2025,TARGET_BPP_2.01_DFP,Passivo Circulante,DFP,GradientBoosting,e3f27c1ac53f,154,raw,1687083.0,13.94388567404282,-48863946.9564861,48863974.84425745,97727921.80074355,True,48863960.900371775,0.1
61.079.117/0001-05,2025-06-30 03:00:00,2025,TARGET_BPP_2.01_DFP,Passivo Circulante,DFP,GradientBoosting,e3f27c1ac53f,154,raw,1687083.0,13.76434892706398,-48863947.13602285,48863974.6647207,97727921.80074355,True,48863960.900371775,0.1
61.079.117/0001-05,2025-09-30 03:00:00,2025,TARGET_BPP_2.01_DFP,Passivo Circulante,DFP,GradientBoosting,e3f27c1ac53f,154,raw,1687083.0,13.600731672273223,-48863947.299640104,48863974.501103446,97727921.80074355,True,48863960.900371775,0.1
81.243.735/0001-48,2025-03-31 03:00:00,2025,TARGET_BPP_2.01_DFP,Passivo Circulante,DFP,GradientBoosting,e3f27c1ac53f,154,raw,1667997.0,14.124070397760388,-48863946.77630138,48863975.02444217,97727921.80074355,True,48863960.900371775,0.1
81.243.735/0001-48,2025-06-30 03:00:00,2025,TARGET_BPP_2.01_DFP,Passivo Circulante,DFP,GradientBoosting,e3f27c1ac53f,154,raw,1667997.0,14.168911397500318,-48863946.73146038,48863975.06928317,97727921.80074355,True,48863960.900371775,0.1
81.243.735/0001-48,2025-09-30 03:00:00,2025,TARGET_BPP_2.01_DFP,Passivo Circulante,DFP,GradientBoosting,e3f27c1ac53f,154,raw,1667997.0,14.543726158046379,-48863946.356645614,48863975.444097936,97727921.80074355,True,48863960.900371775,0.1
82.901.000/0001-27,2025-03-31 03:00:00,2025,TARGET_BPP_2.01_DFP,Passivo Circulante,DFP,GradientBoosting,e3f27c1ac53f,154,raw,1598740.0,14.239874624144008,-48863946.66049715,48863975.1402464,97727921.80074355,True,48863960.900371775,0.1
82.901.000/0001-27,2025-06-30 03:00:00,2025,TARGET_BPP_2.01_DFP,Passivo Circulante,DFP,GradientBoosting,e3f27c1ac53f,154,raw,1598740.0,14.268911035694915,-48863946.63146074,48863975.16928281,97727921.80074355,True,48863960.900371775,0.1
82.901.000/0001-27,2025-09-30 03:00:00,2025,TARGET_BPP_2.01_DFP,Passivo Circulante,DFP,GradientBoosting,e3f27c1ac53f,154,raw,1598740.0,14.635574017674758,-48863946.264797755,48863975.535945795,97727921.80074355,True,48863960.900371775,0.1
84.429.695/0001-11,2025-03-31 03:00:00,2025,TARGET_BPP_2.01_DFP,Passivo Circulante,DFP,GradientBoosting,e3f27c1ac53f,154,raw,17386401.0,16.544477652453672,-48863944.355894126,48863977.444849424,97727921.80074355,True,48863960.900371775,0.1
84.429.695/0001-11,2025-06-30 03:00:00,2025,TARGET_BPP_2.01_DFP,Passivo Circulante,DFP,GradientBoosting,e3f27c1ac53f,154,raw,17386401.0,16.655377785081352,-48863944.24499399,48863977.55574956,97727921.80074355,True,48863960.900371775,0.1
84.429.695/0001-11,2025-09-30 03:00:00,2025,TARGET_BPP_2.01_DFP,Passivo Circulante,DFP,GradientBoosting,e3f27c1ac53f,154,raw,17386401.0,16.23581166543272,-48863944.66456011,48863977.13618344,97727921.80074355,True,48863960.900371775,0.1
89.637.490/0001-45,2025-03-31 03:00:00,2025,TARGET_BPP_2.01_DFP,Passivo Circulante,DFP,GradientBoosting,e3f27c1ac53f,154,raw,8767398.0,15.98165150082572,-48863944.918720275,48863976.882023275,97727921.80074355,True,48863960.900371775,0.1
89.637.490/0001-45,2025-06-30 03:00:00,2025,TARGET_BPP_2.01_DFP,Passivo Circulante,DFP,GradientBoosting,e3f27c1ac53f,154,raw,8767398.0,16.000215961334533,-48863944.90015581,48863976.90058774,97727921.80074355,True,48863960.900371775,0.1
89.637.490/0001-45,2025-09-30 03:00:00,2025,TARGET_BPP_2.01_DFP,Passivo Circulante,DFP,GradientBoosting,e3f27c1ac53f,154,raw,8767398.0,15.225216696660224,-48863945.67515508,48863976.12558847,97727921.80074355,True,48863960.900371775,0.1
92.754.738/0001-62,2025-03-31 03:00:00,2025,TARGET_BPP_2.01_DFP,Passivo Circulante,DFP,GradientBoosting,e3f27c1ac53f,154,raw,6866734.0,15.55640305855141,-48863945.34396872,48863976.45677483,97727921.80074355,True,48863960.900371775,0.1
92.754.738/0001-62,2025-06-30 03:00:00,2025,TARGET_BPP_2.01_DFP,Passivo Circulante,DFP,GradientBoosting,e3f27c1ac53f,154,raw,6866734.0,15.640115458554261,-48863945.26025631,48863976.54048724,97727921.80074355,True,48863960.900371775,0.1
92.754.738/0001-62,2025-09-30 03:00:00,2025,TARGET_BPP_2.01_DFP,Passivo Circulante,DFP,GradientBoosting,e3f27c1ac53f,154,raw,6866734.0,15.072398532510492,-48863945.82797324,48863975.97277031,97727921.80074355,True,48863960.900371775,0.1
02.429.144/0001-93,2025-03-31 03:00:00,2025,TARGET_BPP_2.03_ITR_T1,Patrimônio Líquido,ITRT1,RandomForest,7ddc0ea42ea3,155,raw,22437659.0,16.984509538034704,-68668194.87000863,68668228.83902772,137336423.70903635,True,68668211.85451818,0.1
02.429.144/0001-93,2025-06-30 03:00:00,2025,TARGET_BPP_2.03_ITR_T1,Patrimônio Líquido,ITRT1,RandomForest,7ddc0ea42ea3,155,raw,23688349.0,16.965812854241836,-68668194.88870533,68668228.82033102,137336423.70903635,True,68668211.85451818,0.1
02.429.144/0001-93,2025-09-30 03:00:00,2025,TARGET_BPP_2.03_ITR_T1,Patrimônio Líquido,ITRT1,RandomForest,7ddc0ea42ea3,155,raw,25385019.0,16.983834872004834,-68668194.8706833,68668228.83835305,137336423.70903635,True,68668211.85451818,0.1
02.429.144/0001-93,2025-12-31 03:00:00,2025,TARGET_BPP_2.03_ITR_T1,Patrimônio Líquido,ITRT1,RandomForest,7ddc0ea42ea3,155,raw,25385019.0,17.006442229283945,-68668194.84807594,68668228.86096041,137336423.70903635,True,68668211.85451818,0.1
02.474.103/0001-19,2025-03-31 03:00:00,2025,TARGET_BPP_2.03_ITR_T1,Patrimônio Líquido,ITRT1,RandomForest,7ddc0ea42ea3,155,raw,13413295.0,16.4454585259374,-68668195.40905964,68668228.2999767,137336423.70903635,True,68668211.85451818,0.1
02.474.103/0001-19,2025-06-30 03:00:00,2025,TARGET_BPP_2.03_ITR_T1,Patrimônio Líquido,ITRT1,RandomForest,7ddc0ea42ea3,155,raw,13462871.0,16.464738844570704,-68668195.38977933,68668228.31925702,137336423.70903635,True,68668211.85451818,0.1
02.474.103/0001-19,2025-09-30 03:00:00,2025,TARGET_BPP_2.03_ITR_T1,Patrimônio Líquido,ITRT1,RandomForest,7ddc0ea42ea3,155,raw,14798440.0,16.475792038247562,-68668195.37872614,68668228.33031021,137336423.70903635,True,68668211.85451818,0.1
02.474.103/0001-19,2025-12-31 03:00:00,2025,TARGET_BPP_2.03_ITR_T1,Patrimônio Líquido,ITRT1,RandomForest,7ddc0ea42ea3,155,raw,14798440.0,16.512784516092225,-68668195.34173366,68668228.36730269,137336423.70903635,True,68668211.85451818,0.1
02.998.611/0001-04,2025-03-31 03:00:00,2025,TARGET_BPP_2.03_ITR_T1,Patrimônio Líquido,ITRT1,RandomForest,7ddc0ea42ea3,155,raw,21150707.0,16.861404436727362,-68668194.99311374,68668228.71592261,137336423.70903635,True,68668211.85451818,0.1
02.998.611/0001-04,2025-06-30 03:00:00,2025,TARGET_BPP_2.03_ITR_T1,Patrimônio Líquido,ITRT1,RandomForest,7ddc0ea42ea3,155,raw,21395868.0,16.908025389185415,-68668194.94649279,68668228.76254356,137336423.70903635,True,68668211.85451818,0.1
02.998.611/0001-04,2025-09-30 03:00:00,2025,TARGET_BPP_2.03_ITR_T1,Patrimônio Líquido,ITRT1,RandomForest,7ddc0ea42ea3,155,raw,21815717.0,16.912575546678077,-68668194.94194263,68668228.76709372,137336423.70903635,True,68668211.85451818,0.1
02.998.611/0001-04,2025-12-31 03:00:00,2025,TARGET_BPP_2.03_ITR_T1,Patrimônio Líquido,ITRT1,RandomForest,7ddc0ea42ea3,155,raw,21815717.0,16.961605779204188,-68668194.8929124,68668228.81612395,137336423.70903635,True,68668211.85451818,0.1
03.220.438/0001-73,2025-03-31 03:00:00,2025,TARGET_BPP_2.03_ITR_T1,Patrimônio Líquido,ITRT1,RandomForest,7ddc0ea42ea3,155,raw,32112303.0,17.280311409733454,-68668194.57420677,68668229.13482958,137336423.70903635,True,68668211.85451818,0.1
03.220.438/0001-73,2025-06-30 03:00:00,2025,TARGET_BPP_2.03_ITR_T1,Patrimônio Líquido,ITRT1,RandomForest,7ddc0ea42ea3,155,raw,32796502.0,17.349723322549583,-68668194.50479485,68668229.2042415,137336423.70903635,True,68668211.85451818,0.1
03.220.438/0001-73,2025-09-30 03:00:00,2025,TARGET_BPP_2.03_ITR_T1,Patrimônio Líquido,ITRT1,RandomForest,7ddc0ea42ea3,155,raw,28199323.0,17.39118556765872,-68668194.46333261,68668229.24570374,137336423.70903635,True,68668211.85451818,0.1
03.220.438/0001-73,2025-12-31 03:00:00,2025,TARGET_BPP_2.03_ITR_T1,Patrimônio Líquido,ITRT1,RandomForest,7ddc0ea42ea3,155,raw,28199323.0,17.230322465530932,-68668194.62419571,68668229.08484064,137336423.70903635,True,68668211.85451818,0.1
07.859.971/0001-30,2025-03-31 03:00:00,2025,TARGET_BPP_2.03_ITR_T1,Patrimônio Líquido,ITRT1,RandomForest,7ddc0ea42ea3,155,raw,7612368.0,15.612269548638382,-68668196.24224862,68668227.46678773,137336423.70903635,True,68668211.85451818,0.1
07.859.971/0001-30,2025-06-30 03:00:00,2025,TARGET_BPP_2.03_ITR_T1,Patrimônio Líquido,ITRT1,RandomForest,7ddc0ea42ea3,155,raw,7645339.0,15.591869987814642,-68668196.26264818,68668227.44638817,137336423.70903635,True,68668211.85451818,0.1
07.859.971/0001-30,2025-09-30 03:00:00,2025,TARGET_BPP_2.03_ITR_T1,Patrimônio Líquido,ITRT1,RandomForest,7ddc0ea42ea3,155,raw,7959211.0,15.553651294490633,-68668196.30086689,68668227.40816946,137336423.70903635,True,68668211.85451818,0.1
07.859.971/0001-30,2025-12-31 03:00:00,2025,TARGET_BPP_2.03_ITR_T1,Patrimônio Líquido,ITRT1,RandomForest,7ddc0ea42ea3,155,raw,7959211.0,15.922521310323043,-68668195.93199687,68668227.77703948,137336423.70903635,True,68668211.85451818,0.1
10.629.105/0001-68,2025-03-31 03:00:00,2025,TARGET_BPP_2.03_ITR_T1,Patrimônio Líquido,ITRT1,RandomForest,7ddc0ea42ea3,155,raw,26180888.0,17.026361766113304,-68668194.82815641,68668228.88087994,137336423.70903635,True,68668211.85451818,0.1
10.629.105/0001-68,2025-06-30 03:00:00,2025,TARGET_BPP_2.03_ITR_T1,Patrimônio Líquido,ITRT1,RandomForest,7ddc0ea42ea3,155,raw,25946993.0,17.022609445786415,-68668194.83190873,68668228.87712762,137336423.70903635,True,68668211.85451818,0.1
10.629.105/0001-68,2025-09-30 03:00:00,2025,TARGET_BPP_2.03_ITR_T1,Patrimônio Líquido,ITRT1,RandomForest,7ddc0ea42ea3,155,raw,26630573.0,17.023520146171986,-68668194.83099803,68668228.87803832,137336423.70903635,True,68668211.85451818,0.1
10.629.105/0001-68,2025-12-31 03:00:00,2025,TARGET_BPP_2.03_ITR_T1,Patrimônio Líquido,ITRT1,RandomForest,7ddc0ea42ea3,155,raw,26630573.0,17.02970053828955,-68668194.82481764,68668228.88421871,137336423.70903635,True,68668211.85451818,0.1
16.404.287/0001-55,2025-03-31 03:00:00,2025,TARGET_BPP_2.03_ITR_T1,Patrimônio Líquido,ITRT1,RandomForest,7ddc0ea42ea3,155,raw,43271305.0,17.515422548869093,-68668194.33909562,68668229.36994073,137336423.70903635,True,68668211.85451818,0.1
16.404.287/0001-55,2025-06-30 03:00:00,2025,TARGET_BPP_2.03_ITR_T1,Patrimônio Líquido,ITRT1,RandomForest,7ddc0ea42ea3,155,raw,45258425.0,17.57721773774865,-68668194.27730043,68668229.43173592,137336423.70903635,True,68668211.85451818,0.1
16.404.287/0001-55,2025-09-30 03:00:00,2025,TARGET_BPP_2.03_ITR_T1,Patrimônio Líquido,ITRT1,RandomForest,7ddc0ea42ea3,155,raw,48182731.0,17.594964538588957,-68668194.25955364,68668229.44948271,137336423.70903635,True,68668211.85451818,0.1
16.404.287/0001-55,2025-12-31 03:00:00,2025,TARGET_BPP_2.03_ITR_T1,Patrimônio Líquido,ITRT1,RandomForest,7ddc0ea42ea3,155,raw,48182731.0,17.61551460429051,-68668194.23900357,68668229.47003278,137336423.70903635,True,68668211.85451818,0.1
16.590.234/0001-76,2025-03-31 03:00:00,2025,TARGET_BPP_2.03_ITR_T1,Patrimônio Líquido,ITRT1,RandomForest,7ddc0ea42ea3,155,raw,8339548.0,15.905351455186477,-68668195.94916672,68668227.75986964,137336423.70903635,True,68668211.85451818,0.1
16.590.234/0001-76,2025-06-30 03:00:00,2025,TARGET_BPP_2.03_ITR_T1,Patrimônio Líquido,ITRT1,RandomForest,7ddc0ea42ea3,155,raw,8347712.0,15.967723580978916,-68668195.8867946,68668227.82224175,137336423.70903635,True,68668211.85451818,0.1
16.590.234/0001-76,2025-09-30 03:00:00,2025,TARGET_BPP_2.03_ITR_T1,Patrimônio Líquido,ITRT1,RandomForest,7ddc0ea42ea3,155,raw,8005543.0,15.965654225756163,-68668195.88886395,68668227.8201724,137336423.70903635,True,68668211.85451818,0.1
16.590.234/0001-76,2025-12-31 03:00:00,2025,TARGET_BPP_2.03_ITR_T1,Patrimônio Líquido,ITRT1,RandomForest,7ddc0ea42ea3,155,raw,8005543.0,15.91935800347684,-68668195.93516017,68668227.77387618,137336423.70903635,True,68668211.85451818,0.1
24.990.777/0001-09,2025-03-31 03:00:00,2025,TARGET_BPP_2.03_ITR_T1,Patrimônio Líquido,ITRT1,RandomForest,7ddc0ea42ea3,155,raw,10339247.0,16.06840673309783,-68668195.78611144,68668227.9229249,137336423.70903635,True,68668211.85451818,0.1
24.990.777/0001-09,2025-06-30 03:00:00,2025,TARGET_BPP_2.03_ITR_T1,Patrimônio Líquido,ITRT1,RandomForest,7ddc0ea42ea3,155,raw,11251398.0,16.11633456422411,-68668195.73818362,68668227.97085273,137336423.70903635,True,68668211.85451818,0.1
24.990.777/0001-09,2025-09-30 03:00:00,2025,TARGET_BPP_2.03_ITR_T1,Patrimônio Líquido,ITRT1,RandomForest,7ddc0ea42ea3,155,raw,11997572.0,16.303710141627032,-68668195.55080803,68668228.15822832,137336423.70903635,True,68668211.85451818,0.1
24.990.777/0001-09,2025-12-31 03:00:00,2025,TARGET_BPP_2.03_ITR_T1,Patrimônio Líquido,ITRT1,RandomForest,7ddc0ea42ea3,155,raw,11997572.0,16.316448623111217,-68668195.53806955,68668228.1709668,137336423.70903635,True,68668211.85451818,0.1
33.000.167/0001-01,2025-03-31 03:00:00,2025,TARGET_BPP_2.03_ITR_T1,Patrimônio Líquido,ITRT1,RandomForest,7ddc0ea42ea3,155,raw,401782000.0,19.737126267201546,-68668192.11739191,68668231.59164444,137336423.70903635,False,68668211.85451818,0.1
33.000.167/0001-01,2025-06-30 03:00:00,2025,TARGET_BPP_2.03_ITR_T1,Patrimônio Líquido,ITRT1,RandomForest,7ddc0ea42ea3,155,raw,424961000.0,19.746258762220165,-68668192.10825941,68668231.60077694,137336423.70903635,False,68668211.85451818,0.1
33.000.167/0001-01,2025-09-30 03:00:00,2025,TARGET_BPP_2.03_ITR_T1,Patrimônio Líquido,ITRT1,RandomForest,7ddc0ea42ea3,155,raw,446372000.0,19.774241506907252,-68668192.08027667,68668231.62875968,137336423.70903635,False,68668211.85451818,0.1
33.000.167/0001-01,2025-12-31 03:00:00,2025,TARGET_BPP_2.03_ITR_T1,Patrimônio Líquido,ITRT1,RandomForest,7ddc0ea42ea3,155,raw,446372000.0,19.564687293181336,-68668192.28983088,68668231.41920547,137336423.70903635,False,68668211.85451818,0.1
33.042.730/0001-04,2025-03-31 03:00:00,2025,TARGET_BPP_2.03_ITR_T1,Patrimônio Líquido,ITRT1,RandomForest,7ddc0ea42ea3,155,raw,16853240.0,16.474620108346752,-68668195.37989807,68668228.32913828,137336423.70903635,True,68668211.85451818,0.1
33.042.730/0001-04,2025-06-30 03:00:00,2025,TARGET_BPP_2.03_ITR_T1,Patrimônio Líquido,ITRT1,RandomForest,7ddc0ea42ea3,155,raw,17355367.0,16.504232757517233,-68668195.35028541,68668228.35875094,137336423.70903635,True,68668211.85451818,0.1
33.042.730/0001-04,2025-09-30 03:00:00,2025,TARGET_BPP_2.03_ITR_T1,Patrimônio Líquido,ITRT1,RandomForest,7ddc0ea42ea3,155,raw,15894283.0,16.63212377035165,-68668195.2223944,68668228.48664194,137336423.70903635,True,68668211.85451818,0.1
33.042.730/0001-04,2025-12-31 03:00:00,2025,TARGET_BPP_2.03_ITR_T1,Patrimônio Líquido,ITRT1,RandomForest,7ddc0ea42ea3,155,raw,15894283.0,16.484322674991038,-68668195.3701955,68668228.33884086,137336423.70903635,True,68668211.85451818,0.1
33.256.439/0001-39,2025-03-31 03:00:00,2025,TARGET_BPP_2.03_ITR_T1,Patrimônio Líquido,ITRT1,RandomForest,7ddc0ea42ea3,155,raw,18395769.0,16.543387858644703,-68668195.31113032,68668228.39790604,137336423.70903635,True,68668211.85451818,0.1
33.256.439/0001-39,2025-06-30 03:00:00,2025,TARGET_BPP_2.03_ITR_T1,Patrimônio Líquido,ITRT1,RandomForest,7ddc0ea42ea3,155,raw,18666586.0,16.765107740711173,-68668195.08941044,68668228.61962591,137336423.70903635,True,68668211.85451818,0.1
33.256.439/0001-39,2025-09-30 03:00:00,2025,TARGET_BPP_2.03_ITR_T1,Patrimônio Líquido,ITRT1,RandomForest,7ddc0ea42ea3,155,raw,18509820.0,16.768359585573254,-68668195.08615859,68668228.62287776,137336423.70903635,True,68668211.85451818,0.1
33.256.439/0001-39,2025-12-31 03:00:00,2025,TARGET_BPP_2.03_ITR_T1,Patrimônio Líquido,ITRT1,RandomForest,7ddc0ea42ea3,155,raw,18509820.0,16.767954513440436,-68668195.08656366,68668228.62247269,137336423.70903635,True,68668211.85451818,0.1
33.453.598/0001-23,2025-03-31 03:00:00,2025,TARGET_BPP_2.03_ITR_T1,Patrimônio Líquido,ITRT1,RandomForest,7ddc0ea42ea3,155,raw,16830327.0,16.560562284489734,-68668195.29395589,68668228.41508046,137336423.70903635,True,68668211.85451818,0.1
33.453.598/0001-23,2025-06-30 03:00:00,2025,TARGET_BPP_2.03_ITR_T1,Patrimônio Líquido,ITRT1,RandomForest,7ddc0ea42ea3,155,raw,14418598.0,16.563883572363668,-68668195.2906346,68668228.41840175,137336423.70903635,True,68668211.85451818,0.1
33.453.598/0001-23,2025-09-30 03:00:00,2025,TARGET_BPP_2.03_ITR_T1,Patrimônio Líquido,ITRT1,RandomForest,7ddc0ea42ea3,155,raw,-1132494.0,16.477382773430733,-68668195.3771354,68668228.33190095,137336423.70903635,True,68668211.85451818,0.1
33.592.510/0001-54,2025-03-31 03:00:00,2025,TARGET_BPP_2.03_ITR_T1,Patrimônio Líquido,ITRT1,RandomForest,7ddc0ea42ea3,155,raw,220965000.0,19.07432798057392,-68668192.7801902,68668230.92884615,137336423.70903635,False,68668211.85451818,0.1
33.592.510/0001-54,2025-06-30 03:00:00,2025,TARGET_BPP_2.03_ITR_T1,Patrimônio Líquido,ITRT1,RandomForest,7ddc0ea42ea3,155,raw,224733000.0,19.075732353276244,-68668192.77878582,68668230.93025053,137336423.70903635,False,68668211.85451818,0.1
33.592.510/0001-54,2025-09-30 03:00:00,2025,TARGET_BPP_2.03_ITR_T1,Patrimônio Líquido,ITRT1,RandomForest,7ddc0ea42ea3,155,raw,195915000.0,19.085070088179705,-68668192.76944809,68668230.93958826,137336423.70903635,False,68668211.85451818,0.1
33.592.510/0001-54,2025-12-31 03:00:00,2025,TARGET_BPP_2.03_ITR_T1,Patrimônio Líquido,ITRT1,RandomForest,7ddc0ea42ea3,155,raw,195915000.0,18.920466616843637,-68668192.93405156,68668230.77498479,137336423.70903635,False,68668211.85451818,0.1
33.611.500/0001-19,2025-03-31 03:00:00,2025,TARGET_BPP_2.03_ITR_T1,Patrimônio Líquido,ITRT1,RandomForest,7ddc0ea42ea3,155,raw,55124207.0,17.62125914548035,-68668194.23325902,68668229.47577733,137336423.70903635,True,68668211.85451818,0.1
33.611.500/0001-19,2025-06-30 03:00:00,2025,TARGET_BPP_2.03_ITR_T1,Patrimônio Líquido,ITRT1,RandomForest,7ddc0ea42ea3,155,raw,54738036.0,17.61895821567279,-68668194.23555996,68668229.4734764,137336423.70903635,True,68668211.85451818,0.1
33.611.500/0001-19,2025-09-30 03:00:00,2025,TARGET_BPP_2.03_ITR_T1,Patrimônio Líquido,ITRT1,RandomForest,7ddc0ea42ea3,155,raw,52971989.0,17.594208016340016,-68668194.26031016,68668229.44872619,137336423.70903635,True,68668211.85451818,0.1
33.611.500/0001-19,2025-12-31 03:00:00,2025,TARGET_BPP_2.03_ITR_T1,Patrimônio Líquido,ITRT1,RandomForest,7ddc0ea42ea3,155,raw,52971989.0,17.583310695347308,-68668194.27120748,68668229.43782887,137336423.70903635,True,68668211.85451818,0.1
34.274.233/0001-02,2025-03-31 03:00:00,2025,TARGET_BPP_2.03_ITR_T1,Patrimônio Líquido,ITRT1,RandomForest,7ddc0ea42ea3,155,raw,21013000.0,16.909732158243173,-68668194.94478601,68668228.76425034,137336423.70903635,True,68668211.85451818,0.1
34.274.233/0001-02,2025-06-30 03:00:00,2025,TARGET_BPP_2.03_ITR_T1,Patrimônio Líquido,ITRT1,RandomForest,7ddc0ea42ea3,155,raw,21338000.0,16.912515260132423,-68668194.94200292,68668228.76703343,137336423.70903635,True,68668211.85451818,0.1
34.274.233/0001-02,2025-09-30 03:00:00,2025,TARGET_BPP_2.03_ITR_T1,Patrimônio Líquido,ITRT1,RandomForest,7ddc0ea42ea3,155,raw,21841000.0,16.918365127937644,-68668194.93615305,68668228.7728833,137336423.70903635,True,68668211.85451818,0.1
34.274.233/0001-02,2025-12-31 03:00:00,2025,TARGET_BPP_2.03_ITR_T1,Patrimônio Líquido,ITRT1,RandomForest,7ddc0ea42ea3,155,raw,21841000.0,16.964957409474014,-68668194.88956076,68668228.81947559,137336423.70903635,True,68668211.85451818,0.1
47.960.950/0001-21,2025-03-31 03:00:00,2025,TARGET_BPP_2.03_ITR_T1,Patrimônio Líquido,ITRT1,RandomForest,7ddc0ea42ea3,155,raw,11085083.0,16.30277343331659,-68668195.55174474,68668228.1572916,137336423.70903635,True,68668211.85451818,0.1
47.960.950/0001-21,2025-06-30 03:00:00,2025,TARGET_BPP_2.03_ITR_T1,Patrimônio Líquido,ITRT1,RandomForest,7ddc0ea42ea3,155,raw,11160098.0,16.287452847122513,-68668195.56706533,68668228.14197102,137336423.70903635,True,68668211.85451818,0.1
47.960.950/0001-21,2025-09-30 03:00:00,2025,TARGET_BPP_2.03_ITR_T1,Patrimônio Líquido,ITRT1,RandomForest,7ddc0ea42ea3,155,raw,11271148.0,16.287452847122513,-68668195.56706533,68668228.14197102,137336423.70903635,True,68668211.85451818,0.1
47.960.950/0001-21,2025-12-31 03:00:00,2025,TARGET_BPP_2.03_ITR_T1,Patrimônio Líquido,ITRT1,RandomForest,7ddc0ea42ea3,155,raw,11271148.0,16.301938534728922,-68668195.55257964,68668228.15645671,137336423.70903635,True,68668211.85451818,0.1
53.113.791/0001-22,2025-03-31 03:00:00,2025,TARGET_BPP_2.03_ITR_T1,Patrimônio Líquido,ITRT1,RandomForest,7ddc0ea42ea3,155,raw,5215253.0,15.535432972575512,-68668196.3190852,68668227.38995115,137336423.70903635,True,68668211.85451818,0.1
53.113.791/0001-22,2025-06-30 03:00:00,2025,TARGET_BPP_2.03_ITR_T1,Patrimônio Líquido,ITRT1,RandomForest,7ddc0ea42ea3,155,raw,5407082.0,15.54024858644397,-68668196.31426959,68668227.39476676,137336423.70903635,True,68668211.85451818,0.1
53.113.791/0001-22,2025-09-30 03:00:00,2025,TARGET_BPP_2.03_ITR_T1,Patrimônio Líquido,ITRT1,RandomForest,7ddc0ea42ea3,155,raw,5305313.0,15.570257135603889,-68668196.28426103,68668227.42477532,137336423.70903635,True,68668211.85451818,0.1
53.113.791/0001-22,2025-12-31 03:00:00,2025,TARGET_BPP_2.03_ITR_T1,Patrimônio Líquido,ITRT1,RandomForest,7ddc0ea42ea3,155,raw,5305313.0,15.553705210037329,-68668196.30081296,68668227.40822339,137336423.70903635,True,68668211.85451818,0.1
61.079.117/0001-05,2025-03-31 03:00:00,2025,TARGET_BPP_2.03_ITR_T1,Patrimônio Líquido,ITRT1,RandomForest,7ddc0ea42ea3,155,raw,4133475.0,15.395015628005835,-68668196.45950255,68668227.2495338,137336423.70903635,True,68668211.85451818,0.1
61.079.117/0001-05,2025-06-30 03:00:00,2025,TARGET_BPP_2.03_ITR_T1,Patrimônio Líquido,ITRT1,RandomForest,7ddc0ea42ea3,155,raw,4301052.0,15.390835548734652,-68668196.46368262,68668227.24535373,137336423.70903635,True,68668211.85451818,0.1
61.079.117/0001-05,2025-09-30 03:00:00,2025,TARGET_BPP_2.03_ITR_T1,Patrimônio Líquido,ITRT1,RandomForest,7ddc0ea42ea3,155,raw,3458661.0,15.40137883942458,-68668196.45313933,68668227.25589702,137336423.70903635,True,68668211.85451818,0.1
61.079.117/0001-05,2025-12-31 03:00:00,2025,TARGET_BPP_2.03_ITR_T1,Patrimônio Líquido,ITRT1,RandomForest,7ddc0ea42ea3,155,raw,3458661.0,15.225528347785621,-68668196.62898983,68668227.08004652,137336423.70903635,True,68668211.85451818,0.1
81.243.735/0001-48,2025-03-31 03:00:00,2025,TARGET_BPP_2.03_ITR_T1,Patrimônio Líquido,ITRT1,RandomForest,7ddc0ea42ea3,155,raw,1611348.0,14.34675953929039,-68668197.50775863,68668226.20127772,137336423.70903635,True,68668211.85451818,0.1
81.243.735/0001-48,2025-06-30 03:00:00,2025,TARGET_BPP_2.03_ITR_T1,Patrimônio Líquido,ITRT1,RandomForest,7ddc0ea42ea3,155,raw,1608410.0,14.318470137419128,-68668197.53604804,68668226.17298831,137336423.70903635,True,68668211.85451818,0.1
81.243.735/0001-48,2025-09-30 03:00:00,2025,TARGET_BPP_2.03_ITR_T1,Patrimônio Líquido,ITRT1,RandomForest,7ddc0ea42ea3,155,raw,1556792.0,14.317668836561177,-68668197.53684933,68668226.17218702,137336423.70903635,True,68668211.85451818,0.1
81.243.735/0001-48,2025-12-31 03:00:00,2025,TARGET_BPP_2.03_ITR_T1,Patrimônio Líquido,ITRT1,RandomForest,7ddc0ea42ea3,155,raw,1556792.0,14.278133700726107,-68668197.57638447,68668226.13265188,137336423.70903635,True,68668211.85451818,0.1
82.901.000/0001-27,2025-03-31 03:00:00,2025,TARGET_BPP_2.03_ITR_T1,Patrimônio Líquido,ITRT1,RandomForest,7ddc0ea42ea3,155,raw,3099849.0,14.984188927621092,-68668196.87032925,68668226.8387071,137336423.70903635,True,68668211.85451818,0.1
82.901.000/0001-27,2025-06-30 03:00:00,2025,TARGET_BPP_2.03_ITR_T1,Patrimônio Líquido,ITRT1,RandomForest,7ddc0ea42ea3,155,raw,3177662.0,15.003359072527733,-68668196.8511591,68668226.85787725,137336423.70903635,True,68668211.85451818,0.1
82.901.000/0001-27,2025-09-30 03:00:00,2025,TARGET_BPP_2.03_ITR_T1,Patrimônio Líquido,ITRT1,RandomForest,7ddc0ea42ea3,155,raw,3165790.0,15.156093771994227,-68668196.6984244,68668227.01061195,137336423.70903635,True,68668211.85451818,0.1
82.901.000/0001-27,2025-12-31 03:00:00,2025,TARGET_BPP_2.03_ITR_T1,Patrimônio Líquido,ITRT1,RandomForest,7ddc0ea42ea3,155,raw,3165790.0,15.161380525308624,-68668196.69313765,68668227.0158987,137336423.70903635,True,68668211.85451818,0.1
84.429.695/0001-11,2025-03-31 03:00:00,2025,TARGET_BPP_2.03_ITR_T1,Patrimônio Líquido,ITRT1,RandomForest,7ddc0ea42ea3,155,raw,23148122.0,17.047008813848382,-68668194.80750936,68668228.90152699,137336423.70903635,True,68668211.85451818,0.1
84.429.695/0001-11,2025-06-30 03:00:00,2025,TARGET_BPP_2.03_ITR_T1,Patrimônio Líquido,ITRT1,RandomForest,7ddc0ea42ea3,155,raw,23416569.0,17.06795118029803,-68668194.78656699,68668228.92246936,137336423.70903635,True,68668211.85451818,0.1
84.429.695/0001-11,2025-09-30 03:00:00,2025,TARGET_BPP_2.03_ITR_T1,Patrimônio Líquido,ITRT1,RandomForest,7ddc0ea42ea3,155,raw,19083629.0,17.069308077997874,-68668194.7852101,68668228.92382625,137336423.70903635,True,68668211.85451818,0.1
84.429.695/0001-11,2025-12-31 03:00:00,2025,TARGET_BPP_2.03_ITR_T1,Patrimônio Líquido,ITRT1,RandomForest,7ddc0ea42ea3,155,raw,19083629.0,16.84753246649582,-68668195.00698571,68668228.70205064,137336423.70903635,True,68668211.85451818,0.1
89.637.490/0001-45,2025-03-31 03:00:00,2025,TARGET_BPP_2.03_ITR_T1,Patrimônio Líquido,ITRT1,RandomForest,7ddc0ea42ea3,155,raw,13388708.0,16.305064804765728,-68668195.54945338,68668228.15958297,137336423.70903635,True,68668211.85451818,0.1
89.637.490/0001-45,2025-06-30 03:00:00,2025,TARGET_BPP_2.03_ITR_T1,Patrimônio Líquido,ITRT1,RandomForest,7ddc0ea42ea3,155,raw,14671595.0,16.447610051206233,-68668195.40690812,68668228.30212823,137336423.70903635,True,68668211.85451818,0.1
89.637.490/0001-45,2025-09-30 03:00:00,2025,TARGET_BPP_2.03_ITR_T1,Patrimônio Líquido,ITRT1,RandomForest,7ddc0ea42ea3,155,raw,15578967.0,16.501037631135738,-68668195.35348055,68668228.3555558,137336423.70903635,True,68668211.85451818,0.1
89.637.490/0001-45,2025-12-31 03:00:00,2025,TARGET_BPP_2.03_ITR_T1,Patrimônio Líquido,ITRT1,RandomForest,7ddc0ea42ea3,155,raw,15578967.0,16.521573142928958,-68668195.33294503,68668228.37609132,137336423.70903635,True,68668211.85451818,0.1
92.754.738/0001-62,2025-03-31 03:00:00,2025,TARGET_BPP_2.03_ITR_T1,Patrimônio Líquido,ITRT1,RandomForest,7ddc0ea42ea3,155,raw,10300491.0,16.106394065265068,-68668195.74812411,68668227.96091224,137336423.70903635,True,68668211.85451818,0.1
92.754.738/0001-62,2025-06-30 03:00:00,2025,TARGET_BPP_2.03_ITR_T1,Patrimônio Líquido,ITRT1,RandomForest,7ddc0ea42ea3,155,raw,10143083.0,16.112346424600993,-68668195.74217175,68668227.9668646,137336423.70903635,True,68668211.85451818,0.1
92.754.738/0001-62,2025-09-30 03:00:00,2025,TARGET_BPP_2.03_ITR_T1,Patrimônio Líquido,ITRT1,RandomForest,7ddc0ea42ea3,155,raw,10366074.0,16.069327804831982,-68668195.78519037,68668227.92384598,137336423.70903635,True,68668211.85451818,0.1
92.754.738/0001-62,2025-12-31 03:00:00,2025,TARGET_BPP_2.03_ITR_T1,Patrimônio Líquido,ITRT1,RandomForest,7ddc0ea42ea3,155,raw,10366074.0,16.11633456422411,-68668195.73818362,68668227.97085273,137336423.70903635,True,68668211.85451818,0.1
02.429.144/0001-93,2025-03-31 03:00:00,2025,TARGET_BPP_2.03_ITR_T2,Patrimônio Líquido,ITRT2,GradientBoosting,dbf333a1c079,154,raw,23688349.0,16.919565103944382,-68796532.6172652,68796566.45639539,137593099.07366058,True,68796549.53683029,0.1
02.429.144/0001-93,2025-06-30 03:00:00,2025,TARGET_BPP_2.03_ITR_T2,Patrimônio Líquido,ITRT2,GradientBoosting,dbf333a1c079,154,raw,25385019.0,16.9794590857522,-68796532.5573712,68796566.51628938,137593099.07366058,True,68796549.53683029,0.1
02.474.103/0001-19,2025-03-31 03:00:00,2025,TARGET_BPP_2.03_ITR_T2,Patrimônio Líquido,ITRT2,GradientBoosting,dbf333a1c079,154,raw,13462871.0,16.444421281767664,-68796533.09240901,68796565.98125157,137593099.07366058,True,68796549.53683029,0.1
02.474.103/0001-19,2025-06-30 03:00:00,2025,TARGET_BPP_2.03_ITR_T2,Patrimônio Líquido,ITRT2,GradientBoosting,dbf333a1c079,154,raw,14798440.0,16.480163780496795,-68796533.05666651,68796566.01699407,137593099.07366058,True,68796549.53683029,0.1
02.998.611/0001-04,2025-03-31 03:00:00,2025,TARGET_BPP_2.03_ITR_T2,Patrimônio Líquido,ITRT2,GradientBoosting,dbf333a1c079,154,raw,21395868.0,16.88427123473824,-68796532.65255906,68796566.42110153,137593099.07366058,True,68796549.53683029,0.1
02.998.611/0001-04,2025-06-30 03:00:00,2025,TARGET_BPP_2.03_ITR_T2,Patrimônio Líquido,ITRT2,GradientBoosting,dbf333a1c079,154,raw,21815717.0,16.881462953535415,-68796532.65536734,68796566.41829324,137593099.07366058,True,68796549.53683029,0.1
03.220.438/0001-73,2025-03-31 03:00:00,2025,TARGET_BPP_2.03_ITR_T2,Patrimônio Líquido,ITRT2,GradientBoosting,dbf333a1c079,154,raw,32796502.0,17.33893799857966,-68796532.1978923,68796566.87576829,137593099.07366058,True,68796549.53683029,0.1
03.220.438/0001-73,2025-06-30 03:00:00,2025,TARGET_BPP_2.03_ITR_T2,Patrimônio Líquido,ITRT2,GradientBoosting,dbf333a1c079,154,raw,28199323.0,17.33242860992857,-68796532.20440169,68796566.8692589,137593099.07366058,True,68796549.53683029,0.1
07.859.971/0001-30,2025-03-31 03:00:00,2025,TARGET_BPP_2.03_ITR_T2,Patrimônio Líquido,ITRT2,GradientBoosting,dbf333a1c079,154,raw,7645339.0,15.737178105365953,-68796533.79965219,68796565.2740084,137593099.07366058,True,68796549.53683029,0.1
07.859.971/0001-30,2025-06-30 03:00:00,2025,TARGET_BPP_2.03_ITR_T2,Patrimônio Líquido,ITRT2,GradientBoosting,dbf333a1c079,154,raw,7959211.0,15.795391417098918,-68796533.74143888,68796565.3322217,137593099.07366058,True,68796549.53683029,0.1
10.629.105/0001-68,2025-03-31 03:00:00,2025,TARGET_BPP_2.03_ITR_T2,Patrimônio Líquido,ITRT2,GradientBoosting,dbf333a1c079,154,raw,25946993.0,17.097282858029992,-68796532.43954743,68796566.63411315,137593099.07366058,True,68796549.53683029,0.1
10.629.105/0001-68,2025-06-30 03:00:00,2025,TARGET_BPP_2.03_ITR_T2,Patrimônio Líquido,ITRT2,GradientBoosting,dbf333a1c079,154,raw,26630573.0,17.163034842405164,-68796532.37379545,68796566.69986513,137593099.07366058,True,68796549.53683029,0.1
16.404.287/0001-55,2025-03-31 03:00:00,2025,TARGET_BPP_2.03_ITR_T2,Patrimônio Líquido,ITRT2,GradientBoosting,dbf333a1c079,154,raw,45258425.0,17.6458693615325,-68796531.89096093,68796567.18269965,137593099.07366058,True,68796549.53683029,0.1
16.404.287/0001-55,2025-06-30 03:00:00,2025,TARGET_BPP_2.03_ITR_T2,Patrimônio Líquido,ITRT2,GradientBoosting,dbf333a1c079,154,raw,48182731.0,17.681593809936864,-68796531.85523649,68796567.2184241,137593099.07366058,True,68796549.53683029,0.1
16.590.234/0001-76,2025-03-31 03:00:00,2025,TARGET_BPP_2.03_ITR_T2,Patrimônio Líquido,ITRT2,GradientBoosting,dbf333a1c079,154,raw,8347712.0,15.95841475856791,-68796533.57841553,68796565.49524505,137593099.07366058,True,68796549.53683029,0.1
16.590.234/0001-76,2025-06-30 03:00:00,2025,TARGET_BPP_2.03_ITR_T2,Patrimônio Líquido,ITRT2,GradientBoosting,dbf333a1c079,154,raw,8005543.0,15.98253200699618,-68796533.55429828,68796565.5193623,137593099.07366058,True,68796549.53683029,0.1
24.990.777/0001-09,2025-03-31 03:00:00,2025,TARGET_BPP_2.03_ITR_T2,Patrimônio Líquido,ITRT2,GradientBoosting,dbf333a1c079,154,raw,11251398.0,16.154070538096327,-68796533.38275975,68796565.69090083,137593099.07366058,True,68796549.53683029,0.1
24.990.777/0001-09,2025-06-30 03:00:00,2025,TARGET_BPP_2.03_ITR_T2,Patrimônio Líquido,ITRT2,GradientBoosting,dbf333a1c079,154,raw,11997572.0,16.25032209062014,-68796533.2865082,68796565.78715238,137593099.07366058,True,68796549.53683029,0.1
33.000.167/0001-01,2025-03-31 03:00:00,2025,TARGET_BPP_2.03_ITR_T2,Patrimônio Líquido,ITRT2,GradientBoosting,dbf333a1c079,154,raw,424961000.0,19.809461222563847,-68796529.72736907,68796569.34629151,137593099.07366058,False,68796549.53683029,0.1
33.000.167/0001-01,2025-06-30 03:00:00,2025,TARGET_BPP_2.03_ITR_T2,Patrimônio Líquido,ITRT2,GradientBoosting,dbf333a1c079,154,raw,446372000.0,19.803696069522346,-68796529.73313423,68796569.34052636,137593099.07366058,False,68796549.53683029,0.1
33.042.730/0001-04,2025-03-31 03:00:00,2025,TARGET_BPP_2.03_ITR_T2,Patrimônio Líquido,ITRT2,GradientBoosting,dbf333a1c079,154,raw,17355367.0,16.60035767585066,-68796532.93647261,68796566.13718797,137593099.07366058,True,68796549.53683029,0.1
33.042.730/0001-04,2025-06-30 03:00:00,2025,TARGET_BPP_2.03_ITR_T2,Patrimônio Líquido,ITRT2,GradientBoosting,dbf333a1c079,154,raw,15894283.0,16.725369743433273,-68796532.81146055,68796566.26220003,137593099.07366058,True,68796549.53683029,0.1
33.256.439/0001-39,2025-03-31 03:00:00,2025,TARGET_BPP_2.03_ITR_T2,Patrimônio Líquido,ITRT2,GradientBoosting,dbf333a1c079,154,raw,18666586.0,16.781145515877867,-68796532.75568478,68796566.3179758,137593099.07366058,True,68796549.53683029,0.1
33.256.439/0001-39,2025-06-30 03:00:00,2025,TARGET_BPP_2.03_ITR_T2,Patrimônio Líquido,ITRT2,GradientBoosting,dbf333a1c079,154,raw,18509820.0,16.821895597056038,-68796532.71493469,68796566.35872589,137593099.07366058,True,68796549.53683029,0.1
33.453.598/0001-23,2025-03-31 03:00:00,2025,TARGET_BPP_2.03_ITR_T2,Patrimônio Líquido,ITRT2,GradientBoosting,dbf333a1c079,154,raw,14418598.0,15.783487449550663,-68796533.75334284,68796565.32031775,137593099.07366058,True,68796549.53683029,0.1
33.453.598/0001-23,2025-06-30 03:00:00,2025,TARGET_BPP_2.03_ITR_T2,Patrimônio Líquido,ITRT2,GradientBoosting,dbf333a1c079,154,raw,-1132494.0,15.823931872184321,-68796533.71289842,68796565.36076216,137593099.07366058,True,68796549.53683029,0.1
33.592.510/0001-54,2025-03-31 03:00:00,2025,TARGET_BPP_2.03_ITR_T2,Patrimônio Líquido,ITRT2,GradientBoosting,dbf333a1c079,154,raw,224733000.0,19.156334539293415,-68796530.38049576,68796568.69316483,137593099.07366058,False,68796549.53683029,0.1
33.592.510/0001-54,2025-06-30 03:00:00,2025,TARGET_BPP_2.03_ITR_T2,Patrimônio Líquido,ITRT2,GradientBoosting,dbf333a1c079,154,raw,195915000.0,19.187096122929578,-68796530.34973417,68796568.72392641,137593099.07366058,False,68796549.53683029,0.1
33.611.500/0001-19,2025-03-31 03:00:00,2025,TARGET_BPP_2.03_ITR_T2,Patrimônio Líquido,ITRT2,GradientBoosting,dbf333a1c079,154,raw,54738036.0,17.892893165572236,-68796531.64393713,68796567.42972346,137593099.07366058,True,68796549.53683029,0.1
33.611.500/0001-19,2025-06-30 03:00:00,2025,TARGET_BPP_2.03_ITR_T2,Patrimônio Líquido,ITRT2,GradientBoosting,dbf333a1c079,154,raw,52971989.0,17.897254895856197,-68796531.63957539,68796567.43408519,137593099.07366058,True,68796549.53683029,0.1
34.274.233/0001-02,2025-03-31 03:00:00,2025,TARGET_BPP_2.03_ITR_T2,Patrimônio Líquido,ITRT2,GradientBoosting,dbf333a1c079,154,raw,21338000.0,16.914976980887825,-68796532.6218533,68796566.45180728,137593099.07366058,True,68796549.53683029,0.1
34.274.233/0001-02,2025-06-30 03:00:00,2025,TARGET_BPP_2.03_ITR_T2,Patrimônio Líquido,ITRT2,GradientBoosting,dbf333a1c079,154,raw,21841000.0,16.941872815846565,-68796532.59495747,68796566.47870311,137593099.07366058,True,68796549.53683029,0.1
47.960.950/0001-21,2025-03-31 03:00:00,2025,TARGET_BPP_2.03_ITR_T2,Patrimônio Líquido,ITRT2,GradientBoosting,dbf333a1c079,154,raw,11160098.0,16.300097648598793,-68796533.23673265,68796565.83692794,137593099.07366058,True,68796549.53683029,0.1
47.960.950/0001-21,2025-06-30 03:00:00,2025,TARGET_BPP_2.03_ITR_T2,Patrimônio Líquido,ITRT2,GradientBoosting,dbf333a1c079,154,raw,11271148.0,16.29823756712995,-68796533.23859273,68796565.83506785,137593099.07366058,True,68796549.53683029,0.1
53.113.791/0001-22,2025-03-31 03:00:00,2025,TARGET_BPP_2.03_ITR_T2,Patrimônio Líquido,ITRT2,GradientBoosting,dbf333a1c079,154,raw,5407082.0,15.4550024218811,-68796534.08182786,68796564.99183272,137593099.07366058,True,68796549.53683029,0.1
53.113.791/0001-22,2025-06-30 03:00:00,2025,TARGET_BPP_2.03_ITR_T2,Patrimônio Líquido,ITRT2,GradientBoosting,dbf333a1c079,154,raw,5305313.0,15.548063326637488,-68796533.98876697,68796565.08489361,137593099.07366058,True,68796549.53683029,0.1
61.079.117/0001-05,2025-03-31 03:00:00,2025,TARGET_BPP_2.03_ITR_T2,Patrimônio Líquido,ITRT2,GradientBoosting,dbf333a1c079,154,raw,4301052.0,15.27297964949868,-68796534.26385064,68796564.80980994,137593099.07366058,True,68796549.53683029,0.1
61.079.117/0001-05,2025-06-30 03:00:00,2025,TARGET_BPP_2.03_ITR_T2,Patrimônio Líquido,ITRT2,GradientBoosting,dbf333a1c079,154,raw,3458661.0,15.292672205000184,-68796534.24415809,68796564.8295025,137593099.07366058,True,68796549.53683029,0.1
81.243.735/0001-48,2025-03-31 03:00:00,2025,TARGET_BPP_2.03_ITR_T2,Patrimônio Líquido,ITRT2,GradientBoosting,dbf333a1c079,154,raw,1608410.0,14.311531611990254,-68796535.22529867,68796563.84836191,137593099.07366058,True,68796549.53683029,0.1
81.243.735/0001-48,2025-06-30 03:00:00,2025,TARGET_BPP_2.03_ITR_T2,Patrimônio Líquido,ITRT2,GradientBoosting,dbf333a1c079,154,raw,1556792.0,14.239719793341058,-68796535.2971105,68796563.77655008,137593099.07366058,True,68796549.53683029,0.1
82.901.000/0001-27,2025-03-31 03:00:00,2025,TARGET_BPP_2.03_ITR_T2,Patrimônio Líquido,ITRT2,GradientBoosting,dbf333a1c079,154,raw,3177662.0,14.897337406979219,-68796534.63949288,68796564.4341677,137593099.07366058,True,68796549.53683029,0.1
82.901.000/0001-27,2025-06-30 03:00:00,2025,TARGET_BPP_2.03_ITR_T2,Patrimônio Líquido,ITRT2,GradientBoosting,dbf333a1c079,154,raw,3165790.0,15.076445645998891,-68796534.46038465,68796564.61327593,137593099.07366058,True,68796549.53683029,0.1
84.429.695/0001-11,2025-03-31 03:00:00,2025,TARGET_BPP_2.03_ITR_T2,Patrimônio Líquido,ITRT2,GradientBoosting,dbf333a1c079,154,raw,23416569.0,17.0831299569077,-68796532.45370033,68796566.61996025,137593099.07366058,True,68796549.53683029,0.1
84.429.695/0001-11,2025-06-30 03:00:00,2025,TARGET_BPP_2.03_ITR_T2,Patrimônio Líquido,ITRT2,GradientBoosting,dbf333a1c079,154,raw,19083629.0,17.12242685538971,-68796532.41440344,68796566.65925714,137593099.07366058,True,68796549.53683029,0.1
89.637.490/0001-45,2025-03-31 03:00:00,2025,TARGET_BPP_2.03_ITR_T2,Patrimônio Líquido,ITRT2,GradientBoosting,dbf333a1c079,154,raw,14671595.0,16.456360814406793,-68796533.08046947,68796565.99319111,137593099.07366058,True,68796549.53683029,0.1
89.637.490/0001-45,2025-06-30 03:00:00,2025,TARGET_BPP_2.03_ITR_T2,Patrimônio Líquido,ITRT2,GradientBoosting,dbf333a1c079,154,raw,15578967.0,16.539570475874395,-68796532.99725981,68796566.07640077,137593099.07366058,True,68796549.53683029,0.1
92.754.738/0001-62,2025-03-31 03:00:00,2025,TARGET_BPP_2.03_ITR_T2,Patrimônio Líquido,ITRT2,GradientBoosting,dbf333a1c079,154,raw,10143083.0,16.192271973016677,-68796533.34455831,68796565.72910227,137593099.07366058,True,68796549.53683029,0.1
92.754.738/0001-62,2025-06-30 03:00:00,2025,TARGET_BPP_2.03_ITR_T2,Patrimônio Líquido,ITRT2,GradientBoosting,dbf333a1c079,154,raw,10366074.0,16.15540623336057,-68796533.38142405,68796565.69223653,137593099.07366058,True,68796549.53683029,0.1
02.429.144/0001-93,2025-03-31 03:00:00,2025,TARGET_BPP_2.03_ITR_T3,Patrimônio Líquido,ITRT3,GradientBoosting,1e6f1abdfefb,153,raw,25385019.0,17.017298760656242,-68927544.16546996,68927578.20006748,137855122.36553743,True,68927561.18276872,0.1
02.474.103/0001-19,2025-03-31 03:00:00,2025,TARGET_BPP_2.03_ITR_T3,Patrimônio Líquido,ITRT3,GradientBoosting,1e6f1abdfefb,153,raw,14798440.0,16.475518396603857,-68927544.70725033,68927577.65828711,137855122.36553743,True,68927561.18276872,0.1
02.998.611/0001-04,2025-03-31 03:00:00,2025,TARGET_BPP_2.03_ITR_T3,Patrimônio Líquido,ITRT3,GradientBoosting,1e6f1abdfefb,153,raw,21815717.0,16.90219476449769,-68927544.28057395,68927578.08496349,137855122.36553743,True,68927561.18276872,0.1
03.220.438/0001-73,2025-03-31 03:00:00,2025,TARGET_BPP_2.03_ITR_T3,Patrimônio Líquido,ITRT3,GradientBoosting,1e6f1abdfefb,153,raw,28199323.0,17.366975514651262,-68927543.8157932,68927578.54974423,137855122.36553743,True,68927561.18276872,0.1
07.859.971/0001-30,2025-03-31 03:00:00,2025,TARGET_BPP_2.03_ITR_T3,Patrimônio Líquido,ITRT3,GradientBoosting,1e6f1abdfefb,153,raw,7959211.0,15.809656371781369,-68927545.37311235,68927576.99242508,137855122.36553743,True,68927561.18276872,0.1
10.629.105/0001-68,2025-03-31 03:00:00,2025,TARGET_BPP_2.03_ITR_T3,Patrimônio Líquido,ITRT3,GradientBoosting,1e6f1abdfefb,153,raw,26630573.0,17.12124246014144,-68927544.06152625,68927578.30401118,137855122.36553743,True,68927561.18276872,0.1
16.404.287/0001-55,2025-03-31 03:00:00,2025,TARGET_BPP_2.03_ITR_T3,Patrimônio Líquido,ITRT3,GradientBoosting,1e6f1abdfefb,153,raw,48182731.0,17.6619144648113,-68927543.52085425,68927578.84468319,137855122.36553743,True,68927561.18276872,0.1
16.590.234/0001-76,2025-03-31 03:00:00,2025,TARGET_BPP_2.03_ITR_T3,Patrimônio Líquido,ITRT3,GradientBoosting,1e6f1abdfefb,153,raw,8005543.0,15.839341409627975,-68927545.3434273,68927577.02211013,137855122.36553743,True,68927561.18276872,0.1
24.990.777/0001-09,2025-03-31 03:00:00,2025,TARGET_BPP_2.03_ITR_T3,Patrimônio Líquido,ITRT3,GradientBoosting,1e6f1abdfefb,153,raw,11997572.0,16.33444123412029,-68927544.84832749,68927577.51720995,137855122.36553743,True,68927561.18276872,0.1
33.000.167/0001-01,2025-03-31 03:00:00,2025,TARGET_BPP_2.03_ITR_T3,Patrimônio Líquido,ITRT3,GradientBoosting,1e6f1abdfefb,153,raw,446372000.0,19.757306841354062,-68927541.42546187,68927580.94007556,137855122.36553743,False,68927561.18276872,0.1
33.042.730/0001-04,2025-03-31 03:00:00,2025,TARGET_BPP_2.03_ITR_T3,Patrimônio Líquido,ITRT3,GradientBoosting,1e6f1abdfefb,153,raw,15894283.0,16.633964817678713,-68927544.5488039,68927577.81673354,137855122.36553743,True,68927561.18276872,0.1
33.256.439/0001-39,2025-03-31 03:00:00,2025,TARGET_BPP_2.03_ITR_T3,Patrimônio Líquido,ITRT3,GradientBoosting,1e6f1abdfefb,153,raw,18509820.0,16.85551796640467,-68927544.32725075,68927578.03828669,137855122.36553743,True,68927561.18276872,0.1
33.453.598/0001-23,2025-03-31 03:00:00,2025,TARGET_BPP_2.03_ITR_T3,Patrimônio Líquido,ITRT3,GradientBoosting,1e6f1abdfefb,153,raw,-1132494.0,13.559021752111853,-68927547.62374696,68927574.74179047,137855122.36553743,True,68927561.18276872,0.1
33.592.510/0001-54,2025-03-31 03:00:00,2025,TARGET_BPP_2.03_ITR_T3,Patrimônio Líquido,ITRT3,GradientBoosting,1e6f1abdfefb,153,raw,195915000.0,19.158742059931303,-68927542.02402666,68927580.34151077,137855122.36553743,False,68927561.18276872,0.1
33.611.500/0001-19,2025-03-31 03:00:00,2025,TARGET_BPP_2.03_ITR_T3,Patrimônio Líquido,ITRT3,GradientBoosting,1e6f1abdfefb,153,raw,52971989.0,17.864486946838884,-68927543.31828177,68927579.04725567,137855122.36553743,True,68927561.18276872,0.1
34.274.233/0001-02,2025-03-31 03:00:00,2025,TARGET_BPP_2.03_ITR_T3,Patrimônio Líquido,ITRT3,GradientBoosting,1e6f1abdfefb,153,raw,21841000.0,16.97308667238162,-68927544.20968205,68927578.15585539,137855122.36553743,True,68927561.18276872,0.1
47.960.950/0001-21,2025-03-31 03:00:00,2025,TARGET_BPP_2.03_ITR_T3,Patrimônio Líquido,ITRT3,GradientBoosting,1e6f1abdfefb,153,raw,11271148.0,16.31005326557401,-68927544.87271546,68927577.49282198,137855122.36553743,True,68927561.18276872,0.1
53.113.791/0001-22,2025-03-31 03:00:00,2025,TARGET_BPP_2.03_ITR_T3,Patrimônio Líquido,ITRT3,GradientBoosting,1e6f1abdfefb,153,raw,5305313.0,15.509301267433424,-68927545.67346746,68927576.69206998,137855122.36553743,True,68927561.18276872,0.1
61.079.117/0001-05,2025-03-31 03:00:00,2025,TARGET_BPP_2.03_ITR_T3,Patrimônio Líquido,ITRT3,GradientBoosting,1e6f1abdfefb,153,raw,3458661.0,15.362725348975474,-68927545.82004337,68927576.54549406,137855122.36553743,True,68927561.18276872,0.1
81.243.735/0001-48,2025-03-31 03:00:00,2025,TARGET_BPP_2.03_ITR_T3,Patrimônio Líquido,ITRT3,GradientBoosting,1e6f1abdfefb,153,raw,1556792.0,14.348787932570168,-68927546.83398078,68927575.53155665,137855122.36553743,True,68927561.18276872,0.1
82.901.000/0001-27,2025-03-31 03:00:00,2025,TARGET_BPP_2.03_ITR_T3,Patrimônio Líquido,ITRT3,GradientBoosting,1e6f1abdfefb,153,raw,3165790.0,15.121292646877846,-68927546.06147607,68927576.30406137,137855122.36553743,True,68927561.18276872,0.1
84.429.695/0001-11,2025-03-31 03:00:00,2025,TARGET_BPP_2.03_ITR_T3,Patrimônio Líquido,ITRT3,GradientBoosting,1e6f1abdfefb,153,raw,19083629.0,17.093748489166693,-68927544.08902022,68927578.27651721,137855122.36553743,True,68927561.18276872,0.1
89.637.490/0001-45,2025-03-31 03:00:00,2025,TARGET_BPP_2.03_ITR_T3,Patrimônio Líquido,ITRT3,GradientBoosting,1e6f1abdfefb,153,raw,15578967.0,16.600091210345933,-68927544.58267751,68927577.78285992,137855122.36553743,True,68927561.18276872,0.1
92.754.738/0001-62,2025-03-31 03:00:00,2025,TARGET_BPP_2.03_ITR_T3,Patrimônio Líquido,ITRT3,GradientBoosting,1e6f1abdfefb,153,raw,10366074.0,16.144015795468018,-68927545.03875293,68927577.3267845,137855122.36553743,True,68927561.18276872,0.1
02.429.144/0001-93,2025-03-31 03:00:00,2025,TARGET_BPP_2.03_DFP,Patrimônio Líquido,DFP,GradientBoosting,3da7b39a8b92,153,raw,23504509.0,16.89308782305615,-69069769.17998128,69069802.96615691,138139572.1461382,True,69069786.0730691,0.1
02.429.144/0001-93,2025-06-30 03:00:00,2025,TARGET_BPP_2.03_DFP,Patrimônio Líquido,DFP,GradientBoosting,3da7b39a8b92,153,raw,23504509.0,16.900794546050413,-69069769.17227454,69069802.97386365,138139572.1461382,True,69069786.0730691,0.1
02.429.144/0001-93,2025-09-30 03:00:00,2025,TARGET_BPP_2.03_DFP,Patrimônio Líquido,DFP,GradientBoosting,3da7b39a8b92,153,raw,23504509.0,15.87063680013437,-69069770.20243229,69069801.9437059,138139572.1461382,True,69069786.0730691,0.1
02.474.103/0001-19,2025-03-31 03:00:00,2025,TARGET_BPP_2.03_DFP,Patrimônio Líquido,DFP,GradientBoosting,3da7b39a8b92,153,raw,13914493.0,16.452955307783647,-69069769.62011379,69069802.5260244,138139572.1461382,True,69069786.0730691,0.1
02.474.103/0001-19,2025-06-30 03:00:00,2025,TARGET_BPP_2.03_DFP,Patrimônio Líquido,DFP,GradientBoosting,3da7b39a8b92,153,raw,13914493.0,16.470659194063778,-69069769.6024099,69069802.54372829,138139572.1461382,True,69069786.0730691,0.1
02.474.103/0001-19,2025-09-30 03:00:00,2025,TARGET_BPP_2.03_DFP,Patrimônio Líquido,DFP,GradientBoosting,3da7b39a8b92,153,raw,13914493.0,15.795355860024108,-69069770.27771324,69069801.86842495,138139572.1461382,True,69069786.0730691,0.1
02.998.611/0001-04,2025-03-31 03:00:00,2025,TARGET_BPP_2.03_DFP,Patrimônio Líquido,DFP,GradientBoosting,3da7b39a8b92,153,raw,21437011.0,16.869834410566533,-69069769.20323469,69069802.9429035,138139572.1461382,True,69069786.0730691,0.1
02.998.611/0001-04,2025-06-30 03:00:00,2025,TARGET_BPP_2.03_DFP,Patrimônio Líquido,DFP,GradientBoosting,3da7b39a8b92,153,raw,21437011.0,16.83521071019705,-69069769.23785838,69069802.9082798,138139572.1461382,True,69069786.0730691,0.1
02.998.611/0001-04,2025-09-30 03:00:00,2025,TARGET_BPP_2.03_DFP,Patrimônio Líquido,DFP,GradientBoosting,3da7b39a8b92,153,raw,21437011.0,15.733056939479944,-69069770.34001216,69069801.80612603,138139572.1461382,True,69069786.0730691,0.1
03.220.438/0001-73,2025-03-31 03:00:00,2025,TARGET_BPP_2.03_DFP,Patrimônio Líquido,DFP,GradientBoosting,3da7b39a8b92,153,raw,28327947.0,17.339977625190688,-69069768.73309147,69069803.41304672,138139572.1461382,True,69069786.0730691,0.1
03.220.438/0001-73,2025-06-30 03:00:00,2025,TARGET_BPP_2.03_DFP,Patrimônio Líquido,DFP,GradientBoosting,3da7b39a8b92,153,raw,28327947.0,17.215628770039547,-69069768.85744032,69069803.28869787,138139572.1461382,True,69069786.0730691,0.1
03.220.438/0001-73,2025-09-30 03:00:00,2025,TARGET_BPP_2.03_DFP,Patrimônio Líquido,DFP,GradientBoosting,3da7b39a8b92,153,raw,28327947.0,15.91470608500702,-69069770.15836301,69069801.98777518,138139572.1461382,True,69069786.0730691,0.1
07.859.971/0001-30,2025-03-31 03:00:00,2025,TARGET_BPP_2.03_DFP,Patrimônio Líquido,DFP,GradientBoosting,3da7b39a8b92,153,raw,7608982.0,15.730828294775606,-69069770.3422408,69069801.8038974,138139572.1461382,True,69069786.0730691,0.1
07.859.971/0001-30,2025-06-30 03:00:00,2025,TARGET_BPP_2.03_DFP,Patrimônio Líquido,DFP,GradientBoosting,3da7b39a8b92,153,raw,7608982.0,15.703411329189471,-69069770.36965777,69069801.77648042,138139572.1461382,True,69069786.0730691,0.1
07.859.971/0001-30,2025-09-30 03:00:00,2025,TARGET_BPP_2.03_DFP,Patrimônio Líquido,DFP,GradientBoosting,3da7b39a8b92,153,raw,7608982.0,15.606939977629715,-69069770.46612912,69069801.68000907,138139572.1461382,True,69069786.0730691,0.1
10.629.105/0001-68,2025-03-31 03:00:00,2025,TARGET_BPP_2.03_DFP,Patrimônio Líquido,DFP,GradientBoosting,3da7b39a8b92,153,raw,25779881.0,17.062423281522232,-69069769.0106458,69069803.13549238,138139572.1461382,True,69069786.0730691,0.1
10.629.105/0001-68,2025-06-30 03:00:00,2025,TARGET_BPP_2.03_DFP,Patrimônio Líquido,DFP,GradientBoosting,3da7b39a8b92,153,raw,25779881.0,17.020242137271577,-69069769.05282696,69069803.09331124,138139572.1461382,True,69069786.0730691,0.1
10.629.105/0001-68,2025-09-30 03:00:00,2025,TARGET_BPP_2.03_DFP,Patrimônio Líquido,DFP,GradientBoosting,3da7b39a8b92,153,raw,25779881.0,15.900165956121514,-69069770.17290314,69069801.97323506,138139572.1461382,True,69069786.0730691,0.1
16.404.287/0001-55,2025-03-31 03:00:00,2025,TARGET_BPP_2.03_DFP,Patrimônio Líquido,DFP,GradientBoosting,3da7b39a8b92,153,raw,43952173.0,17.532930434105694,-69069768.54013866,69069803.60599953,138139572.1461382,True,69069786.0730691,0.1
16.404.287/0001-55,2025-06-30 03:00:00,2025,TARGET_BPP_2.03_DFP,Patrimônio Líquido,DFP,GradientBoosting,3da7b39a8b92,153,raw,43952173.0,17.609775920564772,-69069768.46329318,69069803.68284501,138139572.1461382,True,69069786.0730691,0.1
16.404.287/0001-55,2025-09-30 03:00:00,2025,TARGET_BPP_2.03_DFP,Patrimônio Líquido,DFP,GradientBoosting,3da7b39a8b92,153,raw,43952173.0,15.871950615003573,-69069770.20111848,69069801.9450197,138139572.1461382,True,69069786.0730691,0.1
16.590.234/0001-76,2025-03-31 03:00:00,2025,TARGET_BPP_2.03_DFP,Patrimônio Líquido,DFP,GradientBoosting,3da7b39a8b92,153,raw,7977304.0,15.730702845474141,-69069770.34236625,69069801.80377194,138139572.1461382,True,69069786.0730691,0.1
16.590.234/0001-76,2025-06-30 03:00:00,2025,TARGET_BPP_2.03_DFP,Patrimônio Líquido,DFP,GradientBoosting,3da7b39a8b92,153,raw,7977304.0,15.722365157958432,-69069770.35070394,69069801.79543425,138139572.1461382,True,69069786.0730691,0.1
16.590.234/0001-76,2025-09-30 03:00:00,2025,TARGET_BPP_2.03_DFP,Patrimônio Líquido,DFP,GradientBoosting,3da7b39a8b92,153,raw,7977304.0,15.610325420252414,-69069770.46274367,69069801.68339452,138139572.1461382,True,69069786.0730691,0.1
24.990.777/0001-09,2025-03-31 03:00:00,2025,TARGET_BPP_2.03_DFP,Patrimônio Líquido,DFP,GradientBoosting,3da7b39a8b92,153,raw,11467816.0,16.239318063139155,-69069769.83375104,69069802.31238715,138139572.1461382,True,69069786.0730691,0.1
24.990.777/0001-09,2025-06-30 03:00:00,2025,TARGET_BPP_2.03_DFP,Patrimônio Líquido,DFP,GradientBoosting,3da7b39a8b92,153,raw,11467816.0,16.246456350119598,-69069769.82661274,69069802.31952545,138139572.1461382,True,69069786.0730691,0.1
24.990.777/0001-09,2025-09-30 03:00:00,2025,TARGET_BPP_2.03_DFP,Patrimônio Líquido,DFP,GradientBoosting,3da7b39a8b92,153,raw,11467816.0,15.79672651624326,-69069770.27634259,69069801.8697956,138139572.1461382,True,69069786.0730691,0.1
33.000.167/0001-01,2025-03-31 03:00:00,2025,TARGET_BPP_2.03_DFP,Patrimônio Líquido,DFP,GradientBoosting,3da7b39a8b92,153,raw,417587000.0,19.663927318659358,-69069766.40914178,69069805.73699641,138139572.1461382,False,69069786.0730691,0.1
33.000.167/0001-01,2025-06-30 03:00:00,2025,TARGET_BPP_2.03_DFP,Patrimônio Líquido,DFP,GradientBoosting,3da7b39a8b92,153,raw,417587000.0,19.63821610798054,-69069766.43485299,69069805.7112852,138139572.1461382,False,69069786.0730691,0.1
33.000.167/0001-01,2025-09-30 03:00:00,2025,TARGET_BPP_2.03_DFP,Patrimônio Líquido,DFP,GradientBoosting,3da7b39a8b92,153,raw,417587000.0,16.857135565074675,-69069769.21593353,69069802.93020466,138139572.1461382,False,69069786.0730691,0.1
33.042.730/0001-04,2025-03-31 03:00:00,2025,TARGET_BPP_2.03_DFP,Patrimônio Líquido,DFP,GradientBoosting,3da7b39a8b92,153,raw,15736350.0,16.660833173668788,-69069769.41223592,69069802.73390228,138139572.1461382,True,69069786.0730691,0.1
33.042.730/0001-04,2025-06-30 03:00:00,2025,TARGET_BPP_2.03_DFP,Patrimônio Líquido,DFP,GradientBoosting,3da7b39a8b92,153,raw,15736350.0,16.588819664537898,-69069769.48424943,69069802.66188876,138139572.1461382,True,69069786.0730691,0.1
33.042.730/0001-04,2025-09-30 03:00:00,2025,TARGET_BPP_2.03_DFP,Patrimônio Líquido,DFP,GradientBoosting,3da7b39a8b92,153,raw,15736350.0,15.878124517913191,-69069770.19494458,69069801.95119362,138139572.1461382,True,69069786.0730691,0.1
33.256.439/0001-39,2025-03-31 03:00:00,2025,TARGET_BPP_2.03_DFP,Patrimônio Líquido,DFP,GradientBoosting,3da7b39a8b92,153,raw,17730617.0,16.592512980587195,-69069769.48055612,69069802.66558208,138139572.1461382,True,69069786.0730691,0.1
33.256.439/0001-39,2025-06-30 03:00:00,2025,TARGET_BPP_2.03_DFP,Patrimônio Líquido,DFP,GradientBoosting,3da7b39a8b92,153,raw,17730617.0,16.6886464512842,-69069769.38442264,69069802.76171555,138139572.1461382,True,69069786.0730691,0.1
33.256.439/0001-39,2025-09-30 03:00:00,2025,TARGET_BPP_2.03_DFP,Patrimônio Líquido,DFP,GradientBoosting,3da7b39a8b92,153,raw,17730617.0,15.830912786970304,-69069770.24215631,69069801.90398188,138139572.1461382,True,69069786.0730691,0.1
33.592.510/0001-54,2025-03-31 03:00:00,2025,TARGET_BPP_2.03_DFP,Patrimônio Líquido,DFP,GradientBoosting,3da7b39a8b92,153,raw,188926000.0,19.14490707548972,-69069766.92816202,69069805.21797617,138139572.1461382,False,69069786.0730691,0.1
33.592.510/0001-54,2025-06-30 03:00:00,2025,TARGET_BPP_2.03_DFP,Patrimônio Líquido,DFP,GradientBoosting,3da7b39a8b92,153,raw,188926000.0,19.025215905125542,-69069767.04785319,69069805.098285,138139572.1461382,False,69069786.0730691,0.1
33.592.510/0001-54,2025-09-30 03:00:00,2025,TARGET_BPP_2.03_DFP,Patrimônio Líquido,DFP,GradientBoosting,3da7b39a8b92,153,raw,188926000.0,16.272525714811056,-69069769.80054338,69069802.34559481,138139572.1461382,False,69069786.0730691,0.1
33.611.500/0001-19,2025-03-31 03:00:00,2025,TARGET_BPP_2.03_DFP,Patrimônio Líquido,DFP,GradientBoosting,3da7b39a8b92,153,raw,53798489.0,17.70645917260692,-69069768.36660992,69069803.77952828,138139572.1461382,True,69069786.0730691,0.1
33.611.500/0001-19,2025-06-30 03:00:00,2025,TARGET_BPP_2.03_DFP,Patrimônio Líquido,DFP,GradientBoosting,3da7b39a8b92,153,raw,53798489.0,17.639791391498168,-69069768.43327771,69069803.71286048,138139572.1461382,True,69069786.0730691,0.1
33.611.500/0001-19,2025-09-30 03:00:00,2025,TARGET_BPP_2.03_DFP,Patrimônio Líquido,DFP,GradientBoosting,3da7b39a8b92,153,raw,53798489.0,15.864559855856509,-69069770.20850924,69069801.93762895,138139572.1461382,True,69069786.0730691,0.1
34.274.233/0001-02,2025-03-31 03:00:00,2025,TARGET_BPP_2.03_DFP,Patrimônio Líquido,DFP,GradientBoosting,3da7b39a8b92,153,raw,20741000.0,16.95785963571087,-69069769.11520946,69069803.03092873,138139572.1461382,True,69069786.0730691,0.1
34.274.233/0001-02,2025-06-30 03:00:00,2025,TARGET_BPP_2.03_DFP,Patrimônio Líquido,DFP,GradientBoosting,3da7b39a8b92,153,raw,20741000.0,16.829566751745713,-69069769.24350235,69069802.90263584,138139572.1461382,True,69069786.0730691,0.1
34.274.233/0001-02,2025-09-30 03:00:00,2025,TARGET_BPP_2.03_DFP,Patrimônio Líquido,DFP,GradientBoosting,3da7b39a8b92,153,raw,20741000.0,15.851617849999833,-69069770.22145125,69069801.92468694,138139572.1461382,True,69069786.0730691,0.1
47.960.950/0001-21,2025-03-31 03:00:00,2025,TARGET_BPP_2.03_DFP,Patrimônio Líquido,DFP,GradientBoosting,3da7b39a8b92,153,raw,11278030.0,16.286647745239822,-69069769.78642134,69069802.35971685,138139572.1461382,True,69069786.0730691,0.1
47.960.950/0001-21,2025-06-30 03:00:00,2025,TARGET_BPP_2.03_DFP,Patrimônio Líquido,DFP,GradientBoosting,3da7b39a8b92,153,raw,11278030.0,16.22721634234903,-69069769.84585275,69069802.30028544,138139572.1461382,True,69069786.0730691,0.1
47.960.950/0001-21,2025-09-30 03:00:00,2025,TARGET_BPP_2.03_DFP,Patrimônio Líquido,DFP,GradientBoosting,3da7b39a8b92,153,raw,11278030.0,15.805134122303,-69069770.26793498,69069801.87820321,138139572.1461382,True,69069786.0730691,0.1
53.113.791/0001-22,2025-03-31 03:00:00,2025,TARGET_BPP_2.03_DFP,Patrimônio Líquido,DFP,GradientBoosting,3da7b39a8b92,153,raw,5443457.0,15.501227665945464,-69069770.57184143,69069801.57429676,138139572.1461382,True,69069786.0730691,0.1
53.113.791/0001-22,2025-06-30 03:00:00,2025,TARGET_BPP_2.03_DFP,Patrimônio Líquido,DFP,GradientBoosting,3da7b39a8b92,153,raw,5443457.0,15.397042940879386,-69069770.67602615,69069801.47011204,138139572.1461382,True,69069786.0730691,0.1
53.113.791/0001-22,2025-09-30 03:00:00,2025,TARGET_BPP_2.03_DFP,Patrimônio Líquido,DFP,GradientBoosting,3da7b39a8b92,153,raw,5443457.0,15.639845497480891,-69069770.4332236,69069801.71291459,138139572.1461382,True,69069786.0730691,0.1
61.079.117/0001-05,2025-03-31 03:00:00,2025,TARGET_BPP_2.03_DFP,Patrimônio Líquido,DFP,GradientBoosting,3da7b39a8b92,153,raw,3323759.0,15.105942116150741,-69069770.96712698,69069801.17901121,138139572.1461382,True,69069786.0730691,0.1
61.079.117/0001-05,2025-06-30 03:00:00,2025,TARGET_BPP_2.03_DFP,Patrimônio Líquido,DFP,GradientBoosting,3da7b39a8b92,153,raw,3323759.0,15.025645689426248,-69069771.0474234,69069801.09871478,138139572.1461382,True,69069786.0730691,0.1
61.079.117/0001-05,2025-09-30 03:00:00,2025,TARGET_BPP_2.03_DFP,Patrimônio Líquido,DFP,GradientBoosting,3da7b39a8b92,153,raw,3323759.0,15.440883124935034,-69069770.63218597,69069801.51395223,138139572.1461382,True,69069786.0730691,0.1
81.243.735/0001-48,2025-03-31 03:00:00,2025,TARGET_BPP_2.03_DFP,Patrimônio Líquido,DFP,GradientBoosting,3da7b39a8b92,153,raw,1575992.0,14.273841425357734,-69069771.79922767,69069800.34691052,138139572.1461382,True,69069786.0730691,0.1
81.243.735/0001-48,2025-06-30 03:00:00,2025,TARGET_BPP_2.03_DFP,Patrimônio Líquido,DFP,GradientBoosting,3da7b39a8b92,153,raw,1575992.0,14.076876157718365,-69069771.99619293,69069800.14994526,138139572.1461382,True,69069786.0730691,0.1
81.243.735/0001-48,2025-09-30 03:00:00,2025,TARGET_BPP_2.03_DFP,Patrimônio Líquido,DFP,GradientBoosting,3da7b39a8b92,153,raw,1575992.0,15.30187980719463,-69069770.77118929,69069801.3749489,138139572.1461382,True,69069786.0730691,0.1
82.901.000/0001-27,2025-03-31 03:00:00,2025,TARGET_BPP_2.03_DFP,Patrimônio Líquido,DFP,GradientBoosting,3da7b39a8b92,153,raw,3014171.0,15.19607209920696,-69069770.876997,69069801.2691412,138139572.1461382,True,69069786.0730691,0.1
82.901.000/0001-27,2025-06-30 03:00:00,2025,TARGET_BPP_2.03_DFP,Patrimônio Líquido,DFP,GradientBoosting,3da7b39a8b92,153,raw,3014171.0,15.164794551547896,-69069770.90827455,69069801.23786364,138139572.1461382,True,69069786.0730691,0.1
82.901.000/0001-27,2025-09-30 03:00:00,2025,TARGET_BPP_2.03_DFP,Patrimônio Líquido,DFP,GradientBoosting,3da7b39a8b92,153,raw,3014171.0,15.577617502060626,-69069770.4954516,69069801.65068659,138139572.1461382,True,69069786.0730691,0.1
84.429.695/0001-11,2025-03-31 03:00:00,2025,TARGET_BPP_2.03_DFP,Patrimônio Líquido,DFP,GradientBoosting,3da7b39a8b92,153,raw,18553364.0,17.01935681090376,-69069769.05371228,69069803.09242591,138139572.1461382,True,69069786.0730691,0.1
84.429.695/0001-11,2025-06-30 03:00:00,2025,TARGET_BPP_2.03_DFP,Patrimônio Líquido,DFP,GradientBoosting,3da7b39a8b92,153,raw,18553364.0,16.7660518974273,-69069769.30701719,69069802.839121,138139572.1461382,True,69069786.0730691,0.1
84.429.695/0001-11,2025-09-30 03:00:00,2025,TARGET_BPP_2.03_DFP,Patrimônio Líquido,DFP,GradientBoosting,3da7b39a8b92,153,raw,18553364.0,16.23555401223934,-69069769.83751509,69069802.3086231,138139572.1461382,True,69069786.0730691,0.1
89.637.490/0001-45,2025-03-31 03:00:00,2025,TARGET_BPP_2.03_DFP,Patrimônio Líquido,DFP,GradientBoosting,3da7b39a8b92,153,raw,14401101.0,16.405886925282267,-69069769.66718218,69069802.47895601,138139572.1461382,True,69069786.0730691,0.1
89.637.490/0001-45,2025-06-30 03:00:00,2025,TARGET_BPP_2.03_DFP,Patrimônio Líquido,DFP,GradientBoosting,3da7b39a8b92,153,raw,14401101.0,16.41168331445299,-69069769.66138577,69069802.48475242,138139572.1461382,True,69069786.0730691,0.1
89.637.490/0001-45,2025-09-30 03:00:00,2025,TARGET_BPP_2.03_DFP,Patrimônio Líquido,DFP,GradientBoosting,3da7b39a8b92,153,raw,14401101.0,15.80104269300808,-69069770.2720264,69069801.87411179,138139572.1461382,True,69069786.0730691,0.1
92.754.738/0001-62,2025-03-31 03:00:00,2025,TARGET_BPP_2.03_DFP,Patrimônio Líquido,DFP,GradientBoosting,3da7b39a8b92,153,raw,10456281.0,16.113173228801536,-69069769.95989586,69069802.18624233,138139572.1461382,True,69069786.0730691,0.1
92.754.738/0001-62,2025-06-30 03:00:00,2025,TARGET_BPP_2.03_DFP,Patrimônio Líquido,DFP,GradientBoosting,3da7b39a8b92,153,raw,10456281.0,16.137498438321085,-69069769.93557066,69069802.21056753,138139572.1461382,True,69069786.0730691,0.1
92.754.738/0001-62,2025-09-30 03:00:00,2025,TARGET_BPP_2.03_DFP,Patrimônio Líquido,DFP,GradientBoosting,3da7b39a8b92,153,raw,10456281.0,15.729192737423235,-69069770.34387636,69069801.80226183,138139572.1461382,True,69069786.0730691,0.1
02.429.144/0001-93,2025-03-31 03:00:00,2025,TARGET_BPP_2_ITR_T1,Passivo Total,ITRT1,RandomForest,738ab5d56509,151,raw,79238240.0,18.137383240232612,-181679714.59572107,181679750.87048757,363359465.46620864,True,181679732.73310432,0.1
02.429.144/0001-93,2025-06-30 03:00:00,2025,TARGET_BPP_2_ITR_T1,Passivo Total,ITRT1,RandomForest,738ab5d56509,151,raw,82448147.0,18.137383240232612,-181679714.59572107,181679750.87048757,363359465.46620864,True,181679732.73310432,0.1
02.429.144/0001-93,2025-09-30 03:00:00,2025,TARGET_BPP_2_ITR_T1,Passivo Total,ITRT1,RandomForest,738ab5d56509,151,raw,83990552.0,18.19020478952158,-181679714.54289952,181679750.92330912,363359465.46620864,True,181679732.73310432,0.1
02.429.144/0001-93,2025-12-31 03:00:00,2025,TARGET_BPP_2_ITR_T1,Passivo Total,ITRT1,RandomForest,738ab5d56509,151,raw,83990552.0,18.191693836047303,-181679714.54141048,181679750.92479816,363359465.46620864,True,181679732.73310432,0.1
02.474.103/0001-19,2025-03-31 03:00:00,2025,TARGET_BPP_2_ITR_T1,Passivo Total,ITRT1,RandomForest,738ab5d56509,151,raw,53308650.0,17.764962764851877,-181679714.96814156,181679750.49806708,363359465.46620864,True,181679732.73310432,0.1
02.474.103/0001-19,2025-06-30 03:00:00,2025,TARGET_BPP_2_ITR_T1,Passivo Total,ITRT1,RandomForest,738ab5d56509,151,raw,56544112.0,17.76404629093563,-181679714.96905804,181679750.4971506,363359465.46620864,True,181679732.73310432,0.1
02.474.103/0001-19,2025-09-30 03:00:00,2025,TARGET_BPP_2_ITR_T1,Passivo Total,ITRT1,RandomForest,738ab5d56509,151,raw,58695282.0,17.88416554660708,-181679714.84893876,181679750.61726987,363359465.46620864,True,181679732.73310432,0.1
02.474.103/0001-19,2025-12-31 03:00:00,2025,TARGET_BPP_2_ITR_T1,Passivo Total,ITRT1,RandomForest,738ab5d56509,151,raw,58695282.0,17.941846768576582,-181679714.79125756,181679750.67495108,363359465.46620864,True,181679732.73310432,0.1
02.998.611/0001-04,2025-03-31 03:00:00,2025,TARGET_BPP_2_ITR_T1,Passivo Total,ITRT1,RandomForest,738ab5d56509,151,raw,43946662.0,17.645334314612093,-181679715.08777002,181679750.37843862,363359465.46620864,True,181679732.73310432,0.1
02.998.611/0001-04,2025-06-30 03:00:00,2025,TARGET_BPP_2_ITR_T1,Passivo Total,ITRT1,RandomForest,738ab5d56509,151,raw,45643761.0,17.649153615412004,-181679715.0839507,181679750.38225794,363359465.46620864,True,181679732.73310432,0.1
02.998.611/0001-04,2025-09-30 03:00:00,2025,TARGET_BPP_2_ITR_T1,Passivo Total,ITRT1,RandomForest,738ab5d56509,151,raw,47938943.0,17.677581265632647,-181679715.05552304,181679750.4106856,363359465.46620864,True,181679732.73310432,0.1
02.998.611/0001-04,2025-12-31 03:00:00,2025,TARGET_BPP_2_ITR_T1,Passivo Total,ITRT1,RandomForest,738ab5d56509,151,raw,47938943.0,17.715672191232763,-181679715.01743212,181679750.4487765,363359465.46620864,True,181679732.73310432,0.1
03.220.438/0001-73,2025-03-31 03:00:00,2025,TARGET_BPP_2_ITR_T1,Passivo Total,ITRT1,RandomForest,738ab5d56509,151,raw,116701444.0,18.47855172667588,-181679714.2545526,181679751.21165603,363359465.46620864,True,181679732.73310432,0.1
03.220.438/0001-73,2025-06-30 03:00:00,2025,TARGET_BPP_2_ITR_T1,Passivo Total,ITRT1,RandomForest,738ab5d56509,151,raw,126167097.0,18.47855172667588,-181679714.2545526,181679751.21165603,363359465.46620864,True,181679732.73310432,0.1
03.220.438/0001-73,2025-09-30 03:00:00,2025,TARGET_BPP_2_ITR_T1,Passivo Total,ITRT1,RandomForest,738ab5d56509,151,raw,111791967.0,18.70397714087444,-181679714.02912718,181679751.43708146,363359465.46620864,True,181679732.73310432,0.1
03.220.438/0001-73,2025-12-31 03:00:00,2025,TARGET_BPP_2_ITR_T1,Passivo Total,ITRT1,RandomForest,738ab5d56509,151,raw,111791967.0,18.464975708230405,-181679714.2681286,181679751.19808003,363359465.46620864,True,181679732.73310432,0.1
07.859.971/0001-30,2025-03-31 03:00:00,2025,TARGET_BPP_2_ITR_T1,Passivo Total,ITRT1,RandomForest,738ab5d56509,151,raw,21504866.0,16.566828365778534,-181679716.16627595,181679749.2999327,363359465.46620864,True,181679732.73310432,0.1
07.859.971/0001-30,2025-06-30 03:00:00,2025,TARGET_BPP_2_ITR_T1,Passivo Total,ITRT1,RandomForest,738ab5d56509,151,raw,21812048.0,16.592021726896082,-181679716.14108258,181679749.32512605,363359465.46620864,True,181679732.73310432,0.1
07.859.971/0001-30,2025-09-30 03:00:00,2025,TARGET_BPP_2_ITR_T1,Passivo Total,ITRT1,RandomForest,738ab5d56509,151,raw,23268726.0,16.588214397411758,-181679716.14488992,181679749.32131872,363359465.46620864,True,181679732.73310432,0.1
07.859.971/0001-30,2025-12-31 03:00:00,2025,TARGET_BPP_2_ITR_T1,Passivo Total,ITRT1,RandomForest,738ab5d56509,151,raw,23268726.0,16.568909890568793,-181679716.16419443,181679749.3020142,363359465.46620864,True,181679732.73310432,0.1
10.629.105/0001-68,2025-03-31 03:00:00,2025,TARGET_BPP_2_ITR_T1,Passivo Total,ITRT1,RandomForest,738ab5d56509,151,raw,55437714.0,17.866453453601043,-181679714.86665088,181679750.59955776,363359465.46620864,True,181679732.73310432,0.1
10.629.105/0001-68,2025-06-30 03:00:00,2025,TARGET_BPP_2_ITR_T1,Passivo Total,ITRT1,RandomForest,738ab5d56509,151,raw,59729709.0,17.861552754250976,-181679714.87155157,181679750.59465706,363359465.46620864,True,181679732.73310432,0.1
10.629.105/0001-68,2025-09-30 03:00:00,2025,TARGET_BPP_2_ITR_T1,Passivo Total,ITRT1,RandomForest,738ab5d56509,151,raw,63548709.0,17.98061265928491,-181679714.75249165,181679750.71371698,363359465.46620864,True,181679732.73310432,0.1
10.629.105/0001-68,2025-12-31 03:00:00,2025,TARGET_BPP_2_ITR_T1,Passivo Total,ITRT1,RandomForest,738ab5d56509,151,raw,63548709.0,18.053509833179763,-181679714.6795945,181679750.78661415,363359465.46620864,True,181679732.73310432,0.1
16.404.287/0001-55,2025-03-31 03:00:00,2025,TARGET_BPP_2_ITR_T1,Passivo Total,ITRT1,RandomForest,738ab5d56509,151,raw,159422893.0,18.688422598315732,-181679714.04468173,181679751.4215269,363359465.46620864,True,181679732.73310432,0.1
16.404.287/0001-55,2025-06-30 03:00:00,2025,TARGET_BPP_2_ITR_T1,Passivo Total,ITRT1,RandomForest,738ab5d56509,151,raw,164416918.0,18.693426581608797,-181679714.03967774,181679751.4265309,363359465.46620864,True,181679732.73310432,0.1
16.404.287/0001-55,2025-09-30 03:00:00,2025,TARGET_BPP_2_ITR_T1,Passivo Total,ITRT1,RandomForest,738ab5d56509,151,raw,165825010.0,18.705360464362084,-181679714.02774385,181679751.4384648,363359465.46620864,True,181679732.73310432,0.1
16.404.287/0001-55,2025-12-31 03:00:00,2025,TARGET_BPP_2_ITR_T1,Passivo Total,ITRT1,RandomForest,738ab5d56509,151,raw,165825010.0,18.698414932323328,-181679714.0346894,181679751.43151924,363359465.46620864,True,181679732.73310432,0.1
16.590.234/0001-76,2025-03-31 03:00:00,2025,TARGET_BPP_2_ITR_T1,Passivo Total,ITRT1,RandomForest,738ab5d56509,151,raw,15516832.0,16.44809985633312,-181679716.28500447,181679749.18120417,363359465.46620864,True,181679732.73310432,0.1
16.590.234/0001-76,2025-06-30 03:00:00,2025,TARGET_BPP_2_ITR_T1,Passivo Total,ITRT1,RandomForest,738ab5d56509,151,raw,15516275.0,16.515307847915313,-181679716.21779647,181679749.24841216,363359465.46620864,True,181679732.73310432,0.1
16.590.234/0001-76,2025-09-30 03:00:00,2025,TARGET_BPP_2_ITR_T1,Passivo Total,ITRT1,RandomForest,738ab5d56509,151,raw,15193878.0,16.503993851819093,-181679716.22911048,181679749.23709816,363359465.46620864,True,181679732.73310432,0.1
16.590.234/0001-76,2025-12-31 03:00:00,2025,TARGET_BPP_2_ITR_T1,Passivo Total,ITRT1,RandomForest,738ab5d56509,151,raw,15193878.0,16.365766215024173,-181679716.3673381,181679749.09887055,363359465.46620864,True,181679732.73310432,0.1
24.990.777/0001-09,2025-03-31 03:00:00,2025,TARGET_BPP_2_ITR_T1,Passivo Total,ITRT1,RandomForest,738ab5d56509,151,raw,20393545.0,16.575096497319525,-181679716.15800783,181679749.3082008,363359465.46620864,True,181679732.73310432,0.1
24.990.777/0001-09,2025-06-30 03:00:00,2025,TARGET_BPP_2_ITR_T1,Passivo Total,ITRT1,RandomForest,738ab5d56509,151,raw,23696093.0,16.600366051010898,-181679716.13273826,181679749.33347037,363359465.46620864,True,181679732.73310432,0.1
24.990.777/0001-09,2025-09-30 03:00:00,2025,TARGET_BPP_2_ITR_T1,Passivo Total,ITRT1,RandomForest,738ab5d56509,151,raw,24737405.0,16.600366051010898,-181679716.13273826,181679749.33347037,363359465.46620864,True,181679732.73310432,0.1
24.990.777/0001-09,2025-12-31 03:00:00,2025,TARGET_BPP_2_ITR_T1,Passivo Total,ITRT1,RandomForest,738ab5d56509,151,raw,24737405.0,17.17709274744844,-181679715.55601156,181679749.91019708,363359465.46620864,True,181679732.73310432,0.1
33.000.167/0001-01,2025-03-31 03:00:00,2025,TARGET_BPP_2_ITR_T1,Passivo Total,ITRT1,RandomForest,738ab5d56509,151,raw,1174890000.0,20.708605633251278,-181679712.02449867,181679753.44170997,363359465.46620864,False,181679732.73310432,0.1
33.000.167/0001-01,2025-06-30 03:00:00,2025,TARGET_BPP_2_ITR_T1,Passivo Total,ITRT1,RandomForest,738ab5d56509,151,raw,1212038000.0,20.717945661717394,-181679712.01515865,181679753.45104998,363359465.46620864,False,181679732.73310432,0.1
33.000.167/0001-01,2025-09-30 03:00:00,2025,TARGET_BPP_2_ITR_T1,Passivo Total,ITRT1,RandomForest,738ab5d56509,151,raw,1246068000.0,20.677410410881357,-181679712.0556939,181679753.41051474,363359465.46620864,False,181679732.73310432,0.1
33.000.167/0001-01,2025-12-31 03:00:00,2025,TARGET_BPP_2_ITR_T1,Passivo Total,ITRT1,RandomForest,738ab5d56509,151,raw,1246068000.0,20.682860433330266,-181679712.05024388,181679753.41596475,363359465.46620864,False,181679732.73310432,0.1
33.042.730/0001-04,2025-03-31 03:00:00,2025,TARGET_BPP_2_ITR_T1,Passivo Total,ITRT1,RandomForest,738ab5d56509,151,raw,101070743.0,18.458953783326304,-181679714.27415052,181679751.19205812,363359465.46620864,True,181679732.73310432,0.1
33.042.730/0001-04,2025-06-30 03:00:00,2025,TARGET_BPP_2_ITR_T1,Passivo Total,ITRT1,RandomForest,738ab5d56509,151,raw,100825592.0,18.458953783326304,-181679714.27415052,181679751.19205812,363359465.46620864,True,181679732.73310432,0.1
33.042.730/0001-04,2025-09-30 03:00:00,2025,TARGET_BPP_2_ITR_T1,Passivo Total,ITRT1,RandomForest,738ab5d56509,151,raw,99128336.0,18.46064648276533,-181679714.27245784,181679751.1937508,363359465.46620864,True,181679732.73310432,0.1
33.042.730/0001-04,2025-12-31 03:00:00,2025,TARGET_BPP_2_ITR_T1,Passivo Total,ITRT1,RandomForest,738ab5d56509,151,raw,99128336.0,18.45698577105745,-181679714.27611855,181679751.1900901,363359465.46620864,True,181679732.73310432,0.1
33.256.439/0001-39,2025-03-31 03:00:00,2025,TARGET_BPP_2_ITR_T1,Passivo Total,ITRT1,RandomForest,738ab5d56509,151,raw,45608193.0,17.64723597102125,-181679715.08586836,181679750.38034028,363359465.46620864,True,181679732.73310432,0.1
33.256.439/0001-39,2025-06-30 03:00:00,2025,TARGET_BPP_2_ITR_T1,Passivo Total,ITRT1,RandomForest,738ab5d56509,151,raw,45564670.0,17.691095497796592,-181679715.04200882,181679750.42419982,363359465.46620864,True,181679732.73310432,0.1
33.256.439/0001-39,2025-09-30 03:00:00,2025,TARGET_BPP_2_ITR_T1,Passivo Total,ITRT1,RandomForest,738ab5d56509,151,raw,50217114.0,17.64723597102125,-181679715.08586836,181679750.38034028,363359465.46620864,True,181679732.73310432,0.1
33.256.439/0001-39,2025-12-31 03:00:00,2025,TARGET_BPP_2_ITR_T1,Passivo Total,ITRT1,RandomForest,738ab5d56509,151,raw,50217114.0,17.716796674169014,-181679715.01630765,181679750.44990098,363359465.46620864,True,181679732.73310432,0.1
33.453.598/0001-23,2025-03-31 03:00:00,2025,TARGET_BPP_2_ITR_T1,Passivo Total,ITRT1,RandomForest,738ab5d56509,151,raw,135725711.0,18.7109954941466,-181679714.02210882,181679751.4440998,363359465.46620864,True,181679732.73310432,0.1
33.453.598/0001-23,2025-06-30 03:00:00,2025,TARGET_BPP_2_ITR_T1,Passivo Total,ITRT1,RandomForest,738ab5d56509,151,raw,132793411.0,18.7109954941466,-181679714.02210882,181679751.4440998,363359465.46620864,True,181679732.73310432,0.1
33.453.598/0001-23,2025-09-30 03:00:00,2025,TARGET_BPP_2_ITR_T1,Passivo Total,ITRT1,RandomForest,738ab5d56509,151,raw,118686690.0,18.71251010465339,-181679714.0205942,181679751.44561443,363359465.46620864,True,181679732.73310432,0.1
33.592.510/0001-54,2025-03-31 03:00:00,2025,TARGET_BPP_2_ITR_T1,Passivo Total,ITRT1,RandomForest,738ab5d56509,151,raw,493226000.0,19.894242561696604,-181679712.83886176,181679752.62734687,363359465.46620864,False,181679732.73310432,0.1
33.592.510/0001-54,2025-06-30 03:00:00,2025,TARGET_BPP_2_ITR_T1,Passivo Total,ITRT1,RandomForest,738ab5d56509,151,raw,484953000.0,19.87645164972897,-181679712.85665268,181679752.60955596,363359465.46620864,False,181679732.73310432,0.1
33.592.510/0001-54,2025-09-30 03:00:00,2025,TARGET_BPP_2_ITR_T1,Passivo Total,ITRT1,RandomForest,738ab5d56509,151,raw,457173000.0,19.862033735842264,-181679712.8710706,181679752.59513804,363359465.46620864,False,181679732.73310432,0.1
33.592.510/0001-54,2025-12-31 03:00:00,2025,TARGET_BPP_2_ITR_T1,Passivo Total,ITRT1,RandomForest,738ab5d56509,151,raw,457173000.0,19.855920631210687,-181679712.87718368,181679752.58902496,363359465.46620864,False,181679732.73310432,0.1
33.611.500/0001-19,2025-03-31 03:00:00,2025,TARGET_BPP_2_ITR_T1,Passivo Total,ITRT1,RandomForest,738ab5d56509,151,raw,86854070.0,18.26729871376671,-181679714.4658056,181679751.00040305,363359465.46620864,True,181679732.73310432,0.1
33.611.500/0001-19,2025-06-30 03:00:00,2025,TARGET_BPP_2_ITR_T1,Passivo Total,ITRT1,RandomForest,738ab5d56509,151,raw,87255733.0,18.251128409198124,-181679714.4819759,181679750.98423272,363359465.46620864,True,181679732.73310432,0.1
33.611.500/0001-19,2025-09-30 03:00:00,2025,TARGET_BPP_2_ITR_T1,Passivo Total,ITRT1,RandomForest,738ab5d56509,151,raw,81047539.0,18.251128409198124,-181679714.4819759,181679750.98423272,363359465.46620864,True,181679732.73310432,0.1
33.611.500/0001-19,2025-12-31 03:00:00,2025,TARGET_BPP_2_ITR_T1,Passivo Total,ITRT1,RandomForest,738ab5d56509,151,raw,81047539.0,18.152809630289713,-181679714.5802947,181679750.88591394,363359465.46620864,True,181679732.73310432,0.1
34.274.233/0001-02,2025-03-31 03:00:00,2025,TARGET_BPP_2_ITR_T1,Passivo Total,ITRT1,RandomForest,738ab5d56509,151,raw,59651000.0,17.95184044524361,-181679714.7812639,181679750.68494475,363359465.46620864,True,181679732.73310432,0.1
34.274.233/0001-02,2025-06-30 03:00:00,2025,TARGET_BPP_2_ITR_T1,Passivo Total,ITRT1,RandomForest,738ab5d56509,151,raw,60987000.0,17.940539081024987,-181679714.79256523,181679750.6736434,363359465.46620864,True,181679732.73310432,0.1
34.274.233/0001-02,2025-09-30 03:00:00,2025,TARGET_BPP_2_ITR_T1,Passivo Total,ITRT1,RandomForest,738ab5d56509,151,raw,64225000.0,18.008334275181276,-181679714.72477004,181679750.7414386,363359465.46620864,True,181679732.73310432,0.1
34.274.233/0001-02,2025-12-31 03:00:00,2025,TARGET_BPP_2_ITR_T1,Passivo Total,ITRT1,RandomForest,738ab5d56509,151,raw,64225000.0,18.0364234919713,-181679714.6966808,181679750.76952782,363359465.46620864,True,181679732.73310432,0.1
47.960.950/0001-21,2025-03-31 03:00:00,2025,TARGET_BPP_2_ITR_T1,Passivo Total,ITRT1,RandomForest,738ab5d56509,151,raw,36913613.0,17.37565369404734,-181679715.35745063,181679750.108758,363359465.46620864,True,181679732.73310432,0.1
47.960.950/0001-21,2025-06-30 03:00:00,2025,TARGET_BPP_2_ITR_T1,Passivo Total,ITRT1,RandomForest,738ab5d56509,151,raw,37221991.0,17.35996366091798,-181679715.37314066,181679750.09306797,363359465.46620864,True,181679732.73310432,0.1
47.960.950/0001-21,2025-09-30 03:00:00,2025,TARGET_BPP_2_ITR_T1,Passivo Total,ITRT1,RandomForest,738ab5d56509,151,raw,36712079.0,17.35996366091798,-181679715.37314066,181679750.09306797,363359465.46620864,True,181679732.73310432,0.1
47.960.950/0001-21,2025-12-31 03:00:00,2025,TARGET_BPP_2_ITR_T1,Passivo Total,ITRT1,RandomForest,738ab5d56509,151,raw,36712079.0,17.351613608877635,-181679715.3814907,181679750.08471793,363359465.46620864,True,181679732.73310432,0.1
53.113.791/0001-22,2025-03-31 03:00:00,2025,TARGET_BPP_2_ITR_T1,Passivo Total,ITRT1,RandomForest,738ab5d56509,151,raw,8962553.0,16.161437826984375,-181679716.57166648,181679748.89454216,363359465.46620864,True,181679732.73310432,0.1
53.113.791/0001-22,2025-06-30 03:00:00,2025,TARGET_BPP_2_ITR_T1,Passivo Total,ITRT1,RandomForest,738ab5d56509,151,raw,9219852.0,16.180004102234275,-181679716.55310023,181679748.9131084,363359465.46620864,True,181679732.73310432,0.1
53.113.791/0001-22,2025-09-30 03:00:00,2025,TARGET_BPP_2_ITR_T1,Passivo Total,ITRT1,RandomForest,738ab5d56509,151,raw,13053566.0,16.209016725265286,-181679716.5240876,181679748.94212103,363359465.46620864,True,181679732.73310432,0.1
53.113.791/0001-22,2025-12-31 03:00:00,2025,TARGET_BPP_2_ITR_T1,Passivo Total,ITRT1,RandomForest,738ab5d56509,151,raw,13053566.0,16.489168691404895,-181679716.2439356,181679749.22227302,363359465.46620864,True,181679732.73310432,0.1
61.079.117/0001-05,2025-03-31 03:00:00,2025,TARGET_BPP_2_ITR_T1,Passivo Total,ITRT1,RandomForest,738ab5d56509,151,raw,6194674.0,15.523301817302318,-181679717.2098025,181679748.25640613,363359465.46620864,True,181679732.73310432,0.1
61.079.117/0001-05,2025-06-30 03:00:00,2025,TARGET_BPP_2_ITR_T1,Passivo Total,ITRT1,RandomForest,738ab5d56509,151,raw,6236192.0,15.587843775921135,-181679717.14526054,181679748.3209481,363359465.46620864,True,181679732.73310432,0.1
61.079.117/0001-05,2025-09-30 03:00:00,2025,TARGET_BPP_2_ITR_T1,Passivo Total,ITRT1,RandomForest,738ab5d56509,151,raw,6287102.0,15.622465339993822,-181679717.11063898,181679748.35556966,363359465.46620864,True,181679732.73310432,0.1
61.079.117/0001-05,2025-12-31 03:00:00,2025,TARGET_BPP_2_ITR_T1,Passivo Total,ITRT1,RandomForest,738ab5d56509,151,raw,6287102.0,15.551100850190371,-181679717.18200347,181679748.28420517,363359465.46620864,True,181679732.73310432,0.1
81.243.735/0001-48,2025-03-31 03:00:00,2025,TARGET_BPP_2_ITR_T1,Passivo Total,ITRT1,RandomForest,738ab5d56509,151,raw,4162288.0,15.242799427528247,-181679717.4903049,181679747.97590375,363359465.46620864,True,181679732.73310432,0.1
81.243.735/0001-48,2025-06-30 03:00:00,2025,TARGET_BPP_2_ITR_T1,Passivo Total,ITRT1,RandomForest,738ab5d56509,151,raw,4446008.0,15.243338837315786,-181679717.4897655,181679747.97644314,363359465.46620864,True,181679732.73310432,0.1
81.243.735/0001-48,2025-09-30 03:00:00,2025,TARGET_BPP_2_ITR_T1,Passivo Total,ITRT1,RandomForest,738ab5d56509,151,raw,4384121.0,15.354952391847768,-181679717.37815192,181679748.0880567,363359465.46620864,True,181679732.73310432,0.1
81.243.735/0001-48,2025-12-31 03:00:00,2025,TARGET_BPP_2_ITR_T1,Passivo Total,ITRT1,RandomForest,738ab5d56509,151,raw,4384121.0,15.33553819947624,-181679717.3975661,181679748.06864253,363359465.46620864,True,181679732.73310432,0.1
82.901.000/0001-27,2025-03-31 03:00:00,2025,TARGET_BPP_2_ITR_T1,Passivo Total,ITRT1,RandomForest,738ab5d56509,151,raw,5211775.0,15.469159618120571,-181679717.2639447,181679748.20226395,363359465.46620864,True,181679732.73310432,0.1
82.901.000/0001-27,2025-06-30 03:00:00,2025,TARGET_BPP_2_ITR_T1,Passivo Total,ITRT1,RandomForest,738ab5d56509,151,raw,5591369.0,15.467198741971881,-181679717.2659056,181679748.20030305,363359465.46620864,True,181679732.73310432,0.1
82.901.000/0001-27,2025-09-30 03:00:00,2025,TARGET_BPP_2_ITR_T1,Passivo Total,ITRT1,RandomForest,738ab5d56509,151,raw,5404258.0,15.610125650081525,-181679717.12297866,181679748.34322998,363359465.46620864,True,181679732.73310432,0.1
82.901.000/0001-27,2025-12-31 03:00:00,2025,TARGET_BPP_2_ITR_T1,Passivo Total,ITRT1,RandomForest,738ab5d56509,151,raw,5404258.0,15.525561135509705,-181679717.2075432,181679748.25866544,363359465.46620864,True,181679732.73310432,0.1
84.429.695/0001-11,2025-03-31 03:00:00,2025,TARGET_BPP_2_ITR_T1,Passivo Total,ITRT1,RandomForest,738ab5d56509,151,raw,39836839.0,17.511834927226772,-181679715.2212694,181679750.24493924,363359465.46620864,True,181679732.73310432,0.1
84.429.695/0001-11,2025-06-30 03:00:00,2025,TARGET_BPP_2_ITR_T1,Passivo Total,ITRT1,RandomForest,738ab5d56509,151,raw,41494475.0,17.51088190362565,-181679715.22222242,181679750.24398622,363359465.46620864,True,181679732.73310432,0.1
84.429.695/0001-11,2025-09-30 03:00:00,2025,TARGET_BPP_2_ITR_T1,Passivo Total,ITRT1,RandomForest,738ab5d56509,151,raw,43377646.0,17.596611306190113,-181679715.136493,181679750.32971564,363359465.46620864,True,181679732.73310432,0.1
84.429.695/0001-11,2025-12-31 03:00:00,2025,TARGET_BPP_2_ITR_T1,Passivo Total,ITRT1,RandomForest,738ab5d56509,151,raw,43377646.0,17.62330181778309,-181679715.1098025,181679750.35640612,363359465.46620864,True,181679732.73310432,0.1
89.637.490/0001-45,2025-03-31 03:00:00,2025,TARGET_BPP_2_ITR_T1,Passivo Total,ITRT1,RandomForest,738ab5d56509,151,raw,60335243.0,17.994387473244238,-181679714.73871684,181679750.7274918,363359465.46620864,True,181679732.73310432,0.1
89.637.490/0001-45,2025-06-30 03:00:00,2025,TARGET_BPP_2_ITR_T1,Passivo Total,ITRT1,RandomForest,738ab5d56509,151,raw,62163679.0,17.99771317971944,-181679714.73539114,181679750.7308175,363359465.46620864,True,181679732.73310432,0.1
89.637.490/0001-45,2025-09-30 03:00:00,2025,TARGET_BPP_2_ITR_T1,Passivo Total,ITRT1,RandomForest,738ab5d56509,151,raw,62090634.0,18.01750941755871,-181679714.7155949,181679750.75061375,363359465.46620864,True,181679732.73310432,0.1
89.637.490/0001-45,2025-12-31 03:00:00,2025,TARGET_BPP_2_ITR_T1,Passivo Total,ITRT1,RandomForest,738ab5d56509,151,raw,62090634.0,18.017677529415923,-181679714.7154268,181679750.75078183,363359465.46620864,True,181679732.73310432,0.1
92.754.738/0001-62,2025-03-31 03:00:00,2025,TARGET_BPP_2_ITR_T1,Passivo Total,ITRT1,RandomForest,738ab5d56509,151,raw,18735315.0,16.56929166775942,-181679716.16381264,181679749.302396,363359465.46620864,True,181679732.73310432,0.1
92.754.738/0001-62,2025-06-30 03:00:00,2025,TARGET_BPP_2_ITR_T1,Passivo Total,ITRT1,RandomForest,738ab5d56509,151,raw,18348667.0,16.59538111573535,-181679716.1377232,181679749.32848543,363359465.46620864,True,181679732.73310432,0.1
92.754.738/0001-62,2025-09-30 03:00:00,2025,TARGET_BPP_2_ITR_T1,Passivo Total,ITRT1,RandomForest,738ab5d56509,151,raw,18872967.0,16.59538111573535,-181679716.1377232,181679749.32848543,363359465.46620864,True,181679732.73310432,0.1
92.754.738/0001-62,2025-12-31 03:00:00,2025,TARGET_BPP_2_ITR_T1,Passivo Total,ITRT1,RandomForest,738ab5d56509,151,raw,18872967.0,16.565260851005288,-181679716.16784346,181679749.29836518,363359465.46620864,True,181679732.73310432,0.1
02.429.144/0001-93,2025-03-31 03:00:00,2025,TARGET_BPP_2_ITR_T2,Passivo Total,ITRT2,GradientBoosting,40e4b90b8a33,151,raw,82448147.0,18.22222049289792,-185785668.75252935,185785705.1969703,371571373.94949967,True,185785686.97474983,0.1
02.429.144/0001-93,2025-06-30 03:00:00,2025,TARGET_BPP_2_ITR_T2,Passivo Total,ITRT2,GradientBoosting,40e4b90b8a33,151,raw,83990552.0,18.258831143545542,-185785668.7159187,185785705.23358098,371571373.94949967,True,185785686.97474983,0.1
02.474.103/0001-19,2025-03-31 03:00:00,2025,TARGET_BPP_2_ITR_T2,Passivo Total,ITRT2,GradientBoosting,40e4b90b8a33,151,raw,56544112.0,17.82494384516805,-185785669.149806,185785704.79969367,371571373.94949967,True,185785686.97474983,0.1
02.474.103/0001-19,2025-06-30 03:00:00,2025,TARGET_BPP_2_ITR_T2,Passivo Total,ITRT2,GradientBoosting,40e4b90b8a33,151,raw,58695282.0,17.880375986695462,-185785669.09437385,185785704.8551258,371571373.94949967,True,185785686.97474983,0.1
02.998.611/0001-04,2025-03-31 03:00:00,2025,TARGET_BPP_2_ITR_T2,Passivo Total,ITRT2,GradientBoosting,40e4b90b8a33,151,raw,45643761.0,17.564865311321796,-185785669.4098845,185785704.53961515,371571373.94949967,True,185785686.97474983,0.1
02.998.611/0001-04,2025-06-30 03:00:00,2025,TARGET_BPP_2_ITR_T2,Passivo Total,ITRT2,GradientBoosting,40e4b90b8a33,151,raw,47938943.0,17.603647682740515,-185785669.37110215,185785704.5783975,371571373.94949967,True,185785686.97474983,0.1
03.220.438/0001-73,2025-03-31 03:00:00,2025,TARGET_BPP_2_ITR_T2,Passivo Total,ITRT2,GradientBoosting,40e4b90b8a33,151,raw,126167097.0,18.665387932992218,-185785668.3093619,185785705.64013776,371571373.94949967,True,185785686.97474983,0.1
03.220.438/0001-73,2025-06-30 03:00:00,2025,TARGET_BPP_2_ITR_T2,Passivo Total,ITRT2,GradientBoosting,40e4b90b8a33,151,raw,111791967.0,18.678773914286193,-185785668.29597592,185785705.65352374,371571373.94949967,True,185785686.97474983,0.1
07.859.971/0001-30,2025-03-31 03:00:00,2025,TARGET_BPP_2_ITR_T2,Passivo Total,ITRT2,GradientBoosting,40e4b90b8a33,151,raw,21812048.0,16.74468035677811,-185785670.2300695,185785703.71943018,371571373.94949967,True,185785686.97474983,0.1
07.859.971/0001-30,2025-06-30 03:00:00,2025,TARGET_BPP_2_ITR_T2,Passivo Total,ITRT2,GradientBoosting,40e4b90b8a33,151,raw,23268726.0,16.84507831324002,-185785670.1296715,185785703.81982815,371571373.94949967,True,185785686.97474983,0.1
10.629.105/0001-68,2025-03-31 03:00:00,2025,TARGET_BPP_2_ITR_T2,Passivo Total,ITRT2,GradientBoosting,40e4b90b8a33,151,raw,59729709.0,17.890717688902036,-185785669.08403215,185785704.86546752,371571373.94949967,True,185785686.97474983,0.1
10.629.105/0001-68,2025-06-30 03:00:00,2025,TARGET_BPP_2_ITR_T2,Passivo Total,ITRT2,GradientBoosting,40e4b90b8a33,151,raw,63548709.0,18.116565351282357,-185785668.8581845,185785705.09131518,371571373.94949967,True,185785686.97474983,0.1
16.404.287/0001-55,2025-03-31 03:00:00,2025,TARGET_BPP_2_ITR_T2,Passivo Total,ITRT2,GradientBoosting,40e4b90b8a33,151,raw,164416918.0,18.84603240657744,-185785668.12871742,185785705.82078224,371571373.94949967,True,185785686.97474983,0.1
16.404.287/0001-55,2025-06-30 03:00:00,2025,TARGET_BPP_2_ITR_T2,Passivo Total,ITRT2,GradientBoosting,40e4b90b8a33,151,raw,165825010.0,18.848501679592367,-185785668.12624815,185785705.82325152,371571373.94949967,True,185785686.97474983,0.1
16.590.234/0001-76,2025-03-31 03:00:00,2025,TARGET_BPP_2_ITR_T2,Passivo Total,ITRT2,GradientBoosting,40e4b90b8a33,151,raw,15516275.0,16.36660137096208,-185785670.60814846,185785703.3413512,371571373.94949967,True,185785686.97474983,0.1
16.590.234/0001-76,2025-06-30 03:00:00,2025,TARGET_BPP_2_ITR_T2,Passivo Total,ITRT2,GradientBoosting,40e4b90b8a33,151,raw,15193878.0,16.51168729946616,-185785670.46306252,185785703.48643714,371571373.94949967,True,185785686.97474983,0.1
24.990.777/0001-09,2025-03-31 03:00:00,2025,TARGET_BPP_2_ITR_T2,Passivo Total,ITRT2,GradientBoosting,40e4b90b8a33,151,raw,23696093.0,16.66097698120135,-185785670.31377286,185785703.6357268,371571373.94949967,True,185785686.97474983,0.1
24.990.777/0001-09,2025-06-30 03:00:00,2025,TARGET_BPP_2_ITR_T2,Passivo Total,ITRT2,GradientBoosting,40e4b90b8a33,151,raw,24737405.0,16.74616842014333,-185785670.2285814,185785703.72091827,371571373.94949967,True,185785686.97474983,0.1
33.000.167/0001-01,2025-03-31 03:00:00,2025,TARGET_BPP_2_ITR_T2,Passivo Total,ITRT2,GradientBoosting,40e4b90b8a33,151,raw,1212038000.0,20.715896831397085,-185785666.258853,185785707.69064668,371571373.94949967,False,185785686.97474983,0.1
33.000.167/0001-01,2025-06-30 03:00:00,2025,TARGET_BPP_2_ITR_T2,Passivo Total,ITRT2,GradientBoosting,40e4b90b8a33,151,raw,1246068000.0,20.74364141218199,-185785666.23110843,185785707.71839124,371571373.94949967,False,185785686.97474983,0.1
33.042.730/0001-04,2025-03-31 03:00:00,2025,TARGET_BPP_2_ITR_T2,Passivo Total,ITRT2,GradientBoosting,40e4b90b8a33,151,raw,100825592.0,18.402230668255417,-185785668.57251915,185785705.3769805,371571373.94949967,True,185785686.97474983,0.1
33.042.730/0001-04,2025-06-30 03:00:00,2025,TARGET_BPP_2_ITR_T2,Passivo Total,ITRT2,GradientBoosting,40e4b90b8a33,151,raw,99128336.0,18.415880556733473,-185785668.55886927,185785705.3906304,371571373.94949967,True,185785686.97474983,0.1
33.256.439/0001-39,2025-03-31 03:00:00,2025,TARGET_BPP_2_ITR_T2,Passivo Total,ITRT2,GradientBoosting,40e4b90b8a33,151,raw,45564670.0,17.615988593624728,-185785669.35876125,185785704.59073842,371571373.94949967,True,185785686.97474983,0.1
33.256.439/0001-39,2025-06-30 03:00:00,2025,TARGET_BPP_2_ITR_T2,Passivo Total,ITRT2,GradientBoosting,40e4b90b8a33,151,raw,50217114.0,17.67014462297087,-185785669.30460522,185785704.64489445,371571373.94949967,True,185785686.97474983,0.1
33.453.598/0001-23,2025-03-31 03:00:00,2025,TARGET_BPP_2_ITR_T2,Passivo Total,ITRT2,GradientBoosting,40e4b90b8a33,151,raw,132793411.0,18.79665548415723,-185785668.17809436,185785705.7714053,371571373.94949967,True,185785686.97474983,0.1
33.453.598/0001-23,2025-06-30 03:00:00,2025,TARGET_BPP_2_ITR_T2,Passivo Total,ITRT2,GradientBoosting,40e4b90b8a33,151,raw,118686690.0,18.639192443129822,-185785668.3355574,185785705.61394227,371571373.94949967,True,185785686.97474983,0.1
33.592.510/0001-54,2025-03-31 03:00:00,2025,TARGET_BPP_2_ITR_T2,Passivo Total,ITRT2,GradientBoosting,40e4b90b8a33,151,raw,484953000.0,19.919850143476697,-185785667.0548997,185785706.89459997,371571373.94949967,False,185785686.97474983,0.1
33.592.510/0001-54,2025-06-30 03:00:00,2025,TARGET_BPP_2_ITR_T2,Passivo Total,ITRT2,GradientBoosting,40e4b90b8a33,151,raw,457173000.0,19.918142535106686,-185785667.0566073,185785706.89289236,371571373.94949967,False,185785686.97474983,0.1
33.611.500/0001-19,2025-03-31 03:00:00,2025,TARGET_BPP_2_ITR_T2,Passivo Total,ITRT2,GradientBoosting,40e4b90b8a33,151,raw,87255733.0,18.23237542854934,-185785668.7423744,185785705.20712528,371571373.94949967,True,185785686.97474983,0.1
33.611.500/0001-19,2025-06-30 03:00:00,2025,TARGET_BPP_2_ITR_T2,Passivo Total,ITRT2,GradientBoosting,40e4b90b8a33,151,raw,81047539.0,18.22574287461178,-185785668.74900696,185785705.2004927,371571373.94949967,True,185785686.97474983,0.1
34.274.233/0001-02,2025-03-31 03:00:00,2025,TARGET_BPP_2_ITR_T2,Passivo Total,ITRT2,GradientBoosting,40e4b90b8a33,151,raw,60987000.0,17.956569373025395,-185785669.01818046,185785704.9313192,371571373.94949967,True,185785686.97474983,0.1
34.274.233/0001-02,2025-06-30 03:00:00,2025,TARGET_BPP_2_ITR_T2,Passivo Total,ITRT2,GradientBoosting,40e4b90b8a33,151,raw,64225000.0,18.02488164128491,-185785668.9498682,185785704.99963146,371571373.94949967,True,185785686.97474983,0.1
47.960.950/0001-21,2025-03-31 03:00:00,2025,TARGET_BPP_2_ITR_T2,Passivo Total,ITRT2,GradientBoosting,40e4b90b8a33,151,raw,37221991.0,17.384531898016906,-185785669.59021795,185785704.35928172,371571373.94949967,True,185785686.97474983,0.1
47.960.950/0001-21,2025-06-30 03:00:00,2025,TARGET_BPP_2_ITR_T2,Passivo Total,ITRT2,GradientBoosting,40e4b90b8a33,151,raw,36712079.0,17.39302977720822,-185785669.58172005,185785704.3677796,371571373.94949967,True,185785686.97474983,0.1
53.113.791/0001-22,2025-03-31 03:00:00,2025,TARGET_BPP_2_ITR_T2,Passivo Total,ITRT2,GradientBoosting,40e4b90b8a33,151,raw,9219852.0,16.030820464627027,-185785670.94392937,185785703.0055703,371571373.94949967,True,185785686.97474983,0.1
53.113.791/0001-22,2025-06-30 03:00:00,2025,TARGET_BPP_2_ITR_T2,Passivo Total,ITRT2,GradientBoosting,40e4b90b8a33,151,raw,13053566.0,16.112321878077026,-185785670.86242795,185785703.08707172,371571373.94949967,True,185785686.97474983,0.1
61.079.117/0001-05,2025-03-31 03:00:00,2025,TARGET_BPP_2_ITR_T2,Passivo Total,ITRT2,GradientBoosting,40e4b90b8a33,151,raw,6236192.0,15.554756121050316,-185785671.4199937,185785702.52950597,371571373.94949967,True,185785686.97474983,0.1
61.079.117/0001-05,2025-06-30 03:00:00,2025,TARGET_BPP_2_ITR_T2,Passivo Total,ITRT2,GradientBoosting,40e4b90b8a33,151,raw,6287102.0,15.580564294600835,-185785671.39418554,185785702.55531412,371571373.94949967,True,185785686.97474983,0.1
81.243.735/0001-48,2025-03-31 03:00:00,2025,TARGET_BPP_2_ITR_T2,Passivo Total,ITRT2,GradientBoosting,40e4b90b8a33,151,raw,4446008.0,15.295901846829507,-185785671.678848,185785702.27065167,371571373.94949967,True,185785686.97474983,0.1
81.243.735/0001-48,2025-06-30 03:00:00,2025,TARGET_BPP_2_ITR_T2,Passivo Total,ITRT2,GradientBoosting,40e4b90b8a33,151,raw,4384121.0,15.331555331961267,-185785671.6431945,185785702.30630517,371571373.94949967,True,185785686.97474983,0.1
82.901.000/0001-27,2025-03-31 03:00:00,2025,TARGET_BPP_2_ITR_T2,Passivo Total,ITRT2,GradientBoosting,40e4b90b8a33,151,raw,5591369.0,15.51331266928837,-185785671.46143717,185785702.4880625,371571373.94949967,True,185785686.97474983,0.1
82.901.000/0001-27,2025-06-30 03:00:00,2025,TARGET_BPP_2_ITR_T2,Passivo Total,ITRT2,GradientBoosting,40e4b90b8a33,151,raw,5404258.0,15.608861609142151,-185785671.36588824,185785702.58361143,371571373.94949967,True,185785686.97474983,0.1
84.429.695/0001-11,2025-03-31 03:00:00,2025,TARGET_BPP_2_ITR_T2,Passivo Total,ITRT2,GradientBoosting,40e4b90b8a33,151,raw,41494475.0,17.57529858989824,-185785669.39945126,185785704.5500484,371571373.94949967,True,185785686.97474983,0.1
84.429.695/0001-11,2025-06-30 03:00:00,2025,TARGET_BPP_2_ITR_T2,Passivo Total,ITRT2,GradientBoosting,40e4b90b8a33,151,raw,43377646.0,17.594873261150237,-185785669.37987658,185785704.56962308,371571373.94949967,True,185785686.97474983,0.1
89.637.490/0001-45,2025-03-31 03:00:00,2025,TARGET_BPP_2_ITR_T2,Passivo Total,ITRT2,GradientBoosting,40e4b90b8a33,151,raw,62163679.0,17.966469327631824,-185785669.00828052,185785704.94121915,371571373.94949967,True,185785686.97474983,0.1
89.637.490/0001-45,2025-06-30 03:00:00,2025,TARGET_BPP_2_ITR_T2,Passivo Total,ITRT2,GradientBoosting,40e4b90b8a33,151,raw,62090634.0,17.98943046199965,-185785668.98531938,185785704.9641803,371571373.94949967,True,185785686.97474983,0.1
92.754.738/0001-62,2025-03-31 03:00:00,2025,TARGET_BPP_2_ITR_T2,Passivo Total,ITRT2,GradientBoosting,40e4b90b8a33,151,raw,18348667.0,16.700003388991718,-185785670.27474645,185785703.67475322,371571373.94949967,True,185785686.97474983,0.1
92.754.738/0001-62,2025-06-30 03:00:00,2025,TARGET_BPP_2_ITR_T2,Passivo Total,ITRT2,GradientBoosting,40e4b90b8a33,151,raw,18872967.0,16.82727712397841,-185785670.1474727,185785703.80202696,371571373.94949967,True,185785686.97474983,0.1
02.429.144/0001-93,2025-03-31 03:00:00,2025,TARGET_BPP_2_ITR_T3,Passivo Total,ITRT3,GradientBoosting,1c9b533a8401,152,raw,83990552.0,18.278536101733184,-190638137.62221542,190638174.17928764,381276311.80150306,True,190638155.90075153,0.1
02.474.103/0001-19,2025-03-31 03:00:00,2025,TARGET_BPP_2_ITR_T3,Passivo Total,ITRT3,GradientBoosting,1c9b533a8401,152,raw,58695282.0,17.934775055594432,-190638137.96597648,190638173.8355266,381276311.80150306,True,190638155.90075153,0.1
02.998.611/0001-04,2025-03-31 03:00:00,2025,TARGET_BPP_2_ITR_T3,Passivo Total,ITRT3,GradientBoosting,1c9b533a8401,152,raw,47938943.0,17.689440351136152,-190638138.2113112,190638173.59019187,381276311.80150306,True,190638155.90075153,0.1
03.220.438/0001-73,2025-03-31 03:00:00,2025,TARGET_BPP_2_ITR_T3,Passivo Total,ITRT3,GradientBoosting,1c9b533a8401,152,raw,111791967.0,18.709901635476225,-190638137.1908499,190638174.61065316,381276311.80150306,True,190638155.90075153,0.1
07.859.971/0001-30,2025-03-31 03:00:00,2025,TARGET_BPP_2_ITR_T3,Passivo Total,ITRT3,GradientBoosting,1c9b533a8401,152,raw,23268726.0,16.904880401301494,-190638138.99587113,190638172.80563194,381276311.80150306,True,190638155.90075153,0.1
10.629.105/0001-68,2025-03-31 03:00:00,2025,TARGET_BPP_2_ITR_T3,Passivo Total,ITRT3,GradientBoosting,1c9b533a8401,152,raw,63548709.0,17.93529460162847,-190638137.96545693,190638173.83604613,381276311.80150306,True,190638155.90075153,0.1
16.404.287/0001-55,2025-03-31 03:00:00,2025,TARGET_BPP_2_ITR_T3,Passivo Total,ITRT3,GradientBoosting,1c9b533a8401,152,raw,165825010.0,18.87024289676148,-190638137.03050864,190638174.77099442,381276311.80150306,True,190638155.90075153,0.1
16.590.234/0001-76,2025-03-31 03:00:00,2025,TARGET_BPP_2_ITR_T3,Passivo Total,ITRT3,GradientBoosting,1c9b533a8401,152,raw,15193878.0,16.54912807100698,-190638139.35162345,190638172.44987962,381276311.80150306,True,190638155.90075153,0.1
24.990.777/0001-09,2025-03-31 03:00:00,2025,TARGET_BPP_2_ITR_T3,Passivo Total,ITRT3,GradientBoosting,1c9b533a8401,152,raw,24737405.0,16.902602034508302,-190638138.99814948,190638172.80335358,381276311.80150306,True,190638155.90075153,0.1
33.000.167/0001-01,2025-03-31 03:00:00,2025,TARGET_BPP_2_ITR_T3,Passivo Total,ITRT3,GradientBoosting,1c9b533a8401,152,raw,1246068000.0,20.764034014537128,-190638135.13671753,190638176.66478553,381276311.80150306,False,190638155.90075153,0.1
33.042.730/0001-04,2025-03-31 03:00:00,2025,TARGET_BPP_2_ITR_T3,Passivo Total,ITRT3,GradientBoosting,1c9b533a8401,152,raw,99128336.0,18.518122087999423,-190638137.38262945,190638174.4188736,381276311.80150306,True,190638155.90075153,0.1
33.256.439/0001-39,2025-03-31 03:00:00,2025,TARGET_BPP_2_ITR_T3,Passivo Total,ITRT3,GradientBoosting,1c9b533a8401,152,raw,50217114.0,17.696296990461818,-190638138.20445454,190638173.59704852,381276311.80150306,True,190638155.90075153,0.1
33.453.598/0001-23,2025-03-31 03:00:00,2025,TARGET_BPP_2_ITR_T3,Passivo Total,ITRT3,GradientBoosting,1c9b533a8401,152,raw,118686690.0,18.668575843406714,-190638137.23217568,190638174.56932738,381276311.80150306,True,190638155.90075153,0.1
33.592.510/0001-54,2025-03-31 03:00:00,2025,TARGET_BPP_2_ITR_T3,Passivo Total,ITRT3,GradientBoosting,1c9b533a8401,152,raw,457173000.0,19.934948645311334,-190638135.96580288,190638175.83570018,381276311.80150306,False,190638155.90075153,0.1
33.611.500/0001-19,2025-03-31 03:00:00,2025,TARGET_BPP_2_ITR_T3,Passivo Total,ITRT3,GradientBoosting,1c9b533a8401,152,raw,81047539.0,18.28072155183195,-190638137.62003,190638174.18147308,381276311.80150306,True,190638155.90075153,0.1
34.274.233/0001-02,2025-03-31 03:00:00,2025,TARGET_BPP_2_ITR_T3,Passivo Total,ITRT3,GradientBoosting,1c9b533a8401,152,raw,64225000.0,18.01675279697827,-190638137.88399872,190638173.91750434,381276311.80150306,True,190638155.90075153,0.1
47.960.950/0001-21,2025-03-31 03:00:00,2025,TARGET_BPP_2_ITR_T3,Passivo Total,ITRT3,GradientBoosting,1c9b533a8401,152,raw,36712079.0,17.452034468341875,-190638138.44871706,190638173.352786,381276311.80150306,True,190638155.90075153,0.1
53.113.791/0001-22,2025-03-31 03:00:00,2025,TARGET_BPP_2_ITR_T3,Passivo Total,ITRT3,GradientBoosting,1c9b533a8401,152,raw,13053566.0,16.13109732471324,-190638139.7696542,190638172.03184885,381276311.80150306,True,190638155.90075153,0.1
61.079.117/0001-05,2025-03-31 03:00:00,2025,TARGET_BPP_2_ITR_T3,Passivo Total,ITRT3,GradientBoosting,1c9b533a8401,152,raw,6287102.0,15.785520964290972,-190638140.11523056,190638171.6862725,381276311.80150306,True,190638155.90075153,0.1
81.243.735/0001-48,2025-03-31 03:00:00,2025,TARGET_BPP_2_ITR_T3,Passivo Total,ITRT3,GradientBoosting,1c9b533a8401,152,raw,4384121.0,15.352759939893696,-190638140.5479916,190638171.25351146,381276311.80150306,True,190638155.90075153,0.1
82.901.000/0001-27,2025-03-31 03:00:00,2025,TARGET_BPP_2_ITR_T3,Passivo Total,ITRT3,GradientBoosting,1c9b533a8401,152,raw,5404258.0,15.594137795021162,-190638140.30661374,190638171.49488932,381276311.80150306,True,190638155.90075153,0.1
84.429.695/0001-11,2025-03-31 03:00:00,2025,TARGET_BPP_2_ITR_T3,Passivo Total,ITRT3,GradientBoosting,1c9b533a8401,152,raw,43377646.0,17.59610055530299,-190638138.30465096,190638173.4968521,381276311.80150306,True,190638155.90075153,0.1
89.637.490/0001-45,2025-03-31 03:00:00,2025,TARGET_BPP_2_ITR_T3,Passivo Total,ITRT3,GradientBoosting,1c9b533a8401,152,raw,62090634.0,17.99926571415332,-190638137.90148583,190638173.90001723,381276311.80150306,True,190638155.90075153,0.1
92.754.738/0001-62,2025-03-31 03:00:00,2025,TARGET_BPP_2_ITR_T3,Passivo Total,ITRT3,GradientBoosting,1c9b533a8401,152,raw,18872967.0,16.799547452368337,-190638139.10120407,190638172.700299,381276311.80150306,True,190638155.90075153,0.1
02.429.144/0001-93,2025-03-31 03:00:00,2025,TARGET_BPP_2_DFP,Passivo Total,DFP,GradientBoosting,f708a2164507,150,raw,81099930.0,18.25449901781417,-193615355.11220896,193615391.621207,387230746.73341596,True,193615373.36670798,0.1
02.429.144/0001-93,2025-06-30 03:00:00,2025,TARGET_BPP_2_DFP,Passivo Total,DFP,GradientBoosting,f708a2164507,150,raw,81099930.0,18.29361335958395,-193615355.0730946,193615391.66032135,387230746.73341596,True,193615373.36670798,0.1
02.429.144/0001-93,2025-09-30 03:00:00,2025,TARGET_BPP_2_DFP,Passivo Total,DFP,GradientBoosting,f708a2164507,150,raw,81099930.0,16.940829728111545,-193615356.42587826,193615390.3075377,387230746.73341596,True,193615373.36670798,0.1
02.474.103/0001-19,2025-03-31 03:00:00,2025,TARGET_BPP_2_DFP,Passivo Total,DFP,GradientBoosting,f708a2164507,150,raw,55312909.0,17.812815604626916,-193615355.55389237,193615391.1795236,387230746.73341596,True,193615373.36670798,0.1
02.474.103/0001-19,2025-06-30 03:00:00,2025,TARGET_BPP_2_DFP,Passivo Total,DFP,GradientBoosting,f708a2164507,150,raw,55312909.0,17.828769571038297,-193615355.53793842,193615391.19547755,387230746.73341596,True,193615373.36670798,0.1
02.474.103/0001-19,2025-09-30 03:00:00,2025,TARGET_BPP_2_DFP,Passivo Total,DFP,GradientBoosting,f708a2164507,150,raw,55312909.0,16.83511171809411,-193615356.53159627,193615390.2018197,387230746.73341596,True,193615373.36670798,0.1
02.998.611/0001-04,2025-03-31 03:00:00,2025,TARGET_BPP_2_DFP,Passivo Total,DFP,GradientBoosting,f708a2164507,150,raw,47201372.0,17.641536950932075,-193615355.72517103,193615391.00824493,387230746.73341596,True,193615373.36670798,0.1
02.998.611/0001-04,2025-06-30 03:00:00,2025,TARGET_BPP_2_DFP,Passivo Total,DFP,GradientBoosting,f708a2164507,150,raw,47201372.0,17.62915047909646,-193615355.7375575,193615390.99585846,387230746.73341596,True,193615373.36670798,0.1
02.998.611/0001-04,2025-09-30 03:00:00,2025,TARGET_BPP_2_DFP,Passivo Total,DFP,GradientBoosting,f708a2164507,150,raw,47201372.0,16.752065448862957,-193615356.61464253,193615390.11877343,387230746.73341596,True,193615373.36670798,0.1
03.220.438/0001-73,2025-03-31 03:00:00,2025,TARGET_BPP_2_DFP,Passivo Total,DFP,GradientBoosting,f708a2164507,150,raw,109603944.0,18.706838478297367,-193615354.6598695,193615392.07354647,387230746.73341596,True,193615373.36670798,0.1
03.220.438/0001-73,2025-06-30 03:00:00,2025,TARGET_BPP_2_DFP,Passivo Total,DFP,GradientBoosting,f708a2164507,150,raw,109603944.0,18.595242036801732,-193615354.77146596,193615391.96195,387230746.73341596,True,193615373.36670798,0.1
03.220.438/0001-73,2025-09-30 03:00:00,2025,TARGET_BPP_2_DFP,Passivo Total,DFP,GradientBoosting,f708a2164507,150,raw,109603944.0,16.98634145823727,-193615356.38036653,193615390.35304943,387230746.73341596,True,193615373.36670798,0.1
07.859.971/0001-30,2025-03-31 03:00:00,2025,TARGET_BPP_2_DFP,Passivo Total,DFP,GradientBoosting,f708a2164507,150,raw,22506506.0,16.855993420572535,-193615356.51071456,193615390.2227014,387230746.73341596,True,193615373.36670798,0.1
07.859.971/0001-30,2025-06-30 03:00:00,2025,TARGET_BPP_2_DFP,Passivo Total,DFP,GradientBoosting,f708a2164507,150,raw,22506506.0,16.783547895061815,-193615356.58316007,193615390.1502559,387230746.73341596,True,193615373.36670798,0.1
07.859.971/0001-30,2025-09-30 03:00:00,2025,TARGET_BPP_2_DFP,Passivo Total,DFP,GradientBoosting,f708a2164507,150,raw,22506506.0,16.691774138877555,-193615356.67493385,193615390.0584821,387230746.73341596,True,193615373.36670798,0.1
10.629.105/0001-68,2025-03-31 03:00:00,2025,TARGET_BPP_2_DFP,Passivo Total,DFP,GradientBoosting,f708a2164507,150,raw,64179605.0,17.931181459248485,-193615355.43552652,193615391.29788944,387230746.73341596,True,193615373.36670798,0.1
10.629.105/0001-68,2025-06-30 03:00:00,2025,TARGET_BPP_2_DFP,Passivo Total,DFP,GradientBoosting,f708a2164507,150,raw,64179605.0,17.987537290119928,-193615355.3791707,193615391.35424528,387230746.73341596,True,193615373.36670798,0.1
10.629.105/0001-68,2025-09-30 03:00:00,2025,TARGET_BPP_2_DFP,Passivo Total,DFP,GradientBoosting,f708a2164507,150,raw,64179605.0,16.87392153594893,-193615356.49278644,193615390.24062952,387230746.73341596,True,193615373.36670798,0.1
16.404.287/0001-55,2025-03-31 03:00:00,2025,TARGET_BPP_2_DFP,Passivo Total,DFP,GradientBoosting,f708a2164507,150,raw,167935519.0,18.911318403608163,-193615354.4553896,193615392.27802637,387230746.73341596,True,193615373.36670798,0.1
16.404.287/0001-55,2025-06-30 03:00:00,2025,TARGET_BPP_2_DFP,Passivo Total,DFP,GradientBoosting,f708a2164507,150,raw,167935519.0,18.899998098505534,-193615354.46670988,193615392.26670608,387230746.73341596,True,193615373.36670798,0.1
16.404.287/0001-55,2025-09-30 03:00:00,2025,TARGET_BPP_2_DFP,Passivo Total,DFP,GradientBoosting,f708a2164507,150,raw,167935519.0,16.972874763816712,-193615356.39383322,193615390.33958274,387230746.73341596,True,193615373.36670798,0.1
16.590.234/0001-76,2025-03-31 03:00:00,2025,TARGET_BPP_2_DFP,Passivo Total,DFP,GradientBoosting,f708a2164507,150,raw,15448601.0,16.519256610168473,-193615356.84745136,193615389.8859646,387230746.73341596,True,193615373.36670798,0.1
16.590.234/0001-76,2025-06-30 03:00:00,2025,TARGET_BPP_2_DFP,Passivo Total,DFP,GradientBoosting,f708a2164507,150,raw,15448601.0,16.475204414867715,-193615356.89150357,193615389.8419124,387230746.73341596,True,193615373.36670798,0.1
16.590.234/0001-76,2025-09-30 03:00:00,2025,TARGET_BPP_2_DFP,Passivo Total,DFP,GradientBoosting,f708a2164507,150,raw,15448601.0,16.578878229666476,-193615356.78782976,193615389.9455862,387230746.73341596,True,193615373.36670798,0.1
24.990.777/0001-09,2025-03-31 03:00:00,2025,TARGET_BPP_2_DFP,Passivo Total,DFP,GradientBoosting,f708a2164507,150,raw,24352014.0,16.94450092774488,-193615356.42220706,193615390.3112089,387230746.73341596,True,193615373.36670798,0.1
24.990.777/0001-09,2025-06-30 03:00:00,2025,TARGET_BPP_2_DFP,Passivo Total,DFP,GradientBoosting,f708a2164507,150,raw,24352014.0,16.824828051763667,-193615356.54187992,193615390.19153604,387230746.73341596,True,193615373.36670798,0.1
24.990.777/0001-09,2025-09-30 03:00:00,2025,TARGET_BPP_2_DFP,Passivo Total,DFP,GradientBoosting,f708a2164507,150,raw,24352014.0,16.824398807405508,-193615356.54230917,193615390.1911068,387230746.73341596,True,193615373.36670798,0.1
33.000.167/0001-01,2025-03-31 03:00:00,2025,TARGET_BPP_2_DFP,Passivo Total,DFP,GradientBoosting,f708a2164507,150,raw,1223389000.0,20.70068267027298,-193615352.6660253,193615394.06739065,387230746.73341596,False,193615373.36670798,0.1
33.000.167/0001-01,2025-06-30 03:00:00,2025,TARGET_BPP_2_DFP,Passivo Total,DFP,GradientBoosting,f708a2164507,150,raw,1223389000.0,20.673664568384357,-193615352.6930434,193615394.04037255,387230746.73341596,False,193615373.36670798,0.1
33.000.167/0001-01,2025-09-30 03:00:00,2025,TARGET_BPP_2_DFP,Passivo Total,DFP,GradientBoosting,f708a2164507,150,raw,1223389000.0,19.64691228342012,-193615353.7197957,193615393.01362026,387230746.73341596,False,193615373.36670798,0.1
33.042.730/0001-04,2025-03-31 03:00:00,2025,TARGET_BPP_2_DFP,Passivo Total,DFP,GradientBoosting,f708a2164507,150,raw,100575369.0,18.479781143275982,-193615354.88692683,193615391.84648913,387230746.73341596,True,193615373.36670798,0.1
33.042.730/0001-04,2025-06-30 03:00:00,2025,TARGET_BPP_2_DFP,Passivo Total,DFP,GradientBoosting,f708a2164507,150,raw,100575369.0,18.300528857053703,-193615355.06617913,193615391.66723683,387230746.73341596,True,193615373.36670798,0.1
33.042.730/0001-04,2025-09-30 03:00:00,2025,TARGET_BPP_2_DFP,Passivo Total,DFP,GradientBoosting,f708a2164507,150,raw,100575369.0,16.799616581206195,-193615356.5670914,193615390.16632456,387230746.73341596,True,193615373.36670798,0.1
33.256.439/0001-39,2025-03-31 03:00:00,2025,TARGET_BPP_2_DFP,Passivo Total,DFP,GradientBoosting,f708a2164507,150,raw,49348994.0,17.659842951069024,-193615355.70686504,193615391.02655092,387230746.73341596,True,193615373.36670798,0.1
33.256.439/0001-39,2025-06-30 03:00:00,2025,TARGET_BPP_2_DFP,Passivo Total,DFP,GradientBoosting,f708a2164507,150,raw,49348994.0,17.67539476633663,-193615355.6913132,193615391.04210275,387230746.73341596,True,193615373.36670798,0.1
33.256.439/0001-39,2025-09-30 03:00:00,2025,TARGET_BPP_2_DFP,Passivo Total,DFP,GradientBoosting,f708a2164507,150,raw,49348994.0,16.864599298029653,-193615356.5021087,193615390.23130727,387230746.73341596,True,193615373.36670798,0.1
33.592.510/0001-54,2025-03-31 03:00:00,2025,TARGET_BPP_2_DFP,Passivo Total,DFP,GradientBoosting,f708a2164507,150,raw,476094000.0,19.89436050166863,-193615353.47234747,193615393.2610685,387230746.73341596,False,193615373.36670798,0.1
33.592.510/0001-54,2025-06-30 03:00:00,2025,TARGET_BPP_2_DFP,Passivo Total,DFP,GradientBoosting,f708a2164507,150,raw,476094000.0,19.84003088763892,-193615353.5266771,193615393.20673886,387230746.73341596,False,193615373.36670798,0.1
33.592.510/0001-54,2025-09-30 03:00:00,2025,TARGET_BPP_2_DFP,Passivo Total,DFP,GradientBoosting,f708a2164507,150,raw,476094000.0,17.105519294552185,-193615356.2611887,193615390.47222728,387230746.73341596,False,193615373.36670798,0.1
33.611.500/0001-19,2025-03-31 03:00:00,2025,TARGET_BPP_2_DFP,Passivo Total,DFP,GradientBoosting,f708a2164507,150,raw,81688175.0,18.254849551865036,-193615355.11185843,193615391.62155753,387230746.73341596,True,193615373.36670798,0.1
33.611.500/0001-19,2025-06-30 03:00:00,2025,TARGET_BPP_2_DFP,Passivo Total,DFP,GradientBoosting,f708a2164507,150,raw,81688175.0,18.158995852278544,-193615355.2077121,193615391.52570385,387230746.73341596,True,193615373.36670798,0.1
33.611.500/0001-19,2025-09-30 03:00:00,2025,TARGET_BPP_2_DFP,Passivo Total,DFP,GradientBoosting,f708a2164507,150,raw,81688175.0,16.927418297896885,-193615356.4392897,193615390.29412627,387230746.73341596,True,193615373.36670798,0.1
34.274.233/0001-02,2025-03-31 03:00:00,2025,TARGET_BPP_2_DFP,Passivo Total,DFP,GradientBoosting,f708a2164507,150,raw,60963000.0,18.00665322557075,-193615355.36005476,193615391.3733612,387230746.73341596,True,193615373.36670798,0.1
34.274.233/0001-02,2025-06-30 03:00:00,2025,TARGET_BPP_2_DFP,Passivo Total,DFP,GradientBoosting,f708a2164507,150,raw,60963000.0,17.778486738213108,-193615355.58822125,193615391.1451947,387230746.73341596,True,193615373.36670798,0.1
34.274.233/0001-02,2025-09-30 03:00:00,2025,TARGET_BPP_2_DFP,Passivo Total,DFP,GradientBoosting,f708a2164507,150,raw,60963000.0,16.91296537852548,-193615356.4537426,193615390.27967337,387230746.73341596,True,193615373.36670798,0.1
47.960.950/0001-21,2025-03-31 03:00:00,2025,TARGET_BPP_2_DFP,Passivo Total,DFP,GradientBoosting,f708a2164507,150,raw,37911158.0,17.463987831049064,-193615355.90272015,193615390.8306958,387230746.73341596,True,193615373.36670798,0.1
47.960.950/0001-21,2025-06-30 03:00:00,2025,TARGET_BPP_2_DFP,Passivo Total,DFP,GradientBoosting,f708a2164507,150,raw,37911158.0,17.44061578191466,-193615355.9260922,193615390.80732375,387230746.73341596,True,193615373.36670798,0.1
47.960.950/0001-21,2025-09-30 03:00:00,2025,TARGET_BPP_2_DFP,Passivo Total,DFP,GradientBoosting,f708a2164507,150,raw,37911158.0,16.78858284489494,-193615356.57812515,193615390.1552908,387230746.73341596,True,193615373.36670798,0.1
53.113.791/0001-22,2025-03-31 03:00:00,2025,TARGET_BPP_2_DFP,Passivo Total,DFP,GradientBoosting,f708a2164507,150,raw,9452171.0,16.024721010664788,-193615357.34198698,193615389.39142898,387230746.73341596,True,193615373.36670798,0.1
53.113.791/0001-22,2025-06-30 03:00:00,2025,TARGET_BPP_2_DFP,Passivo Total,DFP,GradientBoosting,f708a2164507,150,raw,9452171.0,16.34559935941401,-193615357.02110863,193615389.71230733,387230746.73341596,True,193615373.36670798,0.1
53.113.791/0001-22,2025-09-30 03:00:00,2025,TARGET_BPP_2_DFP,Passivo Total,DFP,GradientBoosting,f708a2164507,150,raw,9452171.0,16.44810944315459,-193615356.91859853,193615389.81481743,387230746.73341596,True,193615373.36670798,0.1
61.079.117/0001-05,2025-03-31 03:00:00,2025,TARGET_BPP_2_DFP,Passivo Total,DFP,GradientBoosting,f708a2164507,150,raw,6096758.0,15.669186616373315,-193615357.69752136,193615389.0358946,387230746.73341596,True,193615373.36670798,0.1
61.079.117/0001-05,2025-06-30 03:00:00,2025,TARGET_BPP_2_DFP,Passivo Total,DFP,GradientBoosting,f708a2164507,150,raw,6096758.0,15.60235547997095,-193615357.7643525,193615388.96906346,387230746.73341596,True,193615373.36670798,0.1
61.079.117/0001-05,2025-09-30 03:00:00,2025,TARGET_BPP_2_DFP,Passivo Total,DFP,GradientBoosting,f708a2164507,150,raw,6096758.0,16.212837129832096,-193615357.15387085,193615389.5795451,387230746.73341596,True,193615373.36670798,0.1
81.243.735/0001-48,2025-03-31 03:00:00,2025,TARGET_BPP_2_DFP,Passivo Total,DFP,GradientBoosting,f708a2164507,150,raw,4473551.0,15.348582146129031,-193615358.01812583,193615388.71529013,387230746.73341596,True,193615373.36670798,0.1
81.243.735/0001-48,2025-06-30 03:00:00,2025,TARGET_BPP_2_DFP,Passivo Total,DFP,GradientBoosting,f708a2164507,150,raw,4473551.0,15.229938876498785,-193615358.13676912,193615388.59664685,387230746.73341596,True,193615373.36670798,0.1
81.243.735/0001-48,2025-09-30 03:00:00,2025,TARGET_BPP_2_DFP,Passivo Total,DFP,GradientBoosting,f708a2164507,150,raw,4473551.0,15.997066958424087,-193615357.36964104,193615389.36377493,387230746.73341596,True,193615373.36670798,0.1
82.901.000/0001-27,2025-03-31 03:00:00,2025,TARGET_BPP_2_DFP,Passivo Total,DFP,GradientBoosting,f708a2164507,150,raw,5325682.0,15.502886581727461,-193615357.8638214,193615388.86959457,387230746.73341596,True,193615373.36670798,0.1
82.901.000/0001-27,2025-06-30 03:00:00,2025,TARGET_BPP_2_DFP,Passivo Total,DFP,GradientBoosting,f708a2164507,150,raw,5325682.0,15.464351407599889,-193615357.90235656,193615388.8310594,387230746.73341596,True,193615373.36670798,0.1
82.901.000/0001-27,2025-09-30 03:00:00,2025,TARGET_BPP_2_DFP,Passivo Total,DFP,GradientBoosting,f708a2164507,150,raw,5325682.0,16.252235735264588,-193615357.11447224,193615389.61894372,387230746.73341596,True,193615373.36670798,0.1
84.429.695/0001-11,2025-03-31 03:00:00,2025,TARGET_BPP_2_DFP,Passivo Total,DFP,GradientBoosting,f708a2164507,150,raw,42645030.0,17.804456336334063,-193615355.56225166,193615391.1711643,387230746.73341596,True,193615373.36670798,0.1
84.429.695/0001-11,2025-06-30 03:00:00,2025,TARGET_BPP_2_DFP,Passivo Total,DFP,GradientBoosting,f708a2164507,150,raw,42645030.0,17.792762362527718,-193615355.5739456,193615391.15947035,387230746.73341596,True,193615373.36670798,0.1
84.429.695/0001-11,2025-09-30 03:00:00,2025,TARGET_BPP_2_DFP,Passivo Total,DFP,GradientBoosting,f708a2164507,150,raw,42645030.0,18.182292816013263,-193615355.18441516,193615391.5490008,387230746.73341596,True,193615373.36670798,0.1
89.637.490/0001-45,2025-03-31 03:00:00,2025,TARGET_BPP_2_DFP,Passivo Total,DFP,GradientBoosting,f708a2164507,150,raw,63796777.0,17.972149184353786,-193615355.3945588,193615391.33885717,387230746.73341596,True,193615373.36670798,0.1
89.637.490/0001-45,2025-06-30 03:00:00,2025,TARGET_BPP_2_DFP,Passivo Total,DFP,GradientBoosting,f708a2164507,150,raw,63796777.0,17.92258063729002,-193615355.44412735,193615391.2892886,387230746.73341596,True,193615373.36670798,0.1
89.637.490/0001-45,2025-09-30 03:00:00,2025,TARGET_BPP_2_DFP,Passivo Total,DFP,GradientBoosting,f708a2164507,150,raw,63796777.0,16.939627985046787,-193615356.42708,193615390.30633596,387230746.73341596,True,193615373.36670798,0.1
92.754.738/0001-62,2025-03-31 03:00:00,2025,TARGET_BPP_2_DFP,Passivo Total,DFP,GradientBoosting,f708a2164507,150,raw,19626027.0,16.77187429947321,-193615356.59483367,193615390.1385823,387230746.73341596,True,193615373.36670798,0.1
92.754.738/0001-62,2025-06-30 03:00:00,2025,TARGET_BPP_2_DFP,Passivo Total,DFP,GradientBoosting,f708a2164507,150,raw,19626027.0,16.71308223164384,-193615356.65362576,193615390.0797902,387230746.73341596,True,193615373.36670798,0.1
92.754.738/0001-62,2025-09-30 03:00:00,2025,TARGET_BPP_2_DFP,Passivo Total,DFP,GradientBoosting,f708a2164507,150,raw,19626027.0,16.756324778142723,-193615356.6103832,193615390.12303275,387230746.73341596,True,193615373.36670798,0.1
02.429.144/0001-93,2025-03-31 03:00:00,2025,TARGET_DFC_MI_6.01_ITR_T1,FCO,ITRT1,GradientBoosting,c9e92c85e7ba,153,raw,3987643.0,16.363153591228357,-9746504.213698184,9746536.940005368,19493041.15370355,True,9746520.576851776,0.1
02.429.144/0001-93,2025-06-30 03:00:00,2025,TARGET_DFC_MI_6.01_ITR_T1,FCO,ITRT1,GradientBoosting,c9e92c85e7ba,153,raw,5908304.0,16.398074949608898,-9746504.178776827,9746536.974926725,19493041.15370355,True,9746520.576851776,0.1
02.429.144/0001-93,2025-09-30 03:00:00,2025,TARGET_DFC_MI_6.01_ITR_T1,FCO,ITRT1,GradientBoosting,c9e92c85e7ba,153,raw,1528281.0,13.457296407463133,-9746507.119555369,9746534.034148183,19493041.15370355,True,9746520.576851776,0.1
02.429.144/0001-93,2025-12-31 03:00:00,2025,TARGET_DFC_MI_6.01_ITR_T1,FCO,ITRT1,GradientBoosting,c9e92c85e7ba,153,raw,1528281.0,14.842218406318402,-9746505.73463337,9746535.419070182,19493041.15370355,True,9746520.576851776,0.1
02.474.103/0001-19,2025-03-31 03:00:00,2025,TARGET_DFC_MI_6.01_ITR_T1,FCO,ITRT1,GradientBoosting,c9e92c85e7ba,153,raw,1630188.0,15.839348579116818,-9746504.737503197,9746536.416200355,19493041.15370355,True,9746520.576851776,0.1
02.474.103/0001-19,2025-06-30 03:00:00,2025,TARGET_DFC_MI_6.01_ITR_T1,FCO,ITRT1,GradientBoosting,c9e92c85e7ba,153,raw,2300143.0,16.21171766445079,-9746504.36513411,9746536.788569441,19493041.15370355,True,9746520.576851776,0.1
02.474.103/0001-19,2025-09-30 03:00:00,2025,TARGET_DFC_MI_6.01_ITR_T1,FCO,ITRT1,GradientBoosting,c9e92c85e7ba,153,raw,1274014.0,14.454029347791261,-9746506.122822428,9746535.030881124,19493041.15370355,True,9746520.576851776,0.1
02.474.103/0001-19,2025-12-31 03:00:00,2025,TARGET_DFC_MI_6.01_ITR_T1,FCO,ITRT1,GradientBoosting,c9e92c85e7ba,153,raw,1274014.0,14.856033618211965,-9746505.720818158,9746535.432885394,19493041.15370355,True,9746520.576851776,0.1
02.998.611/0001-04,2025-03-31 03:00:00,2025,TARGET_DFC_MI_6.01_ITR_T1,FCO,ITRT1,GradientBoosting,c9e92c85e7ba,153,raw,-467957.0,6.5390333404516445,-9746514.037818436,9746527.115885116,19493041.15370355,True,9746520.576851776,0.1
02.998.611/0001-04,2025-06-30 03:00:00,2025,TARGET_DFC_MI_6.01_ITR_T1,FCO,ITRT1,GradientBoosting,c9e92c85e7ba,153,raw,-617113.0,7.542100423689711,-9746513.034751352,9746528.1189522,19493041.15370355,True,9746520.576851776,0.1
02.998.611/0001-04,2025-09-30 03:00:00,2025,TARGET_DFC_MI_6.01_ITR_T1,FCO,ITRT1,GradientBoosting,c9e92c85e7ba,153,raw,-366923.0,7.222116659317136,-9746513.354735117,9746527.798968434,19493041.15370355,True,9746520.576851776,0.1
02.998.611/0001-04,2025-12-31 03:00:00,2025,TARGET_DFC_MI_6.01_ITR_T1,FCO,ITRT1,GradientBoosting,c9e92c85e7ba,153,raw,-366923.0,-4.277195985843597,-9746524.854047762,9746516.29965579,19493041.15370355,True,9746520.576851776,0.1
03.220.438/0001-73,2025-03-31 03:00:00,2025,TARGET_DFC_MI_6.01_ITR_T1,FCO,ITRT1,GradientBoosting,c9e92c85e7ba,153,raw,1719559.0,15.289115439434047,-9746505.287736336,9746535.865967216,19493041.15370355,True,9746520.576851776,0.1
03.220.438/0001-73,2025-06-30 03:00:00,2025,TARGET_DFC_MI_6.01_ITR_T1,FCO,ITRT1,GradientBoosting,c9e92c85e7ba,153,raw,2733371.0,13.626344637429742,-9746506.950507138,9746534.203196414,19493041.15370355,True,9746520.576851776,0.1
03.220.438/0001-73,2025-09-30 03:00:00,2025,TARGET_DFC_MI_6.01_ITR_T1,FCO,ITRT1,GradientBoosting,c9e92c85e7ba,153,raw,683772.0,11.363917672407158,-9746509.212934103,9746531.940769449,19493041.15370355,True,9746520.576851776,0.1
03.220.438/0001-73,2025-12-31 03:00:00,2025,TARGET_DFC_MI_6.01_ITR_T1,FCO,ITRT1,GradientBoosting,c9e92c85e7ba,153,raw,683772.0,12.34574412066358,-9746508.231107656,9746532.922595896,19493041.15370355,True,9746520.576851776,0.1
07.859.971/0001-30,2025-03-31 03:00:00,2025,TARGET_DFC_MI_6.01_ITR_T1,FCO,ITRT1,GradientBoosting,c9e92c85e7ba,153,raw,628100.0,14.16756646939263,-9746506.409285307,9746534.744418245,19493041.15370355,True,9746520.576851776,0.1
07.859.971/0001-30,2025-06-30 03:00:00,2025,TARGET_DFC_MI_6.01_ITR_T1,FCO,ITRT1,GradientBoosting,c9e92c85e7ba,153,raw,1285976.0,14.199124872999688,-9746506.377726903,9746534.775976649,19493041.15370355,True,9746520.576851776,0.1
07.859.971/0001-30,2025-09-30 03:00:00,2025,TARGET_DFC_MI_6.01_ITR_T1,FCO,ITRT1,GradientBoosting,c9e92c85e7ba,153,raw,264559.0,12.758274540370385,-9746507.818577236,9746533.335126316,19493041.15370355,True,9746520.576851776,0.1
07.859.971/0001-30,2025-12-31 03:00:00,2025,TARGET_DFC_MI_6.01_ITR_T1,FCO,ITRT1,GradientBoosting,c9e92c85e7ba,153,raw,264559.0,12.221805889505626,-9746508.355045887,9746532.798657665,19493041.15370355,True,9746520.576851776,0.1
10.629.105/0001-68,2025-03-31 03:00:00,2025,TARGET_DFC_MI_6.01_ITR_T1,FCO,ITRT1,GradientBoosting,c9e92c85e7ba,153,raw,3618494.0,12.797444685121459,-9746507.779407091,9746533.37429646,19493041.15370355,True,9746520.576851776,0.1
10.629.105/0001-68,2025-06-30 03:00:00,2025,TARGET_DFC_MI_6.01_ITR_T1,FCO,ITRT1,GradientBoosting,c9e92c85e7ba,153,raw,5149508.0,15.57520679032624,-9746505.001644986,9746536.152058566,19493041.15370355,True,9746520.576851776,0.1
10.629.105/0001-68,2025-09-30 03:00:00,2025,TARGET_DFC_MI_6.01_ITR_T1,FCO,ITRT1,GradientBoosting,c9e92c85e7ba,153,raw,1992247.0,12.972143493054437,-9746507.604708282,9746533.54899527,19493041.15370355,True,9746520.576851776,0.1
10.629.105/0001-68,2025-12-31 03:00:00,2025,TARGET_DFC_MI_6.01_ITR_T1,FCO,ITRT1,GradientBoosting,c9e92c85e7ba,153,raw,1992247.0,14.2253221808204,-9746506.351529595,9746534.802173957,19493041.15370355,True,9746520.576851776,0.1
16.404.287/0001-55,2025-03-31 03:00:00,2025,TARGET_DFC_MI_6.01_ITR_T1,FCO,ITRT1,GradientBoosting,c9e92c85e7ba,153,raw,8758265.0,16.620997210838702,-9746503.955854565,9746537.197848987,19493041.15370355,True,9746520.576851776,0.1
16.404.287/0001-55,2025-06-30 03:00:00,2025,TARGET_DFC_MI_6.01_ITR_T1,FCO,ITRT1,GradientBoosting,c9e92c85e7ba,153,raw,12792522.0,17.806434909247123,-9746502.770416867,9746538.383286685,19493041.15370355,False,9746520.576851776,0.1
16.404.287/0001-55,2025-09-30 03:00:00,2025,TARGET_DFC_MI_6.01_ITR_T1,FCO,ITRT1,GradientBoosting,c9e92c85e7ba,153,raw,2900767.0,15.548018640768348,-9746505.028833136,9746536.124870416,19493041.15370355,True,9746520.576851776,0.1
16.404.287/0001-55,2025-12-31 03:00:00,2025,TARGET_DFC_MI_6.01_ITR_T1,FCO,ITRT1,GradientBoosting,c9e92c85e7ba,153,raw,2900767.0,16.376199934451456,-9746504.200651841,9746536.95305171,19493041.15370355,True,9746520.576851776,0.1
16.590.234/0001-76,2025-03-31 03:00:00,2025,TARGET_DFC_MI_6.01_ITR_T1,FCO,ITRT1,GradientBoosting,c9e92c85e7ba,153,raw,-16899.0,9.092553470078485,-9746511.484298306,9746529.669405246,19493041.15370355,True,9746520.576851776,0.1
16.590.234/0001-76,2025-06-30 03:00:00,2025,TARGET_DFC_MI_6.01_ITR_T1,FCO,ITRT1,GradientBoosting,c9e92c85e7ba,153,raw,125136.0,5.520545518938191,-9746515.056306258,9746526.097397294,19493041.15370355,True,9746520.576851776,0.1
16.590.234/0001-76,2025-09-30 03:00:00,2025,TARGET_DFC_MI_6.01_ITR_T1,FCO,ITRT1,GradientBoosting,c9e92c85e7ba,153,raw,-11303.0,1.9444446891121387,-9746518.632407086,9746522.521296466,19493041.15370355,True,9746520.576851776,0.1
16.590.234/0001-76,2025-12-31 03:00:00,2025,TARGET_DFC_MI_6.01_ITR_T1,FCO,ITRT1,GradientBoosting,c9e92c85e7ba,153,raw,-11303.0,-4.60824678690876,-9746525.185098562,9746515.96860499,19493041.15370355,True,9746520.576851776,0.1
24.990.777/0001-09,2025-03-31 03:00:00,2025,TARGET_DFC_MI_6.01_ITR_T1,FCO,ITRT1,GradientBoosting,c9e92c85e7ba,153,raw,577489.0,11.33213033286928,-9746509.244721442,9746531.90898211,19493041.15370355,True,9746520.576851776,0.1
24.990.777/0001-09,2025-06-30 03:00:00,2025,TARGET_DFC_MI_6.01_ITR_T1,FCO,ITRT1,GradientBoosting,c9e92c85e7ba,153,raw,829956.0,11.192345564111287,-9746509.384506213,9746531.76919734,19493041.15370355,True,9746520.576851776,0.1
24.990.777/0001-09,2025-09-30 03:00:00,2025,TARGET_DFC_MI_6.01_ITR_T1,FCO,ITRT1,GradientBoosting,c9e92c85e7ba,153,raw,669544.0,5.654817054921097,-9746514.922034722,9746526.23166883,19493041.15370355,True,9746520.576851776,0.1
24.990.777/0001-09,2025-12-31 03:00:00,2025,TARGET_DFC_MI_6.01_ITR_T1,FCO,ITRT1,GradientBoosting,c9e92c85e7ba,153,raw,669544.0,12.46825492400696,-9746508.108596852,9746533.0451067,19493041.15370355,True,9746520.576851776,0.1
33.000.167/0001-01,2025-03-31 03:00:00,2025,TARGET_DFC_MI_6.01_ITR_T1,FCO,ITRT1,GradientBoosting,c9e92c85e7ba,153,raw,91762000.0,18.270758609553226,-9746502.306093166,9746538.847610386,19493041.15370355,False,9746520.576851776,0.1
33.000.167/0001-01,2025-06-30 03:00:00,2025,TARGET_DFC_MI_6.01_ITR_T1,FCO,ITRT1,GradientBoosting,c9e92c85e7ba,153,raw,145417000.0,18.318338388927383,-9746502.258513387,9746538.895190164,19493041.15370355,False,9746520.576851776,0.1
33.000.167/0001-01,2025-09-30 03:00:00,2025,TARGET_DFC_MI_6.01_ITR_T1,FCO,ITRT1,GradientBoosting,c9e92c85e7ba,153,raw,43975000.0,15.859254003592158,-9746504.717597771,9746536.43610578,19493041.15370355,False,9746520.576851776,0.1
33.000.167/0001-01,2025-12-31 03:00:00,2025,TARGET_DFC_MI_6.01_ITR_T1,FCO,ITRT1,GradientBoosting,c9e92c85e7ba,153,raw,43975000.0,17.16672423478578,-9746503.410127541,9746537.74357601,19493041.15370355,False,9746520.576851776,0.1
33.042.730/0001-04,2025-03-31 03:00:00,2025,TARGET_DFC_MI_6.01_ITR_T1,FCO,ITRT1,GradientBoosting,c9e92c85e7ba,153,raw,-1399172.0,-3.1814554715923187,-9746523.758307248,9746517.395396303,19493041.15370355,True,9746520.576851776,0.1
33.042.730/0001-04,2025-06-30 03:00:00,2025,TARGET_DFC_MI_6.01_ITR_T1,FCO,ITRT1,GradientBoosting,c9e92c85e7ba,153,raw,-1006669.0,-8.378573037374522,-9746528.955424814,9746512.198278738,19493041.15370355,True,9746520.576851776,0.1
33.042.730/0001-04,2025-09-30 03:00:00,2025,TARGET_DFC_MI_6.01_ITR_T1,FCO,ITRT1,GradientBoosting,c9e92c85e7ba,153,raw,-776501.0,-2.555101659068918,-9746523.131953435,9746518.021750117,19493041.15370355,True,9746520.576851776,0.1
33.042.730/0001-04,2025-12-31 03:00:00,2025,TARGET_DFC_MI_6.01_ITR_T1,FCO,ITRT1,GradientBoosting,c9e92c85e7ba,153,raw,-776501.0,-9.68889266219044,-9746530.265744438,9746510.887959113,19493041.15370355,True,9746520.576851776,0.1
33.256.439/0001-39,2025-03-31 03:00:00,2025,TARGET_DFC_MI_6.01_ITR_T1,FCO,ITRT1,GradientBoosting,c9e92c85e7ba,153,raw,941553.0,11.686746918572664,-9746508.890104858,9746532.263598694,19493041.15370355,True,9746520.576851776,0.1
33.256.439/0001-39,2025-06-30 03:00:00,2025,TARGET_DFC_MI_6.01_ITR_T1,FCO,ITRT1,GradientBoosting,c9e92c85e7ba,153,raw,3070902.0,9.152243831212925,-9746511.424607944,9746529.729095608,19493041.15370355,True,9746520.576851776,0.1
33.256.439/0001-39,2025-09-30 03:00:00,2025,TARGET_DFC_MI_6.01_ITR_T1,FCO,ITRT1,GradientBoosting,c9e92c85e7ba,153,raw,1102592.0,5.144845421421526,-9746515.432006355,9746525.721697196,19493041.15370355,True,9746520.576851776,0.1
33.256.439/0001-39,2025-12-31 03:00:00,2025,TARGET_DFC_MI_6.01_ITR_T1,FCO,ITRT1,GradientBoosting,c9e92c85e7ba,153,raw,1102592.0,9.933756103010012,-9746510.643095672,9746530.51060788,19493041.15370355,True,9746520.576851776,0.1
33.453.598/0001-23,2025-03-31 03:00:00,2025,TARGET_DFC_MI_6.01_ITR_T1,FCO,ITRT1,GradientBoosting,c9e92c85e7ba,153,raw,-9977589.0,-12.725955300561525,-9746533.302807076,9746507.850896476,19493041.15370355,False,9746520.576851776,0.1
33.453.598/0001-23,2025-06-30 03:00:00,2025,TARGET_DFC_MI_6.01_ITR_T1,FCO,ITRT1,GradientBoosting,c9e92c85e7ba,153,raw,-9775184.0,-8.18113371280637,-9746528.75798549,9746512.395718062,19493041.15370355,False,9746520.576851776,0.1
33.453.598/0001-23,2025-09-30 03:00:00,2025,TARGET_DFC_MI_6.01_ITR_T1,FCO,ITRT1,GradientBoosting,c9e92c85e7ba,153,raw,-8139446.0,-7.461506576023808,-9746528.038358351,9746513.1153452,19493041.15370355,True,9746520.576851776,0.1
33.592.510/0001-54,2025-03-31 03:00:00,2025,TARGET_DFC_MI_6.01_ITR_T1,FCO,ITRT1,GradientBoosting,c9e92c85e7ba,153,raw,20292000.0,17.873516450114227,-9746502.703335326,9746538.450368226,19493041.15370355,False,9746520.576851776,0.1
33.592.510/0001-54,2025-06-30 03:00:00,2025,TARGET_DFC_MI_6.01_ITR_T1,FCO,ITRT1,GradientBoosting,c9e92c85e7ba,153,raw,34020000.0,18.665013609565797,-9746501.911838166,9746539.241865385,19493041.15370355,False,9746520.576851776,0.1
33.592.510/0001-54,2025-09-30 03:00:00,2025,TARGET_DFC_MI_6.01_ITR_T1,FCO,ITRT1,GradientBoosting,c9e92c85e7ba,153,raw,9777000.0,16.605157427430452,-9746503.971694348,9746537.182009203,19493041.15370355,False,9746520.576851776,0.1
33.592.510/0001-54,2025-12-31 03:00:00,2025,TARGET_DFC_MI_6.01_ITR_T1,FCO,ITRT1,GradientBoosting,c9e92c85e7ba,153,raw,9777000.0,17.5550891543554,-9746503.02176262,9746538.131940931,19493041.15370355,False,9746520.576851776,0.1
33.611.500/0001-19,2025-03-31 03:00:00,2025,TARGET_DFC_MI_6.01_ITR_T1,FCO,ITRT1,GradientBoosting,c9e92c85e7ba,153,raw,1915332.0,14.895262893316,-9746505.681588883,9746535.47211467,19493041.15370355,True,9746520.576851776,0.1
33.611.500/0001-19,2025-06-30 03:00:00,2025,TARGET_DFC_MI_6.01_ITR_T1,FCO,ITRT1,GradientBoosting,c9e92c85e7ba,153,raw,4840380.0,14.805019124926512,-9746505.77183265,9746535.381870901,19493041.15370355,True,9746520.576851776,0.1
33.611.500/0001-19,2025-09-30 03:00:00,2025,TARGET_DFC_MI_6.01_ITR_T1,FCO,ITRT1,GradientBoosting,c9e92c85e7ba,153,raw,1509307.0,12.094160024538711,-9746508.482691752,9746532.6710118,19493041.15370355,True,9746520.576851776,0.1
33.611.500/0001-19,2025-12-31 03:00:00,2025,TARGET_DFC_MI_6.01_ITR_T1,FCO,ITRT1,GradientBoosting,c9e92c85e7ba,153,raw,1509307.0,13.276690346422335,-9746507.300161429,9746533.853542123,19493041.15370355,True,9746520.576851776,0.1
34.274.233/0001-02,2025-03-31 03:00:00,2025,TARGET_DFC_MI_6.01_ITR_T1,FCO,ITRT1,GradientBoosting,c9e92c85e7ba,153,raw,1753000.0,12.214470813926239,-9746508.362380963,9746532.791322589,19493041.15370355,True,9746520.576851776,0.1
34.274.233/0001-02,2025-06-30 03:00:00,2025,TARGET_DFC_MI_6.01_ITR_T1,FCO,ITRT1,GradientBoosting,c9e92c85e7ba,153,raw,5261000.0,13.329577645761752,-9746507.24727413,9746533.906429421,19493041.15370355,True,9746520.576851776,0.1
34.274.233/0001-02,2025-09-30 03:00:00,2025,TARGET_DFC_MI_6.01_ITR_T1,FCO,ITRT1,GradientBoosting,c9e92c85e7ba,153,raw,2641000.0,7.1532314263351475,-9746513.423620349,9746527.730083203,19493041.15370355,True,9746520.576851776,0.1
34.274.233/0001-02,2025-12-31 03:00:00,2025,TARGET_DFC_MI_6.01_ITR_T1,FCO,ITRT1,GradientBoosting,c9e92c85e7ba,153,raw,2641000.0,11.218541446717854,-9746509.358310329,9746531.795393223,19493041.15370355,True,9746520.576851776,0.1
47.960.950/0001-21,2025-03-31 03:00:00,2025,TARGET_DFC_MI_6.01_ITR_T1,FCO,ITRT1,GradientBoosting,c9e92c85e7ba,153,raw,8751106.0,13.057261347603447,-9746507.519590428,9746533.634113124,19493041.15370355,True,9746520.576851776,0.1
47.960.950/0001-21,2025-06-30 03:00:00,2025,TARGET_DFC_MI_6.01_ITR_T1,FCO,ITRT1,GradientBoosting,c9e92c85e7ba,153,raw,10058236.0,6.042833501738725,-9746514.534018274,9746526.619685277,19493041.15370355,False,9746520.576851776,0.1
47.960.950/0001-21,2025-09-30 03:00:00,2025,TARGET_DFC_MI_6.01_ITR_T1,FCO,ITRT1,GradientBoosting,c9e92c85e7ba,153,raw,4511889.0,-0.42529242829203173,-9746521.002144204,9746520.151559347,19493041.15370355,True,9746520.576851776,0.1
47.960.950/0001-21,2025-12-31 03:00:00,2025,TARGET_DFC_MI_6.01_ITR_T1,FCO,ITRT1,GradientBoosting,c9e92c85e7ba,153,raw,4511889.0,1.7321581448280945,-9746518.844693631,9746522.30900992,19493041.15370355,True,9746520.576851776,0.1
53.113.791/0001-22,2025-03-31 03:00:00,2025,TARGET_DFC_MI_6.01_ITR_T1,FCO,ITRT1,GradientBoosting,c9e92c85e7ba,153,raw,548238.0,13.186904262467054,-9746507.389947513,9746533.763756039,19493041.15370355,True,9746520.576851776,0.1
53.113.791/0001-22,2025-06-30 03:00:00,2025,TARGET_DFC_MI_6.01_ITR_T1,FCO,ITRT1,GradientBoosting,c9e92c85e7ba,153,raw,858300.0,13.544348293955462,-9746507.032503482,9746534.12120007,19493041.15370355,True,9746520.576851776,0.1
53.113.791/0001-22,2025-09-30 03:00:00,2025,TARGET_DFC_MI_6.01_ITR_T1,FCO,ITRT1,GradientBoosting,c9e92c85e7ba,153,raw,309607.0,12.037929084920194,-9746508.538922692,9746532.61478086,19493041.15370355,True,9746520.576851776,0.1
53.113.791/0001-22,2025-12-31 03:00:00,2025,TARGET_DFC_MI_6.01_ITR_T1,FCO,ITRT1,GradientBoosting,c9e92c85e7ba,153,raw,309607.0,12.04837567217705,-9746508.528476104,9746532.625227448,19493041.15370355,True,9746520.576851776,0.1
61.079.117/0001-05,2025-03-31 03:00:00,2025,TARGET_DFC_MI_6.01_ITR_T1,FCO,ITRT1,GradientBoosting,c9e92c85e7ba,153,raw,230992.0,11.933642861231434,-9746508.643208915,9746532.510494636,19493041.15370355,True,9746520.576851776,0.1
61.079.117/0001-05,2025-06-30 03:00:00,2025,TARGET_DFC_MI_6.01_ITR_T1,FCO,ITRT1,GradientBoosting,c9e92c85e7ba,153,raw,509306.0,10.757947454261522,-9746509.818904322,9746531.33479923,19493041.15370355,True,9746520.576851776,0.1
61.079.117/0001-05,2025-09-30 03:00:00,2025,TARGET_DFC_MI_6.01_ITR_T1,FCO,ITRT1,GradientBoosting,c9e92c85e7ba,153,raw,261073.0,7.921231622613028,-9746512.655620154,9746528.498083398,19493041.15370355,True,9746520.576851776,0.1
61.079.117/0001-05,2025-12-31 03:00:00,2025,TARGET_DFC_MI_6.01_ITR_T1,FCO,ITRT1,GradientBoosting,c9e92c85e7ba,153,raw,261073.0,7.9236879316184625,-9746512.653163845,9746528.500539707,19493041.15370355,True,9746520.576851776,0.1
81.243.735/0001-48,2025-03-31 03:00:00,2025,TARGET_DFC_MI_6.01_ITR_T1,FCO,ITRT1,GradientBoosting,c9e92c85e7ba,153,raw,213645.0,2.1237749464766162,-9746518.45307683,9746522.700626722,19493041.15370355,True,9746520.576851776,0.1
81.243.735/0001-48,2025-06-30 03:00:00,2025,TARGET_DFC_MI_6.01_ITR_T1,FCO,ITRT1,GradientBoosting,c9e92c85e7ba,153,raw,331205.0,11.167260874045084,-9746509.409590902,9746531.74411265,19493041.15370355,True,9746520.576851776,0.1
81.243.735/0001-48,2025-09-30 03:00:00,2025,TARGET_DFC_MI_6.01_ITR_T1,FCO,ITRT1,GradientBoosting,c9e92c85e7ba,153,raw,91045.0,9.965600644121087,-9746510.611251133,9746530.54245242,19493041.15370355,True,9746520.576851776,0.1
81.243.735/0001-48,2025-12-31 03:00:00,2025,TARGET_DFC_MI_6.01_ITR_T1,FCO,ITRT1,GradientBoosting,c9e92c85e7ba,153,raw,91045.0,8.517714816807663,-9746512.059136959,9746529.094566593,19493041.15370355,True,9746520.576851776,0.1
82.901.000/0001-27,2025-03-31 03:00:00,2025,TARGET_DFC_MI_6.01_ITR_T1,FCO,ITRT1,GradientBoosting,c9e92c85e7ba,153,raw,91535.0,-2.0343676383616445,-9746522.611219414,9746518.542484138,19493041.15370355,True,9746520.576851776,0.1
82.901.000/0001-27,2025-06-30 03:00:00,2025,TARGET_DFC_MI_6.01_ITR_T1,FCO,ITRT1,GradientBoosting,c9e92c85e7ba,153,raw,571798.0,13.190018184682858,-9746507.386833591,9746533.76686996,19493041.15370355,True,9746520.576851776,0.1
82.901.000/0001-27,2025-09-30 03:00:00,2025,TARGET_DFC_MI_6.01_ITR_T1,FCO,ITRT1,GradientBoosting,c9e92c85e7ba,153,raw,183293.0,2.860491411630533,-9746517.716360364,9746523.437343188,19493041.15370355,True,9746520.576851776,0.1
82.901.000/0001-27,2025-12-31 03:00:00,2025,TARGET_DFC_MI_6.01_ITR_T1,FCO,ITRT1,GradientBoosting,c9e92c85e7ba,153,raw,183293.0,13.309274449398494,-9746507.267577326,9746533.886126226,19493041.15370355,True,9746520.576851776,0.1
84.429.695/0001-11,2025-03-31 03:00:00,2025,TARGET_DFC_MI_6.01_ITR_T1,FCO,ITRT1,GradientBoosting,c9e92c85e7ba,153,raw,1966845.0,15.542631107797858,-9746505.034220668,9746536.119482884,19493041.15370355,True,9746520.576851776,0.1
84.429.695/0001-11,2025-06-30 03:00:00,2025,TARGET_DFC_MI_6.01_ITR_T1,FCO,ITRT1,GradientBoosting,c9e92c85e7ba,153,raw,4238331.0,12.744156198008913,-9746507.832695577,9746533.321007974,19493041.15370355,True,9746520.576851776,0.1
84.429.695/0001-11,2025-09-30 03:00:00,2025,TARGET_DFC_MI_6.01_ITR_T1,FCO,ITRT1,GradientBoosting,c9e92c85e7ba,153,raw,1262449.0,7.181770760373943,-9746513.395081015,9746527.758622536,19493041.15370355,True,9746520.576851776,0.1
84.429.695/0001-11,2025-12-31 03:00:00,2025,TARGET_DFC_MI_6.01_ITR_T1,FCO,ITRT1,GradientBoosting,c9e92c85e7ba,153,raw,1262449.0,15.301994848410441,-9746505.274856927,9746535.878846625,19493041.15370355,True,9746520.576851776,0.1
89.637.490/0001-45,2025-03-31 03:00:00,2025,TARGET_DFC_MI_6.01_ITR_T1,FCO,ITRT1,GradientBoosting,c9e92c85e7ba,153,raw,3666908.0,15.147304914709263,-9746505.429546861,9746535.72415669,19493041.15370355,True,9746520.576851776,0.1
89.637.490/0001-45,2025-06-30 03:00:00,2025,TARGET_DFC_MI_6.01_ITR_T1,FCO,ITRT1,GradientBoosting,c9e92c85e7ba,153,raw,5539924.0,15.409949860658973,-9746505.166901914,9746535.986801637,19493041.15370355,True,9746520.576851776,0.1
89.637.490/0001-45,2025-09-30 03:00:00,2025,TARGET_DFC_MI_6.01_ITR_T1,FCO,ITRT1,GradientBoosting,c9e92c85e7ba,153,raw,1334181.0,15.154441369955762,-9746505.422410406,9746535.731293146,19493041.15370355,True,9746520.576851776,0.1
89.637.490/0001-45,2025-12-31 03:00:00,2025,TARGET_DFC_MI_6.01_ITR_T1,FCO,ITRT1,GradientBoosting,c9e92c85e7ba,153,raw,1334181.0,15.259723792331508,-9746505.317127984,9746535.836575568,19493041.15370355,True,9746520.576851776,0.1
92.754.738/0001-62,2025-03-31 03:00:00,2025,TARGET_DFC_MI_6.01_ITR_T1,FCO,ITRT1,GradientBoosting,c9e92c85e7ba,153,raw,822119.0,6.003829578922437,-9746514.573022196,9746526.580681356,19493041.15370355,True,9746520.576851776,0.1
92.754.738/0001-62,2025-06-30 03:00:00,2025,TARGET_DFC_MI_6.01_ITR_T1,FCO,ITRT1,GradientBoosting,c9e92c85e7ba,153,raw,1854958.0,9.732374989460505,-9746510.844476786,9746530.309226766,19493041.15370355,True,9746520.576851776,0.1
92.754.738/0001-62,2025-09-30 03:00:00,2025,TARGET_DFC_MI_6.01_ITR_T1,FCO,ITRT1,GradientBoosting,c9e92c85e7ba,153,raw,661644.0,-0.46172006058006443,-9746521.038571836,9746520.115131715,19493041.15370355,True,9746520.576851776,0.1
92.754.738/0001-62,2025-12-31 03:00:00,2025,TARGET_DFC_MI_6.01_ITR_T1,FCO,ITRT1,GradientBoosting,c9e92c85e7ba,153,raw,661644.0,7.529382312812302,-9746513.047469463,9746528.106234089,19493041.15370355,True,9746520.576851776,0.1
02.429.144/0001-93,2025-03-31 03:00:00,2025,TARGET_DFC_MI_6.01_ITR_T2,FCO,ITRT2,GradientBoosting,e1fa0e183d53,156,raw,5908304.0,16.546175068523038,-10342428.32049479,10342461.412844926,20684889.733339716,True,10342444.866669858,0.1
02.429.144/0001-93,2025-06-30 03:00:00,2025,TARGET_DFC_MI_6.01_ITR_T2,FCO,ITRT2,GradientBoosting,e1fa0e183d53,156,raw,1528281.0,15.447593564388065,-10342429.419076294,10342460.314263422,20684889.733339716,True,10342444.866669858,0.1
02.474.103/0001-19,2025-03-31 03:00:00,2025,TARGET_DFC_MI_6.01_ITR_T2,FCO,ITRT2,GradientBoosting,e1fa0e183d53,156,raw,2300143.0,16.127728596688197,-10342428.738941262,10342460.994398454,20684889.733339716,True,10342444.866669858,0.1
02.474.103/0001-19,2025-06-30 03:00:00,2025,TARGET_DFC_MI_6.01_ITR_T2,FCO,ITRT2,GradientBoosting,e1fa0e183d53,156,raw,1274014.0,14.934361726679997,-10342429.932308132,10342459.801031584,20684889.733339716,True,10342444.866669858,0.1
02.998.611/0001-04,2025-03-31 03:00:00,2025,TARGET_DFC_MI_6.01_ITR_T2,FCO,ITRT2,GradientBoosting,e1fa0e183d53,156,raw,-617113.0,7.397592632431735,-10342437.469077226,10342452.26426249,20684889.733339716,True,10342444.866669858,0.1
02.998.611/0001-04,2025-06-30 03:00:00,2025,TARGET_DFC_MI_6.01_ITR_T2,FCO,ITRT2,GradientBoosting,e1fa0e183d53,156,raw,-366923.0,8.82140515214122,-10342436.045264706,10342453.68807501,20684889.733339716,True,10342444.866669858,0.1
03.220.438/0001-73,2025-03-31 03:00:00,2025,TARGET_DFC_MI_6.01_ITR_T2,FCO,ITRT2,GradientBoosting,e1fa0e183d53,156,raw,2733371.0,16.04923981587538,-10342428.817430042,10342460.915909674,20684889.733339716,True,10342444.866669858,0.1
03.220.438/0001-73,2025-06-30 03:00:00,2025,TARGET_DFC_MI_6.01_ITR_T2,FCO,ITRT2,GradientBoosting,e1fa0e183d53,156,raw,683772.0,14.26012061348914,-10342430.606549244,10342459.126790471,20684889.733339716,True,10342444.866669858,0.1
07.859.971/0001-30,2025-03-31 03:00:00,2025,TARGET_DFC_MI_6.01_ITR_T2,FCO,ITRT2,GradientBoosting,e1fa0e183d53,156,raw,1285976.0,14.08624215432258,-10342430.780427704,10342458.952912012,20684889.733339716,True,10342444.866669858,0.1
07.859.971/0001-30,2025-06-30 03:00:00,2025,TARGET_DFC_MI_6.01_ITR_T2,FCO,ITRT2,GradientBoosting,e1fa0e183d53,156,raw,264559.0,11.198937352554443,-10342433.667732505,10342456.06560721,20684889.733339716,True,10342444.866669858,0.1
10.629.105/0001-68,2025-03-31 03:00:00,2025,TARGET_DFC_MI_6.01_ITR_T2,FCO,ITRT2,GradientBoosting,e1fa0e183d53,156,raw,5149508.0,16.14460803141925,-10342428.722061826,10342461.01127789,20684889.733339716,True,10342444.866669858,0.1
10.629.105/0001-68,2025-06-30 03:00:00,2025,TARGET_DFC_MI_6.01_ITR_T2,FCO,ITRT2,GradientBoosting,e1fa0e183d53,156,raw,1992247.0,14.358665487198655,-10342430.508004371,10342459.225335345,20684889.733339716,True,10342444.866669858,0.1
16.404.287/0001-55,2025-03-31 03:00:00,2025,TARGET_DFC_MI_6.01_ITR_T2,FCO,ITRT2,GradientBoosting,e1fa0e183d53,156,raw,12792522.0,17.18841304400759,-10342427.678256813,10342462.055082902,20684889.733339716,False,10342444.866669858,0.1
16.404.287/0001-55,2025-06-30 03:00:00,2025,TARGET_DFC_MI_6.01_ITR_T2,FCO,ITRT2,GradientBoosting,e1fa0e183d53,156,raw,2900767.0,15.950418072040291,-10342428.916251786,10342460.81708793,20684889.733339716,True,10342444.866669858,0.1
16.590.234/0001-76,2025-03-31 03:00:00,2025,TARGET_DFC_MI_6.01_ITR_T2,FCO,ITRT2,GradientBoosting,e1fa0e183d53,156,raw,125136.0,7.989933191167281,-10342436.876736667,10342452.856603049,20684889.733339716,True,10342444.866669858,0.1
16.590.234/0001-76,2025-06-30 03:00:00,2025,TARGET_DFC_MI_6.01_ITR_T2,FCO,ITRT2,GradientBoosting,e1fa0e183d53,156,raw,-11303.0,7.049358520592062,-10342437.817311337,10342451.916028379,20684889.733339716,True,10342444.866669858,0.1
24.990.777/0001-09,2025-03-31 03:00:00,2025,TARGET_DFC_MI_6.01_ITR_T2,FCO,ITRT2,GradientBoosting,e1fa0e183d53,156,raw,829956.0,13.306512527039335,-10342431.56015733,10342458.173182385,20684889.733339716,True,10342444.866669858,0.1
24.990.777/0001-09,2025-06-30 03:00:00,2025,TARGET_DFC_MI_6.01_ITR_T2,FCO,ITRT2,GradientBoosting,e1fa0e183d53,156,raw,669544.0,10.768461804543902,-10342434.098208053,10342455.635131663,20684889.733339716,True,10342444.866669858,0.1
33.000.167/0001-01,2025-03-31 03:00:00,2025,TARGET_DFC_MI_6.01_ITR_T2,FCO,ITRT2,GradientBoosting,e1fa0e183d53,156,raw,145417000.0,18.096378817754175,-10342426.77029104,10342462.963048676,20684889.733339716,False,10342444.866669858,0.1
33.000.167/0001-01,2025-06-30 03:00:00,2025,TARGET_DFC_MI_6.01_ITR_T2,FCO,ITRT2,GradientBoosting,e1fa0e183d53,156,raw,43975000.0,16.84065071449564,-10342428.026019143,10342461.707320573,20684889.733339716,False,10342444.866669858,0.1
33.042.730/0001-04,2025-03-31 03:00:00,2025,TARGET_DFC_MI_6.01_ITR_T2,FCO,ITRT2,GradientBoosting,e1fa0e183d53,156,raw,-1006669.0,-2.696698555307417,-10342447.563368414,10342442.169971302,20684889.733339716,True,10342444.866669858,0.1
33.042.730/0001-04,2025-06-30 03:00:00,2025,TARGET_DFC_MI_6.01_ITR_T2,FCO,ITRT2,GradientBoosting,e1fa0e183d53,156,raw,-776501.0,-8.35925556102385,-10342453.22592542,10342436.507414296,20684889.733339716,True,10342444.866669858,0.1
33.256.439/0001-39,2025-03-31 03:00:00,2025,TARGET_DFC_MI_6.01_ITR_T2,FCO,ITRT2,GradientBoosting,e1fa0e183d53,156,raw,3070902.0,13.784428567400756,-10342431.082241291,10342458.651098425,20684889.733339716,True,10342444.866669858,0.1
33.256.439/0001-39,2025-06-30 03:00:00,2025,TARGET_DFC_MI_6.01_ITR_T2,FCO,ITRT2,GradientBoosting,e1fa0e183d53,156,raw,1102592.0,8.722392598800372,-10342436.14427726,10342453.589062456,20684889.733339716,True,10342444.866669858,0.1
33.453.598/0001-23,2025-03-31 03:00:00,2025,TARGET_DFC_MI_6.01_ITR_T2,FCO,ITRT2,GradientBoosting,e1fa0e183d53,156,raw,-9775184.0,-7.29970282854101,-10342452.166372687,10342437.56696703,20684889.733339716,True,10342444.866669858,0.1
33.453.598/0001-23,2025-06-30 03:00:00,2025,TARGET_DFC_MI_6.01_ITR_T2,FCO,ITRT2,GradientBoosting,e1fa0e183d53,156,raw,-8139446.0,3.871602186301586,-10342440.995067671,10342448.738272045,20684889.733339716,True,10342444.866669858,0.1
33.592.510/0001-54,2025-03-31 03:00:00,2025,TARGET_DFC_MI_6.01_ITR_T2,FCO,ITRT2,GradientBoosting,e1fa0e183d53,156,raw,34020000.0,17.79740288250396,-10342427.069266975,10342462.66407274,20684889.733339716,False,10342444.866669858,0.1
33.592.510/0001-54,2025-06-30 03:00:00,2025,TARGET_DFC_MI_6.01_ITR_T2,FCO,ITRT2,GradientBoosting,e1fa0e183d53,156,raw,9777000.0,16.61103739432799,-10342428.255632464,10342461.477707252,20684889.733339716,True,10342444.866669858,0.1
33.611.500/0001-19,2025-03-31 03:00:00,2025,TARGET_DFC_MI_6.01_ITR_T2,FCO,ITRT2,GradientBoosting,e1fa0e183d53,156,raw,4840380.0,14.831543352975999,-10342430.035126505,10342459.69821321,20684889.733339716,True,10342444.866669858,0.1
33.611.500/0001-19,2025-06-30 03:00:00,2025,TARGET_DFC_MI_6.01_ITR_T2,FCO,ITRT2,GradientBoosting,e1fa0e183d53,156,raw,1509307.0,12.189388561366064,-10342432.677281296,10342457.05605842,20684889.733339716,True,10342444.866669858,0.1
34.274.233/0001-02,2025-03-31 03:00:00,2025,TARGET_DFC_MI_6.01_ITR_T2,FCO,ITRT2,GradientBoosting,e1fa0e183d53,156,raw,5261000.0,15.16352030920349,-10342429.703149548,10342460.030190168,20684889.733339716,True,10342444.866669858,0.1
34.274.233/0001-02,2025-06-30 03:00:00,2025,TARGET_DFC_MI_6.01_ITR_T2,FCO,ITRT2,GradientBoosting,e1fa0e183d53,156,raw,2641000.0,7.601033961621552,-10342437.265635896,10342452.46770382,20684889.733339716,True,10342444.866669858,0.1
47.960.950/0001-21,2025-03-31 03:00:00,2025,TARGET_DFC_MI_6.01_ITR_T2,FCO,ITRT2,GradientBoosting,e1fa0e183d53,156,raw,10058236.0,7.2026173541066365,-10342437.664052503,10342452.069287213,20684889.733339716,True,10342444.866669858,0.1
47.960.950/0001-21,2025-06-30 03:00:00,2025,TARGET_DFC_MI_6.01_ITR_T2,FCO,ITRT2,GradientBoosting,e1fa0e183d53,156,raw,4511889.0,1.1535975299803525,-10342443.713072328,10342446.020267388,20684889.733339716,True,10342444.866669858,0.1
53.113.791/0001-22,2025-03-31 03:00:00,2025,TARGET_DFC_MI_6.01_ITR_T2,FCO,ITRT2,GradientBoosting,e1fa0e183d53,156,raw,858300.0,13.662474335365914,-10342431.204195522,10342458.529144194,20684889.733339716,True,10342444.866669858,0.1
53.113.791/0001-22,2025-06-30 03:00:00,2025,TARGET_DFC_MI_6.01_ITR_T2,FCO,ITRT2,GradientBoosting,e1fa0e183d53,156,raw,309607.0,12.616839360450792,-10342432.249830497,10342457.483509218,20684889.733339716,True,10342444.866669858,0.1
61.079.117/0001-05,2025-03-31 03:00:00,2025,TARGET_DFC_MI_6.01_ITR_T2,FCO,ITRT2,GradientBoosting,e1fa0e183d53,156,raw,509306.0,13.508857140686104,-10342431.357812718,10342458.375526998,20684889.733339716,True,10342444.866669858,0.1
61.079.117/0001-05,2025-06-30 03:00:00,2025,TARGET_DFC_MI_6.01_ITR_T2,FCO,ITRT2,GradientBoosting,e1fa0e183d53,156,raw,261073.0,10.50158360591788,-10342434.365086252,10342455.368253464,20684889.733339716,True,10342444.866669858,0.1
81.243.735/0001-48,2025-03-31 03:00:00,2025,TARGET_DFC_MI_6.01_ITR_T2,FCO,ITRT2,GradientBoosting,e1fa0e183d53,156,raw,331205.0,12.763615885691383,-10342432.103053972,10342457.630285744,20684889.733339716,True,10342444.866669858,0.1
81.243.735/0001-48,2025-06-30 03:00:00,2025,TARGET_DFC_MI_6.01_ITR_T2,FCO,ITRT2,GradientBoosting,e1fa0e183d53,156,raw,91045.0,1.6799913597869423,-10342443.186678499,10342446.546661217,20684889.733339716,True,10342444.866669858,0.1
82.901.000/0001-27,2025-03-31 03:00:00,2025,TARGET_DFC_MI_6.01_ITR_T2,FCO,ITRT2,GradientBoosting,e1fa0e183d53,156,raw,571798.0,13.779861117916559,-10342431.08680874,10342458.646530977,20684889.733339716,True,10342444.866669858,0.1
82.901.000/0001-27,2025-06-30 03:00:00,2025,TARGET_DFC_MI_6.01_ITR_T2,FCO,ITRT2,GradientBoosting,e1fa0e183d53,156,raw,183293.0,8.13058124805176,-10342436.73608861,10342452.997251106,20684889.733339716,True,10342444.866669858,0.1
84.429.695/0001-11,2025-03-31 03:00:00,2025,TARGET_DFC_MI_6.01_ITR_T2,FCO,ITRT2,GradientBoosting,e1fa0e183d53,156,raw,4238331.0,15.963502861851781,-10342428.903166996,10342460.83017272,20684889.733339716,True,10342444.866669858,0.1
84.429.695/0001-11,2025-06-30 03:00:00,2025,TARGET_DFC_MI_6.01_ITR_T2,FCO,ITRT2,GradientBoosting,e1fa0e183d53,156,raw,1262449.0,13.42970095657893,-10342431.436968902,10342458.296370814,20684889.733339716,True,10342444.866669858,0.1
89.637.490/0001-45,2025-03-31 03:00:00,2025,TARGET_DFC_MI_6.01_ITR_T2,FCO,ITRT2,GradientBoosting,e1fa0e183d53,156,raw,5539924.0,16.181968175381275,-10342428.684701683,10342461.048638033,20684889.733339716,True,10342444.866669858,0.1
89.637.490/0001-45,2025-06-30 03:00:00,2025,TARGET_DFC_MI_6.01_ITR_T2,FCO,ITRT2,GradientBoosting,e1fa0e183d53,156,raw,1334181.0,14.703270608915913,-10342430.16339925,10342459.569940466,20684889.733339716,True,10342444.866669858,0.1
92.754.738/0001-62,2025-03-31 03:00:00,2025,TARGET_DFC_MI_6.01_ITR_T2,FCO,ITRT2,GradientBoosting,e1fa0e183d53,156,raw,1854958.0,10.631042584030675,-10342434.235627273,10342455.497712443,20684889.733339716,True,10342444.866669858,0.1
92.754.738/0001-62,2025-06-30 03:00:00,2025,TARGET_DFC_MI_6.01_ITR_T2,FCO,ITRT2,GradientBoosting,e1fa0e183d53,156,raw,661644.0,7.236262436349842,-10342437.63040742,10342452.102932295,20684889.733339716,True,10342444.866669858,0.1
02.429.144/0001-93,2025-03-31 03:00:00,2025,TARGET_DFC_MI_6.01_ITR_T3,FCO,ITRT3,GradientBoosting,8b54f2e714cc,156,raw,1528281.0,13.900778050363279,-12792490.55012833,12792518.351684429,25585008.90181276,True,12792504.45090638,0.1
02.474.103/0001-19,2025-03-31 03:00:00,2025,TARGET_DFC_MI_6.01_ITR_T3,FCO,ITRT3,GradientBoosting,8b54f2e714cc,156,raw,1274014.0,13.83521589961957,-12792490.615690479,12792518.28612228,25585008.90181276,True,12792504.45090638,0.1
02.998.611/0001-04,2025-03-31 03:00:00,2025,TARGET_DFC_MI_6.01_ITR_T3,FCO,ITRT3,GradientBoosting,8b54f2e714cc,156,raw,-366923.0,1.5687216517801497,-12792502.882184727,12792506.019628031,25585008.90181276,True,12792504.45090638,0.1
03.220.438/0001-73,2025-03-31 03:00:00,2025,TARGET_DFC_MI_6.01_ITR_T3,FCO,ITRT3,GradientBoosting,8b54f2e714cc,156,raw,683772.0,12.883083100431207,-12792491.567823278,12792517.33398948,25585008.90181276,True,12792504.45090638,0.1
07.859.971/0001-30,2025-03-31 03:00:00,2025,TARGET_DFC_MI_6.01_ITR_T3,FCO,ITRT3,GradientBoosting,8b54f2e714cc,156,raw,264559.0,11.10773905403276,-12792493.343167325,12792515.558645433,25585008.90181276,True,12792504.45090638,0.1
10.629.105/0001-68,2025-03-31 03:00:00,2025,TARGET_DFC_MI_6.01_ITR_T3,FCO,ITRT3,GradientBoosting,8b54f2e714cc,156,raw,1992247.0,15.674298740932127,-12792488.776607638,12792520.12520512,25585008.90181276,True,12792504.45090638,0.1
16.404.287/0001-55,2025-03-31 03:00:00,2025,TARGET_DFC_MI_6.01_ITR_T3,FCO,ITRT3,GradientBoosting,8b54f2e714cc,156,raw,2900767.0,14.634309317741653,-12792489.816597061,12792519.085215697,25585008.90181276,True,12792504.45090638,0.1
16.590.234/0001-76,2025-03-31 03:00:00,2025,TARGET_DFC_MI_6.01_ITR_T3,FCO,ITRT3,GradientBoosting,8b54f2e714cc,156,raw,-11303.0,4.515143906043511,-12792499.935762472,12792508.966050286,25585008.90181276,True,12792504.45090638,0.1
24.990.777/0001-09,2025-03-31 03:00:00,2025,TARGET_DFC_MI_6.01_ITR_T3,FCO,ITRT3,GradientBoosting,8b54f2e714cc,156,raw,669544.0,10.223605344679072,-12792494.227301035,12792514.674511723,25585008.90181276,True,12792504.45090638,0.1
33.000.167/0001-01,2025-03-31 03:00:00,2025,TARGET_DFC_MI_6.01_ITR_T3,FCO,ITRT3,GradientBoosting,8b54f2e714cc,156,raw,43975000.0,18.334888427115505,-12792486.116017953,12792522.785794806,25585008.90181276,False,12792504.45090638,0.1
33.042.730/0001-04,2025-03-31 03:00:00,2025,TARGET_DFC_MI_6.01_ITR_T3,FCO,ITRT3,GradientBoosting,8b54f2e714cc,156,raw,-776501.0,-5.171440946652361,-12792509.622347325,12792499.279465433,25585008.90181276,True,12792504.45090638,0.1
33.256.439/0001-39,2025-03-31 03:00:00,2025,TARGET_DFC_MI_6.01_ITR_T3,FCO,ITRT3,GradientBoosting,8b54f2e714cc,156,raw,1102592.0,2.9884476307235364,-12792501.462458748,12792507.43935401,25585008.90181276,True,12792504.45090638,0.1
33.453.598/0001-23,2025-03-31 03:00:00,2025,TARGET_DFC_MI_6.01_ITR_T3,FCO,ITRT3,GradientBoosting,8b54f2e714cc,156,raw,-8139446.0,-5.892900037202237,-12792510.343806416,12792498.558006343,25585008.90181276,True,12792504.45090638,0.1
33.592.510/0001-54,2025-03-31 03:00:00,2025,TARGET_DFC_MI_6.01_ITR_T3,FCO,ITRT3,GradientBoosting,8b54f2e714cc,156,raw,9777000.0,17.89614689288145,-12792486.554759486,12792522.347053273,25585008.90181276,True,12792504.45090638,0.1
33.611.500/0001-19,2025-03-31 03:00:00,2025,TARGET_DFC_MI_6.01_ITR_T3,FCO,ITRT3,GradientBoosting,8b54f2e714cc,156,raw,1509307.0,11.395341026233824,-12792493.055565353,12792515.846247405,25585008.90181276,True,12792504.45090638,0.1
34.274.233/0001-02,2025-03-31 03:00:00,2025,TARGET_DFC_MI_6.01_ITR_T3,FCO,ITRT3,GradientBoosting,8b54f2e714cc,156,raw,2641000.0,2.5814978568503406,-12792501.869408522,12792507.032404236,25585008.90181276,True,12792504.45090638,0.1
47.960.950/0001-21,2025-03-31 03:00:00,2025,TARGET_DFC_MI_6.01_ITR_T3,FCO,ITRT3,GradientBoosting,8b54f2e714cc,156,raw,4511889.0,-0.6132623934463208,-12792505.064168772,12792503.837643987,25585008.90181276,True,12792504.45090638,0.1
53.113.791/0001-22,2025-03-31 03:00:00,2025,TARGET_DFC_MI_6.01_ITR_T3,FCO,ITRT3,GradientBoosting,8b54f2e714cc,156,raw,309607.0,12.718211881805274,-12792491.732694497,12792517.169118261,25585008.90181276,True,12792504.45090638,0.1
61.079.117/0001-05,2025-03-31 03:00:00,2025,TARGET_DFC_MI_6.01_ITR_T3,FCO,ITRT3,GradientBoosting,8b54f2e714cc,156,raw,261073.0,8.295594691957152,-12792496.155311687,12792512.746501071,25585008.90181276,True,12792504.45090638,0.1
81.243.735/0001-48,2025-03-31 03:00:00,2025,TARGET_DFC_MI_6.01_ITR_T3,FCO,ITRT3,GradientBoosting,8b54f2e714cc,156,raw,91045.0,7.419175208347225,-12792497.031731172,12792511.870081587,25585008.90181276,True,12792504.45090638,0.1
82.901.000/0001-27,2025-03-31 03:00:00,2025,TARGET_DFC_MI_6.01_ITR_T3,FCO,ITRT3,GradientBoosting,8b54f2e714cc,156,raw,183293.0,2.0163130650619276,-12792502.434593314,12792506.467219444,25585008.90181276,True,12792504.45090638,0.1
84.429.695/0001-11,2025-03-31 03:00:00,2025,TARGET_DFC_MI_6.01_ITR_T3,FCO,ITRT3,GradientBoosting,8b54f2e714cc,156,raw,1262449.0,14.629384745890274,-12792489.821521632,12792519.080291126,25585008.90181276,True,12792504.45090638,0.1
89.637.490/0001-45,2025-03-31 03:00:00,2025,TARGET_DFC_MI_6.01_ITR_T3,FCO,ITRT3,GradientBoosting,8b54f2e714cc,156,raw,1334181.0,10.129902209429204,-12792494.321004169,12792514.58080859,25585008.90181276,True,12792504.45090638,0.1
92.754.738/0001-62,2025-03-31 03:00:00,2025,TARGET_DFC_MI_6.01_ITR_T3,FCO,ITRT3,GradientBoosting,8b54f2e714cc,156,raw,661644.0,5.296156864769469,-12792499.154749515,12792509.747063244,25585008.90181276,True,12792504.45090638,0.1
02.429.144/0001-93,2025-03-31 03:00:00,2025,TARGET_DFC_MI_6.01_DFP,FCO,DFP,GradientBoosting,81c22b6664e1,154,raw,7162797.0,16.636446617262155,-22951107.252678253,22951140.525571488,45902247.77824974,True,22951123.88912487,0.1
02.429.144/0001-93,2025-06-30 03:00:00,2025,TARGET_DFC_MI_6.01_DFP,FCO,DFP,GradientBoosting,81c22b6664e1,154,raw,7162797.0,16.742541596782374,-22951107.146583274,22951140.631666467,45902247.77824974,True,22951123.88912487,0.1
02.429.144/0001-93,2025-09-30 03:00:00,2025,TARGET_DFC_MI_6.01_DFP,FCO,DFP,GradientBoosting,81c22b6664e1,154,raw,7162797.0,16.315376492678787,-22951107.573748376,22951140.204501364,45902247.77824974,True,22951123.88912487,0.1
02.474.103/0001-19,2025-03-31 03:00:00,2025,TARGET_DFC_MI_6.01_DFP,FCO,DFP,GradientBoosting,81c22b6664e1,154,raw,3345511.0,15.832992702663889,-22951108.056132168,22951139.722117573,45902247.77824974,True,22951123.88912487,0.1
02.474.103/0001-19,2025-06-30 03:00:00,2025,TARGET_DFC_MI_6.01_DFP,FCO,DFP,GradientBoosting,81c22b6664e1,154,raw,3345511.0,16.01610072353337,-22951107.873024147,22951139.905225594,45902247.77824974,True,22951123.88912487,0.1
02.474.103/0001-19,2025-09-30 03:00:00,2025,TARGET_DFC_MI_6.01_DFP,FCO,DFP,GradientBoosting,81c22b6664e1,154,raw,3345511.0,15.486202329988709,-22951108.40292254,22951139.3753272,45902247.77824974,True,22951123.88912487,0.1
02.998.611/0001-04,2025-03-31 03:00:00,2025,TARGET_DFC_MI_6.01_DFP,FCO,DFP,GradientBoosting,81c22b6664e1,154,raw,-1215500.0,12.425613957597516,-22951111.463510912,22951136.31473883,45902247.77824974,True,22951123.88912487,0.1
02.998.611/0001-04,2025-06-30 03:00:00,2025,TARGET_DFC_MI_6.01_DFP,FCO,DFP,GradientBoosting,81c22b6664e1,154,raw,-1215500.0,9.18867493099347,-22951114.70044994,22951133.0777998,45902247.77824974,True,22951123.88912487,0.1
02.998.611/0001-04,2025-09-30 03:00:00,2025,TARGET_DFC_MI_6.01_DFP,FCO,DFP,GradientBoosting,81c22b6664e1,154,raw,-1215500.0,10.184298563507266,-22951113.704826307,22951134.073423434,45902247.77824974,True,22951123.88912487,0.1
03.220.438/0001-73,2025-03-31 03:00:00,2025,TARGET_DFC_MI_6.01_DFP,FCO,DFP,GradientBoosting,81c22b6664e1,154,raw,3973867.0,16.438927363261982,-22951107.450197507,22951140.328052234,45902247.77824974,True,22951123.88912487,0.1
03.220.438/0001-73,2025-06-30 03:00:00,2025,TARGET_DFC_MI_6.01_DFP,FCO,DFP,GradientBoosting,81c22b6664e1,154,raw,3973867.0,16.75107907729155,-22951107.13804579,22951140.64020395,45902247.77824974,True,22951123.88912487,0.1
03.220.438/0001-73,2025-09-30 03:00:00,2025,TARGET_DFC_MI_6.01_DFP,FCO,DFP,GradientBoosting,81c22b6664e1,154,raw,3973867.0,15.630038107633698,-22951108.25908676,22951139.51916298,45902247.77824974,True,22951123.88912487,0.1
07.859.971/0001-30,2025-03-31 03:00:00,2025,TARGET_DFC_MI_6.01_DFP,FCO,DFP,GradientBoosting,81c22b6664e1,154,raw,1531430.0,14.237436455483689,-22951109.651688416,22951138.126561325,45902247.77824974,True,22951123.88912487,0.1
07.859.971/0001-30,2025-06-30 03:00:00,2025,TARGET_DFC_MI_6.01_DFP,FCO,DFP,GradientBoosting,81c22b6664e1,154,raw,1531430.0,14.698534365512408,-22951109.190590505,22951138.587659236,45902247.77824974,True,22951123.88912487,0.1
07.859.971/0001-30,2025-09-30 03:00:00,2025,TARGET_DFC_MI_6.01_DFP,FCO,DFP,GradientBoosting,81c22b6664e1,154,raw,1531430.0,15.339137095700973,-22951108.549987774,22951139.228261966,45902247.77824974,True,22951123.88912487,0.1
10.629.105/0001-68,2025-03-31 03:00:00,2025,TARGET_DFC_MI_6.01_DFP,FCO,DFP,GradientBoosting,81c22b6664e1,154,raw,8176080.0,16.227319268811797,-22951107.6618056,22951140.11644414,45902247.77824974,True,22951123.88912487,0.1
10.629.105/0001-68,2025-06-30 03:00:00,2025,TARGET_DFC_MI_6.01_DFP,FCO,DFP,GradientBoosting,81c22b6664e1,154,raw,8176080.0,16.22877451173905,-22951107.66035036,22951140.11789938,45902247.77824974,True,22951123.88912487,0.1
10.629.105/0001-68,2025-09-30 03:00:00,2025,TARGET_DFC_MI_6.01_DFP,FCO,DFP,GradientBoosting,81c22b6664e1,154,raw,8176080.0,16.0553949571929,-22951107.83372991,22951139.94451983,45902247.77824974,True,22951123.88912487,0.1
16.404.287/0001-55,2025-03-31 03:00:00,2025,TARGET_DFC_MI_6.01_DFP,FCO,DFP,GradientBoosting,81c22b6664e1,154,raw,18152175.0,17.397237387037073,-22951106.491887484,22951141.286362257,45902247.77824974,True,22951123.88912487,0.1
16.404.287/0001-55,2025-06-30 03:00:00,2025,TARGET_DFC_MI_6.01_DFP,FCO,DFP,GradientBoosting,81c22b6664e1,154,raw,18152175.0,17.49083035882172,-22951106.398294512,22951141.37995523,45902247.77824974,True,22951123.88912487,0.1
16.404.287/0001-55,2025-09-30 03:00:00,2025,TARGET_DFC_MI_6.01_DFP,FCO,DFP,GradientBoosting,81c22b6664e1,154,raw,18152175.0,17.030399187433478,-22951106.858725682,22951140.91952406,45902247.77824974,True,22951123.88912487,0.1
16.590.234/0001-76,2025-03-31 03:00:00,2025,TARGET_DFC_MI_6.01_DFP,FCO,DFP,GradientBoosting,81c22b6664e1,154,raw,1074977.0,13.440830718754992,-22951110.44829415,22951137.32995559,45902247.77824974,True,22951123.88912487,0.1
16.590.234/0001-76,2025-06-30 03:00:00,2025,TARGET_DFC_MI_6.01_DFP,FCO,DFP,GradientBoosting,81c22b6664e1,154,raw,1074977.0,12.114549872434914,-22951111.774575,22951136.00367474,45902247.77824974,True,22951123.88912487,0.1
16.590.234/0001-76,2025-09-30 03:00:00,2025,TARGET_DFC_MI_6.01_DFP,FCO,DFP,GradientBoosting,81c22b6664e1,154,raw,1074977.0,14.158399046477411,-22951109.730725825,22951138.047523916,45902247.77824974,True,22951123.88912487,0.1
24.990.777/0001-09,2025-03-31 03:00:00,2025,TARGET_DFC_MI_6.01_DFP,FCO,DFP,GradientBoosting,81c22b6664e1,154,raw,1959633.0,14.483910581145379,-22951109.405214287,22951138.373035453,45902247.77824974,True,22951123.88912487,0.1
24.990.777/0001-09,2025-06-30 03:00:00,2025,TARGET_DFC_MI_6.01_DFP,FCO,DFP,GradientBoosting,81c22b6664e1,154,raw,1959633.0,15.043442350768032,-22951108.84568252,22951138.93256722,45902247.77824974,True,22951123.88912487,0.1
24.990.777/0001-09,2025-09-30 03:00:00,2025,TARGET_DFC_MI_6.01_DFP,FCO,DFP,GradientBoosting,81c22b6664e1,154,raw,1959633.0,14.150791302789184,-22951109.738333568,22951138.039916173,45902247.77824974,True,22951123.88912487,0.1
33.000.167/0001-01,2025-03-31 03:00:00,2025,TARGET_DFC_MI_6.01_DFP,FCO,DFP,GradientBoosting,81c22b6664e1,154,raw,200333000.0,20.047624948747444,-22951103.84149992,22951143.93674982,45902247.77824974,False,22951123.88912487,0.1
33.000.167/0001-01,2025-06-30 03:00:00,2025,TARGET_DFC_MI_6.01_DFP,FCO,DFP,GradientBoosting,81c22b6664e1,154,raw,200333000.0,20.045346734968625,-22951103.843778137,22951143.934471603,45902247.77824974,False,22951123.88912487,0.1
33.000.167/0001-01,2025-09-30 03:00:00,2025,TARGET_DFC_MI_6.01_DFP,FCO,DFP,GradientBoosting,81c22b6664e1,154,raw,200333000.0,18.884054437248768,-22951105.005070433,22951142.773179308,45902247.77824974,False,22951123.88912487,0.1
33.042.730/0001-04,2025-03-31 03:00:00,2025,TARGET_DFC_MI_6.01_DFP,FCO,DFP,GradientBoosting,81c22b6664e1,154,raw,-973179.0,10.91493186917034,-22951112.974193,22951134.80405674,45902247.77824974,True,22951123.88912487,0.1
33.042.730/0001-04,2025-06-30 03:00:00,2025,TARGET_DFC_MI_6.01_DFP,FCO,DFP,GradientBoosting,81c22b6664e1,154,raw,-973179.0,11.909275166609664,-22951111.979849704,22951135.798400037,45902247.77824974,True,22951123.88912487,0.1
33.042.730/0001-04,2025-09-30 03:00:00,2025,TARGET_DFC_MI_6.01_DFP,FCO,DFP,GradientBoosting,81c22b6664e1,154,raw,-973179.0,14.758310792886013,-22951109.13081408,22951138.64743566,45902247.77824974,True,22951123.88912487,0.1
33.256.439/0001-39,2025-03-31 03:00:00,2025,TARGET_DFC_MI_6.01_DFP,FCO,DFP,GradientBoosting,81c22b6664e1,154,raw,5452502.0,16.090510218274787,-22951107.79861465,22951139.97963509,45902247.77824974,True,22951123.88912487,0.1
33.256.439/0001-39,2025-06-30 03:00:00,2025,TARGET_DFC_MI_6.01_DFP,FCO,DFP,GradientBoosting,81c22b6664e1,154,raw,5452502.0,15.370829490872042,-22951108.51829538,22951139.25995436,45902247.77824974,True,22951123.88912487,0.1
33.256.439/0001-39,2025-09-30 03:00:00,2025,TARGET_DFC_MI_6.01_DFP,FCO,DFP,GradientBoosting,81c22b6664e1,154,raw,5452502.0,15.403834169445469,-22951108.485290702,22951139.29295904,45902247.77824974,True,22951123.88912487,0.1
33.592.510/0001-54,2025-03-31 03:00:00,2025,TARGET_DFC_MI_6.01_DFP,FCO,DFP,GradientBoosting,81c22b6664e1,154,raw,48765000.0,19.08801489475838,-22951104.801109977,22951142.977139764,45902247.77824974,False,22951123.88912487,0.1
33.592.510/0001-54,2025-06-30 03:00:00,2025,TARGET_DFC_MI_6.01_DFP,FCO,DFP,GradientBoosting,81c22b6664e1,154,raw,48765000.0,18.793134364664034,-22951105.095990505,22951142.682259236,45902247.77824974,False,22951123.88912487,0.1
33.592.510/0001-54,2025-09-30 03:00:00,2025,TARGET_DFC_MI_6.01_DFP,FCO,DFP,GradientBoosting,81c22b6664e1,154,raw,48765000.0,17.73696125051135,-22951106.15216362,22951141.62608612,45902247.77824974,False,22951123.88912487,0.1
33.611.500/0001-19,2025-03-31 03:00:00,2025,TARGET_DFC_MI_6.01_DFP,FCO,DFP,GradientBoosting,81c22b6664e1,154,raw,7987454.0,17.10632693455131,-22951106.782797936,22951140.995451804,45902247.77824974,True,22951123.88912487,0.1
33.611.500/0001-19,2025-06-30 03:00:00,2025,TARGET_DFC_MI_6.01_DFP,FCO,DFP,GradientBoosting,81c22b6664e1,154,raw,7987454.0,16.784245991697805,-22951107.10487888,22951140.67337086,45902247.77824974,True,22951123.88912487,0.1
33.611.500/0001-19,2025-09-30 03:00:00,2025,TARGET_DFC_MI_6.01_DFP,FCO,DFP,GradientBoosting,81c22b6664e1,154,raw,7987454.0,16.213076172037095,-22951107.6760487,22951140.10220104,45902247.77824974,True,22951123.88912487,0.1
34.274.233/0001-02,2025-03-31 03:00:00,2025,TARGET_DFC_MI_6.01_DFP,FCO,DFP,GradientBoosting,81c22b6664e1,154,raw,6666000.0,16.334290743211465,-22951107.554834127,22951140.223415613,45902247.77824974,True,22951123.88912487,0.1
34.274.233/0001-02,2025-06-30 03:00:00,2025,TARGET_DFC_MI_6.01_DFP,FCO,DFP,GradientBoosting,81c22b6664e1,154,raw,6666000.0,17.264151398430556,-22951106.624973472,22951141.15327627,45902247.77824974,True,22951123.88912487,0.1
34.274.233/0001-02,2025-09-30 03:00:00,2025,TARGET_DFC_MI_6.01_DFP,FCO,DFP,GradientBoosting,81c22b6664e1,154,raw,6666000.0,16.617128279362976,-22951107.27199659,22951140.50625315,45902247.77824974,True,22951123.88912487,0.1
47.960.950/0001-21,2025-03-31 03:00:00,2025,TARGET_DFC_MI_6.01_DFP,FCO,DFP,GradientBoosting,81c22b6664e1,154,raw,15719373.0,16.868825796824606,-22951107.020299073,22951140.757950667,45902247.77824974,True,22951123.88912487,0.1
47.960.950/0001-21,2025-06-30 03:00:00,2025,TARGET_DFC_MI_6.01_DFP,FCO,DFP,GradientBoosting,81c22b6664e1,154,raw,15719373.0,16.906527814304578,-22951106.982597057,22951140.795652684,45902247.77824974,True,22951123.88912487,0.1
47.960.950/0001-21,2025-09-30 03:00:00,2025,TARGET_DFC_MI_6.01_DFP,FCO,DFP,GradientBoosting,81c22b6664e1,154,raw,15719373.0,16.495940345654276,-22951107.393184524,22951140.385065217,45902247.77824974,True,22951123.88912487,0.1
53.113.791/0001-22,2025-03-31 03:00:00,2025,TARGET_DFC_MI_6.01_DFP,FCO,DFP,GradientBoosting,81c22b6664e1,154,raw,1203183.0,14.803827431226635,-22951109.08529744,22951138.6929523,45902247.77824974,True,22951123.88912487,0.1
53.113.791/0001-22,2025-06-30 03:00:00,2025,TARGET_DFC_MI_6.01_DFP,FCO,DFP,GradientBoosting,81c22b6664e1,154,raw,1203183.0,14.332579598580601,-22951109.556545272,22951138.221704468,45902247.77824974,True,22951123.88912487,0.1
53.113.791/0001-22,2025-09-30 03:00:00,2025,TARGET_DFC_MI_6.01_DFP,FCO,DFP,GradientBoosting,81c22b6664e1,154,raw,1203183.0,14.696202737526994,-22951109.192922134,22951138.585327607,45902247.77824974,True,22951123.88912487,0.1
61.079.117/0001-05,2025-03-31 03:00:00,2025,TARGET_DFC_MI_6.01_DFP,FCO,DFP,GradientBoosting,81c22b6664e1,154,raw,612229.0,8.769938187632471,-22951115.119186684,22951132.659063056,45902247.77824974,True,22951123.88912487,0.1
61.079.117/0001-05,2025-06-30 03:00:00,2025,TARGET_DFC_MI_6.01_DFP,FCO,DFP,GradientBoosting,81c22b6664e1,154,raw,612229.0,7.448618509709647,-22951116.44050636,22951131.33774338,45902247.77824974,True,22951123.88912487,0.1
61.079.117/0001-05,2025-09-30 03:00:00,2025,TARGET_DFC_MI_6.01_DFP,FCO,DFP,GradientBoosting,81c22b6664e1,154,raw,612229.0,9.019830569984165,-22951114.8692943,22951132.90895544,45902247.77824974,True,22951123.88912487,0.1
81.243.735/0001-48,2025-03-31 03:00:00,2025,TARGET_DFC_MI_6.01_DFP,FCO,DFP,GradientBoosting,81c22b6664e1,154,raw,297712.0,10.674459245639705,-22951113.214665625,22951134.563584115,45902247.77824974,True,22951123.88912487,0.1
81.243.735/0001-48,2025-06-30 03:00:00,2025,TARGET_DFC_MI_6.01_DFP,FCO,DFP,GradientBoosting,81c22b6664e1,154,raw,297712.0,5.489131876863186,-22951118.399992995,22951129.378256746,45902247.77824974,True,22951123.88912487,0.1
81.243.735/0001-48,2025-09-30 03:00:00,2025,TARGET_DFC_MI_6.01_DFP,FCO,DFP,GradientBoosting,81c22b6664e1,154,raw,297712.0,6.944994451408141,-22951116.94413042,22951130.83411932,45902247.77824974,True,22951123.88912487,0.1
82.901.000/0001-27,2025-03-31 03:00:00,2025,TARGET_DFC_MI_6.01_DFP,FCO,DFP,GradientBoosting,81c22b6664e1,154,raw,920024.0,8.536766981016367,-22951115.35235789,22951132.42589185,45902247.77824974,True,22951123.88912487,0.1
82.901.000/0001-27,2025-06-30 03:00:00,2025,TARGET_DFC_MI_6.01_DFP,FCO,DFP,GradientBoosting,81c22b6664e1,154,raw,920024.0,10.873483768241487,-22951113.0156411,22951134.76260864,45902247.77824974,True,22951123.88912487,0.1
82.901.000/0001-27,2025-09-30 03:00:00,2025,TARGET_DFC_MI_6.01_DFP,FCO,DFP,GradientBoosting,81c22b6664e1,154,raw,920024.0,13.64852000477352,-22951110.240604866,22951137.537644874,45902247.77824974,True,22951123.88912487,0.1
84.429.695/0001-11,2025-03-31 03:00:00,2025,TARGET_DFC_MI_6.01_DFP,FCO,DFP,GradientBoosting,81c22b6664e1,154,raw,6451033.0,16.56332419123097,-22951107.32580068,22951140.45244906,45902247.77824974,True,22951123.88912487,0.1
84.429.695/0001-11,2025-06-30 03:00:00,2025,TARGET_DFC_MI_6.01_DFP,FCO,DFP,GradientBoosting,81c22b6664e1,154,raw,6451033.0,16.657037162877582,-22951107.23208771,22951140.54616203,45902247.77824974,True,22951123.88912487,0.1
84.429.695/0001-11,2025-09-30 03:00:00,2025,TARGET_DFC_MI_6.01_DFP,FCO,DFP,GradientBoosting,81c22b6664e1,154,raw,6451033.0,14.801689815909727,-22951109.087435056,22951138.690814685,45902247.77824974,True,22951123.88912487,0.1
89.637.490/0001-45,2025-03-31 03:00:00,2025,TARGET_DFC_MI_6.01_DFP,FCO,DFP,GradientBoosting,81c22b6664e1,154,raw,6396244.0,16.828893307795905,-22951107.060231563,22951140.718018178,45902247.77824974,True,22951123.88912487,0.1
89.637.490/0001-45,2025-06-30 03:00:00,2025,TARGET_DFC_MI_6.01_DFP,FCO,DFP,GradientBoosting,81c22b6664e1,154,raw,6396244.0,16.65680795006879,-22951107.23231692,22951140.545932822,45902247.77824974,True,22951123.88912487,0.1
89.637.490/0001-45,2025-09-30 03:00:00,2025,TARGET_DFC_MI_6.01_DFP,FCO,DFP,GradientBoosting,81c22b6664e1,154,raw,6396244.0,16.27510226632199,-22951107.614022605,22951140.164227135,45902247.77824974,True,22951123.88912487,0.1
92.754.738/0001-62,2025-03-31 03:00:00,2025,TARGET_DFC_MI_6.01_DFP,FCO,DFP,GradientBoosting,81c22b6664e1,154,raw,2801957.0,7.85386260188999,-22951116.035262268,22951131.742987473,45902247.77824974,True,22951123.88912487,0.1
92.754.738/0001-62,2025-06-30 03:00:00,2025,TARGET_DFC_MI_6.01_DFP,FCO,DFP,GradientBoosting,81c22b6664e1,154,raw,2801957.0,5.52964792890317,-22951118.359476943,22951129.418772798,45902247.77824974,True,22951123.88912487,0.1
92.754.738/0001-62,2025-09-30 03:00:00,2025,TARGET_DFC_MI_6.01_DFP,FCO,DFP,GradientBoosting,81c22b6664e1,154,raw,2801957.0,-0.23983058637760668,-22951124.128955457,22951123.649294283,45902247.77824974,True,22951123.88912487,0.1
